bn:00023310n;0;4;cours;0.0;0.0;0.0
bn:00023310n;6;9;cour;0.0;0.0;0.0
bn:00045087n;11;14;HTML;1.0;0.003915553153006201;0.5552147239263804
bn:01753580n;18;20;PHP;1.0;0.003814765433989763;0.5368098159509203
bn:00023310n;22;26;cours;0.0;0.0;0.0
bn:00023310n;28;31;cour;0.0;0.0;0.0
bn:00045087n;33;36;HTML;1.0;0.003915553153006201;0.5552147239263804
bn:01753580n;40;42;PHP;1.0;0.003814765433989763;0.5368098159509203
bn:00023310n;83;87;cours;0.0;0.0;0.0
bn:00023310n;89;92;cour;0.0;0.0;0.0
bn:00045087n;94;97;HTML;1.0;0.003915553153006201;0.5552147239263804
bn:01753580n;101;103;PHP;1.0;0.003814765433989763;0.5368098159509203
bn:00060158n;105;108;page;0.0;0.0;0.0
bn:00080778n;105;112;page Web;1.0;0.0035083409297103465;0.5398773006134969
bn:00080778n;110;112;Web;0.0;0.0;0.0
bn:00060158n;114;117;page;0.0;0.0;0.0
bn:00080778n;114;121;page Web;1.0;0.0035083409297103465;0.5398773006134969
bn:03576307n;114;130;page Web statique;1.0;0.0012678034128909812;0.39263803680981596
bn:00080778n;119;121;Web;0.0;0.0;0.0
bn:00102102a;123;130;statique;0.0;0.0;0.0
bn:00081608n;132;157;principe de fonctionnement;1.0;1.6576927469808855e-07;0.006134969325153374
bn:00059128n;144;157;fonctionnement;0.8593220338983051;4.2022511135965454e-05;0.07975460122699386
bn:00079373n;165;175;utilisateur;0.8759089621305128;0.0015375100228247713;0.4294478527607362
bn:00082817v;177;183;demande;0.0;0.0;0.0
bn:00000663n;189;193;accès;0.0;0.0;0.0
bn:00060158n;197;200;page;0.0;0.0;0.0
bn:00080778n;197;204;page Web;1.0;0.0035083409297103465;0.5398773006134969
bn:00080778n;202;204;Web;0.0;0.0;0.0
bn:00013447n;213;222;navigateur;0.9957668832447332;0.005030268640713497;0.6441717791411042
bn:00074600n;226;232;adresse;0.0;0.0;0.0
bn:00060963n;234;238;taper;0.9513513513513514;7.293848086715897e-06;0.03374233128834356
bn:00019756n;242;245;clic;0.0;0.0;0.0
bn:00045513n;251;254;lien;0.7015322984476715;0.002902951538512927;0.5398773006134969
bn:00030627n;258;268;utilisation;0.0;0.0;0.0
bn:00012136n;274;279;signet;1.0;0.0008570271501891179;0.3374233128834356
bn:00013447n;291;300;navigateur;0.9957668832447332;0.005030268640713497;0.6441717791411042
bn:00093485v;302;308;envoyer;0.0;0.0;0.0
bn:00082817v;310;316;demande;0.0;0.0;0.0
bn:00080344n;320;326;serveur;0.0;0.0;0.0
bn:02705179n;320;330;serveur Web;0.7150364963503649;0.002232829245545904;0.48466257668711654
bn:00080778n;328;330;Web;0.0;0.0;0.0
bn:00080344n;334;340;serveur;0.0;0.0;0.0
bn:02705179n;334;344;serveur Web;0.7150364963503649;0.002232829245545904;0.48466257668711654
bn:00080778n;342;344;Web;0.0;0.0;0.0
bn:00066357n;346;349;lire;1.0;7.985934808580417e-05;0.12576687116564417
bn:00021475n;351;357;fichier;0.8217218485192627;0.004677801720386687;0.6595092024539877
bn:00082817v;359;366;demander;0.0;0.0;0.0
bn:00027459n;372;377;disque;0.0;0.0;0.0
bn:00073359n;372;381;disque dur;0.818566989925619;0.003602995185562955;0.6349693251533742
bn:00103937a;379;381;dur;0.0;0.0;0.0
bn:00080344n;385;391;serveur;0.0;0.0;0.0
bn:02705179n;385;395;serveur Web;0.7150364963503649;0.002232829245545904;0.48466257668711654
bn:00080778n;393;395;Web;0.0;0.0;0.0
bn:00093485v;397;403;envoyer;0.0;0.0;0.0
bn:00022154n;405;411;contenu;0.0;0.0;0.0
bn:00021475n;413;419;fichier;0.8217218485192627;0.004677801720386687;0.6595092024539877
bn:00013447n;421;430;navigateur;0.9957668832447332;0.005030268640713497;0.6441717791411042
bn:00013447n;434;443;navigateur;0.9957668832447332;0.005030268640713497;0.6441717791411042
bn:00087013v;445;452;afficher;0.8865248226950354;2.590144917157634e-05;0.07668711656441718
bn:00083225v;454;460;contenu;0.0;0.0;0.0
bn:00060158n;465;468;page;0.0;0.0;0.0
bn:00010421n;481;489;affichage;0.9250985545335085;0.00017505235408118153;0.147239263803681
bn:00084451v;493;499;pouvoir;0.9883040935672515;1.4007503711988483e-05;0.03987730061349693
bn:00022154n;510;516;contenu;0.0;0.0;0.0
bn:00101268a;522;526;autre;0.0;0.0;0.0
bn:00021475n;528;534;fichier;0.8217218485192627;0.004677801720386687;0.6595092024539877
bn:00080344n;536;542;serveur;0.0;0.0;0.0
bn:00045772n;548;552;image;0.0;0.0;0.0
bn:00023310n;558;562;cours;0.0;0.0;0.0
bn:00023310n;564;567;cour;0.0;0.0;0.0
bn:00045087n;569;572;HTML;1.0;0.003915553153006201;0.5552147239263804
bn:01753580n;576;578;PHP;1.0;0.003814765433989763;0.5368098159509203
bn:00060158n;580;583;page;0.0;0.0;0.0
bn:00080778n;580;587;page Web;1.0;0.0035083409297103465;0.5398773006134969
bn:00080778n;585;587;Web;0.0;0.0;0.0
bn:00045963n;589;600;illustration;0.0;0.0;0.0
bn:00052817n;602;607;poster;0.0;0.0;0.0
bn:00019764n;609;614;client;0.9093620604954734;0.0021479553769004826;0.44785276073619634
bn:03496583n;609;622;client serveur;1.0;0.0020510217935207752;0.4325153374233129
bn:00080344n;616;622;serveur;0.0;0.0;0.0
bn:00080344n;624;630;serveur;0.0;0.0;0.0
bn:02705179n;624;634;serveur Web;0.7150364963503649;0.002232829245545904;0.48466257668711654
bn:00080778n;632;634;Web;0.0;0.0;0.0
bn:00013447n;636;645;navigateur;0.9957668832447332;0.005030268640713497;0.6441717791411042
bn:00026104n;653;659;demande;0.0;0.0;0.0
bn:00080778n;683;685;Web;0.0;0.0;0.0
bn:00083225v;693;700;contenir;0.0;0.0;0.0
bn:00083225v;724;731;contenir;0.0;0.0;0.0
bn:00000663n;755;759;accès;0.0;0.0;0.0
bn:00023310n;793;797;cours;0.0;0.0;0.0
bn:00023310n;799;802;cour;0.0;0.0;0.0
bn:00045087n;804;807;HTML;1.0;0.003915553153006201;0.5552147239263804
bn:01753580n;811;813;PHP;1.0;0.003814765433989763;0.5368098159509203
bn:00060158n;815;818;page;0.0;0.0;0.0
bn:00080778n;815;822;page Web;1.0;0.0035083409297103465;0.5398773006134969
bn:00080778n;820;822;Web;0.0;0.0;0.0
bn:00060158n;824;827;page;0.0;0.0;0.0
bn:00080778n;824;831;page Web;1.0;0.0035083409297103465;0.5398773006134969
bn:00937946n;824;841;page Web dynamique;1.0;0.0017903081667393565;0.41411042944785276
bn:00080778n;829;831;Web;0.0;0.0;0.0
bn:00101917a;833;841;dynamique;0.0;0.0;0.0
bn:00060158n;843;846;page;0.0;0.0;0.0
bn:00102102a;848;855;statique;0.0;0.0;0.0
bn:00082553v;864;870;changer;0.0;0.0;0.0
bn:00083225v;872;878;contenu;0.0;0.0;0.0
bn:00084099v;890;895;éditer;0.0;0.0;0.0
bn:00021475n;897;903;fichier;0.8217218485192627;0.004677801720386687;0.6595092024539877
bn:00045800n;907;910;idée;0.0;0.0;0.0
bn:00088725v;914;920;générer;0.0;0.0;0.0
bn:00083225v;922;928;contenu;0.0;0.0;0.0
bn:00060158n;933;936;page;0.0;0.0;0.0
bn:00010728n;938;943;moment;0.0;0.0;0.0
bn:00083187v;945;948;être;0.0;0.0;0.0
bn:00082817v;950;957;demander;0.0;0.0;0.0
bn:00036821n;964;971;fonction;0.0;0.0;0.0
bn:00022154n;975;981;contenu;0.0;0.0;0.0
bn:00008786n;987;990;base;0.0;0.0;0.0
bn:00025333n;987;1000;base de donnée;1.0;0.005297820250076212;0.6165644171779141
bn:00025314n;995;1000;donnée;0.8131107007853424;0.0042521476652806695;0.6932515337423313
bn:00060585n;1007;1015;paramètre;0.0;0.0;0.0
bn:00088643v;1017;1023;fournir;0.0;0.0;0.0
bn:00026104n;1030;1036;demande;0.0;0.0;0.0
bn:14352118n;1042;1051;formulaire;0.0;0.0;0.0
bn:00023310n;1057;1061;cours;0.0;0.0;0.0
bn:00023310n;1063;1066;cour;0.0;0.0;0.0
bn:00045087n;1068;1071;HTML;1.0;0.003915553153006201;0.5552147239263804
bn:01753580n;1075;1077;PHP;1.0;0.003814765433989763;0.5368098159509203
bn:00060158n;1079;1082;page;0.0;0.0;0.0
bn:00080778n;1079;1086;page Web;1.0;0.0035083409297103465;0.5398773006134969
bn:00080778n;1084;1086;Web;0.0;0.0;0.0
bn:00060158n;1088;1091;page;0.0;0.0;0.0
bn:00080778n;1088;1095;page Web;1.0;0.0035083409297103465;0.5398773006134969
bn:00937946n;1088;1105;page Web dynamique;1.0;0.0017903081667393565;0.41411042944785276
bn:00080778n;1093;1095;Web;0.0;0.0;0.0
bn:00101917a;1097;1105;dynamique;0.0;0.0;0.0
bn:00059128n;1109;1122;fonctionnement;0.8593220338983051;4.2022511135965454e-05;0.07975460122699386
bn:00079373n;1128;1138;utilisateur;0.8759089621305128;0.0015375100228247713;0.4294478527607362
bn:00082817v;1140;1146;demande;0.0;0.0;0.0
bn:00000663n;1152;1156;accès;0.0;0.0;0.0
bn:00060158n;1160;1163;page;0.0;0.0;0.0
bn:00080778n;1160;1167;page Web;1.0;0.0035083409297103465;0.5398773006134969
bn:00080778n;1165;1167;Web;0.0;0.0;0.0
bn:00013447n;1176;1185;navigateur;0.9957668832447332;0.005030268640713497;0.6441717791411042
bn:00013447n;1189;1198;navigateur;0.9957668832447332;0.005030268640713497;0.6441717791411042
bn:00088769v;1200;1210;transmettre;0.0;0.0;0.0
bn:00093485v;1212;1218;envoyer;0.0;0.0;0.0
bn:00082817v;1220;1226;demande;0.0;0.0;0.0
bn:00080344n;1228;1234;serveur;0.0;0.0;0.0
bn:02705179n;1228;1238;serveur web;0.7150364963503649;0.002232829245545904;0.48466257668711654
bn:00080778n;1236;1238;web;0.0;0.0;0.0
bn:00082727v;1240;1249;comprendre;0.0;0.0;0.0
bn:00056758n;1253;1255;nom;0.0;0.0;0.0
bn:00060158n;1260;1263;page;0.0;0.0;0.0
bn:00082477v;1267;1278;correspondre;0.0;0.0;0.0
bn:00087107v;1283;1286;fait;0.0;0.0;0.0
bn:00023295n;1290;1298;programme;0.0;0.0;0.0
bn:00117320r;1302;1309;ensemble;0.0;0.0;0.0
bn:00060585n;1314;1322;paramètre;0.0;0.0;0.0
bn:00080344n;1326;1332;serveur;0.0;0.0;0.0
bn:02705179n;1326;1336;serveur web;0.7150364963503649;0.002232829245545904;0.48466257668711654
bn:00080778n;1334;1336;web;0.0;0.0;0.0
bn:00087905v;1338;1342;aller;0.0;0.0;0.0
bn:00090460v;1344;1351;chercher;0.0;0.0;0.0
bn:00027459n;1357;1362;disque;0.0;0.0;0.0
bn:00072947n;1364;1374;code source;0.9990315238971479;0.004274982382870332;0.598159509202454
bn:00040284n;1369;1374;source;0.0;0.0;0.0
bn:00023295n;1380;1388;programme;0.0;0.0;0.0
bn:00080344n;1392;1398;serveur;0.0;0.0;0.0
bn:02705179n;1392;1402;serveur web;0.7150364963503649;0.002232829245545904;0.48466257668711654
bn:00080778n;1400;1402;web;0.0;0.0;0.0
bn:00087823v;1404;1411;exécuter;0.0;0.0;0.0
bn:00023295n;1413;1421;programme;0.0;0.0;0.0
bn:00084451v;1423;1429;pouvoir;0.9883040935672515;1.4007503711988483e-05;0.03987730061349693
bn:00082705v;1433;1440;utiliser;0.0;0.0;0.0
bn:00060585n;1442;1450;paramètre;0.0;0.0;0.0
bn:00088769v;1452;1462;transmettre;0.0;0.0;0.0
bn:00026104n;1469;1475;demande;0.0;0.0;0.0
bn:00013447n;1477;1486;navigateur;0.9957668832447332;0.005030268640713497;0.6441717791411042
bn:00087905v;1490;1494;aller;0.0;0.0;0.0
bn:00090460v;1496;1503;chercher;0.0;0.0;0.0
bn:00008786n;1517;1520;base;0.0;0.0;0.0
bn:00025333n;1517;1530;base de donnée;1.0;0.005297820250076212;0.6165644171779141
bn:00025314n;1525;1530;donnée;0.8131107007853424;0.0042521476652806695;0.6932515337423313
bn:00027459n;1536;1541;disque;0.0;0.0;0.0
bn:00019966n;1556;1564;exécution;0.0;0.0;0.0
bn:00023295n;1568;1576;programme;0.0;0.0;0.0
bn:00088725v;1578;1584;générer;0.0;0.0;0.0
bn:00083225v;1586;1592;contenu;0.0;0.0;0.0
bn:00045087n;1594;1597;HTML;1.0;0.003915553153006201;0.5552147239263804
bn:00022154n;1601;1607;contenu;0.0;0.0;0.0
bn:00045087n;1609;1612;HTML;1.0;0.003915553153006201;0.5552147239263804
bn:00083187v;1614;1617;être;0.0;0.0;0.0
bn:00093485v;1619;1625;envoyer;0.0;0.0;0.0
bn:00013447n;1627;1636;navigateur;0.9957668832447332;0.005030268640713497;0.6441717791411042
bn:00013447n;1640;1649;navigateur;0.9957668832447332;0.005030268640713497;0.6441717791411042
bn:00087013v;1651;1658;afficher;0.8865248226950354;2.590144917157634e-05;0.07668711656441718
bn:00021961n;1660;1667;résultat;0.0;0.0;0.0
bn:00023310n;1671;1675;cours;0.0;0.0;0.0
bn:00023310n;1677;1680;cour;0.0;0.0;0.0
bn:00045087n;1682;1685;HTML;1.0;0.003915553153006201;0.5552147239263804
bn:01753580n;1689;1691;PHP;1.0;0.003814765433989763;0.5368098159509203
bn:00060158n;1693;1696;page;0.0;0.0;0.0
bn:00080778n;1693;1700;page Web;1.0;0.0035083409297103465;0.5398773006134969
bn:00080778n;1698;1700;Web;0.0;0.0;0.0
bn:00045963n;1702;1713;illustration;0.0;0.0;0.0
bn:00020407n;1721;1730;génération;0.0;0.0;0.0
bn:00022154n;1732;1738;contenu;0.0;0.0;0.0
bn:00045087n;1740;1743;HTML;1.0;0.003915553153006201;0.5552147239263804
bn:00006362n;1751;1757;requête;0.0;0.0;0.0
bn:00021961n;1759;1766;résultat;0.0;0.0;0.0
bn:00052817n;1768;1773;poster;0.0;0.0;0.0
bn:00019764n;1775;1780;client;0.9093620604954734;0.0021479553769004826;0.44785276073619634
bn:03496583n;1775;1788;client serveur;1.0;0.0020510217935207752;0.4325153374233129
bn:00080344n;1782;1788;serveur;0.0;0.0;0.0
bn:00080344n;1790;1796;serveur;0.0;0.0;0.0
bn:00080344n;1798;1804;serveur;0.0;0.0;0.0
bn:02705179n;1798;1808;serveur Web;0.7150364963503649;0.002232829245545904;0.48466257668711654
bn:00080778n;1806;1808;Web;0.0;0.0;0.0
bn:00013447n;1810;1819;navigateur;0.9957668832447332;0.005030268640713497;0.6441717791411042
bn:00025335n;1821;1824;SGBD;0.0;0.0;0.0
bn:00080778n;1826;1828;Web;0.0;0.0;0.0
bn:00022154n;1836;1842;contenu;0.0;0.0;0.0
bn:00045087n;1844;1847;HTML;1.0;0.003915553153006201;0.5552147239263804
bn:01753580n;1857;1859;PHP;1.0;0.003814765433989763;0.5368098159509203
bn:00026104n;1867;1873;demande;0.0;0.0;0.0
bn:00027459n;1909;1914;disque;0.0;0.0;0.0
bn:00000663n;1922;1926;accès;0.0;0.0;0.0
bn:00040284n;1964;1969;source;0.0;0.0;0.0
bn:00023310n;1987;1991;cours;0.0;0.0;0.0
bn:00023310n;1993;1996;cour;0.0;0.0;0.0
bn:00045087n;1998;2001;HTML;1.0;0.003915553153006201;0.5552147239263804
bn:01753580n;2005;2007;PHP;1.0;0.003814765433989763;0.5368098159509203
bn:00060158n;2009;2012;page;0.0;0.0;0.0
bn:00080778n;2009;2016;page Web;1.0;0.0035083409297103465;0.5398773006134969
bn:00080778n;2014;2016;Web;0.0;0.0;0.0
bn:00049910n;2018;2024;langage;0.8412854414300814;0.003760310227251441;0.656441717791411
bn:00049910n;2026;2032;langage;0.8412854414300814;0.003760310227251441;0.656441717791411
bn:00082705v;2034;2041;utiliser;0.0;0.0;0.0
bn:00083225v;2050;2056;contenu;0.0;0.0;0.0
bn:00060158n;2058;2061;page;0.0;0.0;0.0
bn:00088815v;2065;2070;donner;0.0;0.0;0.0
bn:00087013v;2074;2081;afficher;0.8865248226950354;2.590144917157634e-05;0.07668711656441718
bn:00090224v;2083;2088;mettre;0.0;0.0;0.0
bn:00035908n;2093;2097;forme;0.0;0.0;0.0
bn:00045087n;2101;2104;HTML;1.0;0.003915553153006201;0.5552147239263804
bn:00055423n;2114;2123;JavaScript;1.0;0.0029981445445083042;0.48773006134969327
bn:00088725v;2140;2146;générer;0.0;0.0;0.0
bn:00022154n;2148;2154;contenu;0.0;0.0;0.0
bn:00060158n;2156;2159;page;0.0;0.0;0.0
bn:00087905v;2163;2167;aller;0.0;0.0;0.0
bn:00090460v;2169;2176;chercher;0.0;0.0;0.0
bn:00085678v;2185;2193;fabriquer;0.0;0.0;0.0
bn:00028015n;2195;2202;document;0.0;0.0;0.0
bn:00037663n;2209;2215;général;0.0;0.0;0.0
bn:00028015n;2217;2224;document;0.0;0.0;0.0
bn:00045087n;2226;2229;HTML;1.0;0.003915553153006201;0.5552147239263804
bn:01753580n;2235;2237;PHP;1.0;0.003814765433989763;0.5368098159509203
bn:01723165n;2241;2244;Perl;1.0;0.003148704488252843;0.49693251533742333
bn:01713224n;2248;2253;python;0.9997042631602894;0.003642365388303751;0.5736196319018405
bn:00048043n;2257;2260;java;0.7929422964581666;0.004556458611307686;0.6165644171779141
bn:00084423v;2277;2286;interroger;0.0;0.0;0.0
bn:00008786n;2288;2291;base;0.0;0.0;0.0
bn:00006362n;2295;2301;requête;0.0;0.0;0.0
bn:00087491v;2305;2313;effectuer;0.0;0.0;0.0
bn:00008786n;2319;2322;base;0.0;0.0;0.0
bn:02266432n;2328;2330;SQL;1.0;0.0017907225899261017;0.4570552147239264
bn:00023310n;2332;2336;cours;0.0;0.0;0.0
bn:00023310n;2338;2341;cour;0.0;0.0;0.0
bn:00045087n;2343;2346;HTML;1.0;0.003915553153006201;0.5552147239263804
bn:01753580n;2350;2352;PHP;1.0;0.003814765433989763;0.5368098159509203
bn:00060158n;2354;2357;page;0.0;0.0;0.0
bn:00080778n;2354;2361;page Web;1.0;0.0035083409297103465;0.5398773006134969
bn:00080778n;2359;2361;Web;0.0;0.0;0.0
bn:00023652n;2363;2370;création;0.0;0.0;0.0
bn:00060158n;2375;2378;page;0.0;0.0;0.0
bn:00101917a;2380;2388;dynamique;0.0;0.0;0.0
bn:00062279n;2395;2399;cadre;0.0;0.0;0.0
bn:00086008v;2408;2412;créer;0.0;0.0;0.0
bn:00060158n;2414;2417;page;0.0;0.0;0.0
bn:00101917a;2419;2427;dynamique;0.0;0.0;0.0
bn:00086008v;2441;2445;créer;0.0;0.0;0.0
bn:00023295n;2447;2455;programme;0.0;0.0;0.0
bn:01753580n;2457;2459;PHP;1.0;0.003814765433989763;0.5368098159509203
bn:00082477v;2461;2472;correspondre;0.0;0.0;0.0
bn:00060158n;2476;2479;page;0.0;0.0;0.0
bn:00092123v;2485;2490;écrire;0.0;0.0;0.0
bn:00072947n;2492;2502;code source;0.9990315238971479;0.004274982382870332;0.598159509202454
bn:00040284n;2497;2502;source;0.0;0.0;0.0
bn:00023295n;2507;2515;programme;0.0;0.0;0.0
bn:00023295n;2526;2534;programme;0.0;0.0;0.0
bn:00083187v;2536;2539;être;0.0;0.0;0.0
bn:00088725v;2544;2550;générer;0.0;0.0;0.0
bn:00022154n;2552;2558;contenu;0.0;0.0;0.0
bn:00060158n;2564;2567;page;0.0;0.0;0.0
bn:00080778n;2564;2571;page Web;1.0;0.0035083409297103465;0.5398773006134969
bn:00080778n;2569;2571;Web;0.0;0.0;0.0
bn:00045087n;2582;2585;HTML;1.0;0.003915553153006201;0.5552147239263804
bn:00020407n;2589;2598;génération;0.0;0.0;0.0
bn:00087107v;2600;2604;faire;0.0;0.0;0.0
bn:02036189n;2606;2608;via;1.0;3.3568278126362936e-06;0.027607361963190184
bn:00092123v;2623;2628;écrire;0.0;0.0;0.0
bn:00021475n;2635;2641;fichier;0.8217218485192627;0.004677801720386687;0.6595092024539877
bn:00023295n;2645;2653;programme;0.0;0.0;0.0
bn:00084451v;2655;2661;pouvoir;0.9883040935672515;1.4007503711988483e-05;0.03987730061349693
bn:00082705v;2663;2670;utiliser;0.0;0.0;0.0
bn:00006362n;2672;2678;requête;0.0;0.0;0.0
bn:02266432n;2680;2682;SQL;1.0;0.0017907225899261017;0.4570552147239264
bn:00006362n;2686;2692;requête;0.0;0.0;0.0
bn:00083187v;2694;2697;être;0.0;0.0;0.0
bn:00091458v;2699;2704;passer;0.0;0.0;0.0
bn:00035908n;2711;2715;forme;0.0;0.0;0.0
bn:00017748n;2732;2740;caractère;0.0;0.0;0.0
bn:00036821n;2744;2751;fonction;0.0;0.0;0.0
bn:00102635a;2753;2759;spécial;0.0;0.0;0.0
bn:00087905v;2761;2765;aller;0.0;0.0;0.0
bn:00088769v;2767;2777;transmettre;0.0;0.0;0.0
bn:00025335n;2779;2782;SGBD;0.0;0.0;0.0
bn:00088210v;2784;2792;récupérer;0.7142857142857143;2.90096230721655e-06;0.02147239263803681
bn:00021961n;2794;2801;résultat;0.0;0.0;0.0
bn:00020977n;2805;2812;remarque;0.8522727272727273;9.324521701767482e-06;0.046012269938650305
bn:00099598a;2820;2828;principal;0.0;0.0;0.0
bn:00023295n;2834;2842;programme;0.0;0.0;0.0
bn:01753580n;2844;2846;PHP;1.0;0.003814765433989763;0.5368098159509203
bn:00086013v;2851;2858;produire;0.0;0.0;0.0
bn:00060158n;2860;2863;page;0.0;0.0;0.0
bn:00085719v;2872;2877;rester;0.0;0.0;0.0
bn:00023295n;2879;2887;programme;0.0;0.0;0.0
bn:00063940n;2889;2895;pouvoir;0.7298033641317223;0.0014206867767289615;0.25523012552301255
bn:03684159n;2901;2910;conséquent;1.0;5.188354565233182e-05;0.06276150627615062
bn:00089240v;2912;2916;avoir;0.0;0.0;0.0
bn:00101268a;2922;2926;autre;0.0;0.0;0.0
bn:00029871n;2928;2932;effet;0.0;0.0;0.0
bn:00087681v;2938;2944;insérer;0.0;0.0;0.0
bn:00029680n;2946;2951;valeur;0.0;0.0;0.0
bn:00008786n;2958;2961;base;0.0;0.0;0.0
bn:00023310n;2977;2981;cours;0.0;0.0;0.0
bn:00023310n;2983;2986;cour;0.0;0.0;0.0
bn:01753580n;2995;2997;PHP;1.0;0.0022275335600067795;0.2928870292887029
bn:00022071n;3004;3012;structure;0.0;0.0;0.0
bn:03276801n;3004;3020;structure de base;0.0;0.0;0.0
bn:00008786n;3017;3020;base;0.0;0.0;0.0
bn:00021475n;3038;3044;fichier;0.8648832464293811;0.00527828604436389;0.4560669456066946
bn:00028018n;3038;3050;fichier texte;1.0;0.007546173473211373;0.497907949790795
bn:00076732n;3046;3050;texte;0.7759993692344083;0.00907800633440444;0.5564853556485355
bn:00083225v;3052;3059;contenir;0.0;0.0;0.0
bn:00046705n;3061;3071;information;0.7080126754187415;0.014786579917378336;0.6861924686192469
bn:14636497n;3076;3088;structuration;0.9959514170040485;0.00022690403965286448;0.100418410041841
bn:00022071n;3092;3100;structure;0.0;0.0;0.0
bn:00083187v;3102;3105;être;0.0;0.0;0.0
bn:00086679v;3107;3114;indiquer;0.0;0.0;0.0
bn:00082481v;3122;3125;aide;0.0;0.0;0.0
bn:00947370n;3130;3135;balise;0.0;0.0;0.0
bn:00056758n;3139;3141;nom;0.0;0.0;0.0
bn:00947370n;3146;3151;balise;0.0;0.0;0.0
bn:00086679v;3153;3160;indiquer;0.0;0.0;0.0
bn:00016413n;3162;3165;type;0.0;0.0;0.0
bn:01681906n;3170;3182;mise en forme;1.0;0.002528458124790304;0.35564853556485354
bn:00035908n;3178;3182;forme;0.0;0.0;0.0
bn:00084595v;3186;3194;appliquer;0.0;0.0;0.0
bn:00090224v;3198;3203;mettre;0.0;0.0;0.0
bn:00947370n;3205;3210;balise;0.0;0.0;0.0
bn:00091165v;3212;3218;ouvrant;0.0;0.0;0.0
bn:00062297n;3226;3232;morceau;0.0;0.0;0.0
bn:00076732n;3237;3241;texte;0.7759993692344083;0.00907800633440444;0.5564853556485355
bn:00083240v;3243;3251;concerner;0.8433079434167573;0.00017870999058025404;0.10460251046025104
bn:00056758n;3257;3259;nom;0.0;0.0;0.0
bn:00009633n;3271;3275;début;0.0;0.0;0.0
bn:00076732n;3277;3281;texte;0.7759993692344083;0.00907800633440444;0.5564853556485355
bn:00090224v;3283;3288;mettre;0.0;0.0;0.0
bn:00947370n;3290;3295;balise;0.0;0.0;0.0
bn:00085162v;3297;3303;fermant;0.0;0.0;0.0
bn:00030720n;3307;3309;fin;0.0;0.0;0.0
bn:00076732n;3311;3315;texte;0.7941016826488149;0.009108675274723374;0.5564853556485355
bn:00083240v;3317;3325;concerner;0.8442265795206971;0.00017870999058025404;0.10460251046025104
bn:00030720n;3329;3331;fin;0.0;0.0;0.0
bn:00076732n;3333;3337;texte;0.7941016826488149;0.009108675274723374;0.5564853556485355
bn:00056758n;3343;3345;nom;0.0;0.0;0.0
bn:00947370n;3347;3352;balise;0.0;0.0;0.0
bn:00947370n;3364;3369;balise;0.0;0.0;0.0
bn:00091165v;3371;3377;ouvrant;0.0;0.0;0.0
bn:00084451v;3379;3385;pouvoir;1.0;4.6118707246517174e-07;0.0041841004184100415
bn:00083225v;3387;3394;contenir;0.0;0.0;0.0
bn:02910696n;3396;3403;attribut;0.0;0.0;0.0
bn:00035908n;3408;3412;forme;0.0;0.0;0.0
bn:00056758n;3414;3416;nom;0.0;0.0;0.0
bn:00029680n;3424;3429;valeur;0.0;0.0;0.0
bn:00056758n;3437;3439;nom;0.0;0.0;0.0
bn:00076732n;3495;3499;texte;0.7941016826488149;0.009108675274723374;0.5564853556485355
bn:02910696n;3501;3508;attribut;0.0;0.0;0.0
bn:00082537v;3510;3518;permettre;0.0;0.0;0.0
bn:00082412v;3523;3530;préciser;0.0;0.0;0.0
bn:00046705n;3532;3542;information;0.7090718579385651;0.01482439725732048;0.6861924686192469
bn:00083240v;3544;3552;concerner;0.8442265795206971;0.00017870999058025404;0.10460251046025104
bn:01681906n;3554;3566;mise en forme;1.0;0.002528458124790304;0.35564853556485354
bn:00035908n;3562;3566;forme;0.0;0.0;0.0
bn:00947370n;3570;3575;balise;0.0;0.0;0.0
bn:00084451v;3577;3583;pouvoir;1.0;4.6118707246517174e-07;0.0041841004184100415
bn:00083187v;3585;3588;être;0.0;0.0;0.0
bn:00083187v;3606;3609;être;0.0;0.0;0.0
bn:00013447n;3611;3620;navigateur;0.9938132733408324;0.005704422899321709;0.4769874476987448
bn:00089840v;3622;3632;interpréter;0.0;0.0;0.0
bn:00947370n;3634;3639;balise;0.0;0.0;0.0
bn:00087107v;3646;3650;faire;0.0;0.0;0.0
bn:00010421n;3656;3664;affichage;0.9484536082474226;0.0005091505280015496;0.19246861924686193
bn:00023310n;3668;3672;cours;0.0;0.0;0.0
bn:00023310n;3674;3677;cour;0.0;0.0;0.0
bn:01753580n;3686;3688;PHP;1.0;0.0022275335600067795;0.2928870292887029
bn:00022071n;3695;3703;structure;0.0;0.0;0.0
bn:03276801n;3695;3711;structure de base;0.0;0.0;0.0
bn:00008786n;3708;3711;base;0.0;0.0;0.0
bn:00022071n;3713;3721;structure;0.0;0.0;0.0
bn:00060158n;3727;3730;page;0.0;0.0;0.0
bn:00089240v;3747;3751;avoir;0.0;0.0;0.0
bn:00022071n;3753;3761;structure;0.0;0.0;0.0
bn:00103172a;3763;3769;suivant;0.0;0.0;0.0
bn:02338897n;3784;3787;head;0.9493670886075949;0.00015565063695699546;0.10460251046025104
bn:00043320n;3801;3805;titre;0.0;0.0;0.0
bn:00060158n;3810;3813;page;0.0;0.0;0.0
bn:02338897n;3831;3834;head;0.9493670886075949;0.00015565063695699546;0.10460251046025104
bn:00011776n;3840;3843;body;0.0;0.0;0.0
bn:00021395n;3847;3852;partie;0.0;0.0;0.0
bn:00087013v;3854;3861;afficher;0.9166666666666666;2.0292231188467555e-05;0.03347280334728033
bn:00013447n;3868;3877;navigateur;0.9938132733408324;0.005704422899321709;0.4769874476987448
bn:00011776n;3885;3888;body;0.0;0.0;0.0
bn:00020978n;3903;3913;commentaire;0.9077904929577465;0.0009511983369594166;0.2301255230125523
bn:00087013v;3917;3924;afficher;0.9166666666666666;2.0292231188467555e-05;0.03347280334728033
bn:00083187v;3928;3931;être;0.0;0.0;0.0
bn:00086464v;3933;3941;délimiter;1.0;0.00026149307008775235;0.08786610878661087
bn:00023310n;3961;3965;cours;0.0;0.0;0.0
bn:00023310n;3967;3970;cour;0.0;0.0;0.0
bn:01753580n;3979;3981;PHP;1.0;0.0022275335600067795;0.2928870292887029
bn:00022071n;3988;3996;structure;0.0;0.0;0.0
bn:03276801n;3988;4004;structure de base;0.0;0.0;0.0
bn:00008786n;4001;4004;base;0.0;0.0;0.0
bn:00022071n;4006;4014;structure;0.0;0.0;0.0
bn:00060556n;4018;4027;paragraphe;0.0;0.0;0.0
bn:00043320n;4029;4033;titre;0.0;0.0;0.0
bn:00076732n;4041;4045;texte;0.7759993692344083;0.00907800633440444;0.5564853556485355
bn:00076732n;4055;4059;texte;0.7759993692344083;0.00907800633440444;0.5564853556485355
bn:00060556n;4068;4077;paragraphe;0.0;0.0;0.0
bn:00012411n;4081;4084;saut;0.0;0.0;0.0
bn:17065141n;4081;4093;saut de ligne;0.0;0.0;0.0
bn:00014457n;4089;4093;ligne;0.0;0.0;0.0
bn:00076732n;4117;4121;texte;0.7759993692344083;0.00907800633440444;0.5564853556485355
bn:00076732n;4137;4141;texte;0.7759993692344083;0.00907800633440444;0.5564853556485355
bn:00083187v;4143;4146;être;0.0;0.0;0.0
bn:00043320n;4148;4152;titre;0.0;0.0;0.0
bn:00104680a;4154;4162;important;0.0;0.0;0.0
bn:00060556n;4166;4175;paragraphe;0.0;0.0;0.0
bn:00010421n;4182;4190;affichage;0.9484536082474226;0.0005091505280015496;0.19246861924686193
bn:00111826a;4192;4195;gros;0.0;0.0;0.0
bn:00011848n;4202;4205;gras;0.9613629449345908;0.0014573511489899427;0.3305439330543933
bn:00076732n;4223;4227;texte;0.7759993692344083;0.00907800633440444;0.5564853556485355
bn:00076732n;4243;4247;texte;0.7759993692344083;0.00907800633440444;0.5564853556485355
bn:00083187v;4249;4252;être;0.0;0.0;0.0
bn:00043320n;4254;4258;titre;0.0;0.0;0.0
bn:00104680a;4260;4268;important;0.0;0.0;0.0
bn:00010421n;4272;4280;affichage;0.9484536082474226;0.0005091505280015496;0.19246861924686193
bn:00111826a;4282;4285;gros;0.0;0.0;0.0
bn:00076732n;4309;4313;texte;0.7759993692344083;0.00907800633440444;0.5564853556485355
bn:00076732n;4329;4333;texte;0.7759993692344083;0.00907800633440444;0.5564853556485355
bn:00083187v;4335;4338;être;0.0;0.0;0.0
bn:00106062a;4340;4344;petit;0.0;0.0;0.0
bn:00043320n;4346;4350;titre;0.0;0.0;0.0
bn:00023310n;4354;4358;cours;0.0;0.0;0.0
bn:00023310n;4360;4363;cour;0.0;0.0;0.0
bn:01753580n;4372;4374;PHP;1.0;0.0022275335600067795;0.2928870292887029
bn:00022071n;4381;4389;structure;0.0;0.0;0.0
bn:03276801n;4381;4397;structure de base;0.0;0.0;0.0
bn:00008786n;4394;4397;base;0.0;0.0;0.0
bn:00032100n;4399;4405;exemple;0.0;0.0;0.0
bn:00028015n;4410;4417;document;0.0;0.0;0.0
bn:02338897n;4435;4438;head;0.9493670886075949;0.00015565063695699546;0.10460251046025104
bn:00060158n;4452;4455;page;0.0;0.0;0.0
bn:02338897n;4481;4484;head;0.9493670886075949;0.00015565063695699546;0.10460251046025104
bn:00011776n;4490;4493;body;0.0;0.0;0.0
bn:00044268n;4544;4551;histoire;0.8167890070680521;0.01383007792908557;0.702928870292887
bn:04807078n;4556;4559;toto;0.9868421052631579;1.7294515217443938e-05;0.02092050209205021
bn:02803535n;4565;4566;h2;0.9970326409495549;7.747942817414885e-05;0.06694560669456066
bn:00083187v;4576;4579;être;0.0;0.0;0.0
bn:00032768n;4581;4584;fois;0.7917395142723606;0.010546887160206013;0.5062761506276151
bn:00080721n;4604;4609;chemin;0.0;0.0;0.0
bn:00087107v;4611;4615;faire;0.0;0.0;0.0
bn:00036538n;4641;4643;ami;0.0;0.0;0.0
bn:02803535n;4657;4658;h2;0.9970326409495549;7.747942817414885e-05;0.06694560669456066
bn:00011776n;4709;4712;body;0.0;0.0;0.0
bn:00023310n;4727;4731;cours;0.0;0.0;0.0
bn:00023310n;4733;4736;cour;0.0;0.0;0.0
bn:01753580n;4745;4747;PHP;1.0;0.0022275335600067795;0.2928870292887029
bn:00022071n;4754;4762;structure;0.0;0.0;0.0
bn:03276801n;4754;4770;structure de base;0.0;0.0;0.0
bn:00008786n;4767;4770;base;0.0;0.0;0.0
bn:00022071n;4772;4780;structure;0.0;0.0;0.0
bn:00032400n;4784;4788;style;0.0;0.0;0.0
bn:00110649a;4790;4795;simple;0.0;0.0;0.0
bn:00076732n;4803;4807;texte;0.7759993692344083;0.00907800633440444;0.5564853556485355
bn:00076732n;4824;4828;texte;0.7759993692344083;0.00907800633440444;0.5564853556485355
bn:00090224v;4841;4846;mettre;0.0;0.0;0.0
bn:00076732n;4848;4852;texte;0.7759993692344083;0.00907800633440444;0.5564853556485355
bn:00105495a;4857;4864;italique;0.7971014492753623;2.5365288985584444e-05;0.04184100418410042
bn:00076732n;4874;4878;texte;0.7759993692344083;0.00907800633440444;0.5564853556485355
bn:00076732n;4899;4903;texte;0.7759993692344083;0.00907800633440444;0.5564853556485355
bn:00090224v;4920;4925;mettre;0.0;0.0;0.0
bn:00076732n;4927;4931;texte;0.7759993692344083;0.00907800633440444;0.5564853556485355
bn:00011848n;4936;4939;gras;0.9613629449345908;0.0014573511489899427;0.3305439330543933
bn:00076732n;4949;4953;texte;0.7759993692344083;0.00907800633440444;0.5564853556485355
bn:00082195v;4965;4973;souligner;0.0;0.0;0.0
bn:00076732n;4975;4979;texte;0.7759993692344083;0.00907800633440444;0.5564853556485355
bn:00076732n;4991;4995;texte;0.7759993692344083;0.00907800633440444;0.5564853556485355
bn:00090224v;5009;5014;mettre;0.0;0.0;0.0
bn:00076732n;5016;5020;texte;0.7759993692344083;0.00907800633440444;0.5564853556485355
bn:00111630a;5025;5029;grand;0.0;0.0;0.0
bn:00076732n;5043;5047;texte;0.7759993692344083;0.00907800633440444;0.5564853556485355
bn:00090224v;5063;5068;mettre;0.0;0.0;0.0
bn:00076732n;5070;5074;texte;0.7759993692344083;0.00907800633440444;0.5564853556485355
bn:00106062a;5079;5083;petit;0.0;0.0;0.0
bn:00023310n;5087;5091;cours;0.0;0.0;0.0
bn:00023310n;5093;5096;cour;0.0;0.0;0.0
bn:01753580n;5105;5107;PHP;1.0;0.0022275335600067795;0.2928870292887029
bn:00022071n;5114;5122;structure;0.0;0.0;0.0
bn:03276801n;5114;5130;structure de base;0.0;0.0;0.0
bn:00008786n;5127;5130;base;0.0;0.0;0.0
bn:00022071n;5132;5140;structure;0.0;0.0;0.0
bn:00071253n;5144;5148;liste;0.0;0.0;0.0
bn:15206318n;5152;5153;ul;0.0;0.0;0.0
bn:00085363v;5164;5169;entrer;0.0;0.0;0.0
bn:00085363v;5187;5192;entrer;0.0;0.0;0.0
bn:00085363v;5210;5215;entrer;0.0;0.0;0.0
bn:15206318n;5250;5251;ul;0.0;0.0;0.0
bn:00085363v;5269;5274;entrer;0.0;0.0;0.0
bn:00085363v;5292;5297;entrer;0.0;0.0;0.0
bn:00085363v;5315;5320;entrer;0.0;0.0;0.0
bn:00023310n;5360;5364;cours;0.0;0.0;0.0
bn:00023310n;5366;5369;cour;0.0;0.0;0.0
bn:01753580n;5378;5380;PHP;1.0;0.0022275335600067795;0.2928870292887029
bn:00022071n;5387;5395;structure;0.0;0.0;0.0
bn:03276801n;5387;5403;structure de base;0.0;0.0;0.0
bn:00008786n;5400;5403;base;0.0;0.0;0.0
bn:00022071n;5405;5413;structure;0.0;0.0;0.0
bn:00011012n;5417;5423;tableau;0.0;0.0;0.0
bn:03561884n;5438;5439;tr;1.0;0.0002979268488125009;0.14225941422594143
bn:03561884n;5491;5492;tr;1.0;0.0002979268488125009;0.14225941422594143
bn:03561884n;5498;5499;tr;1.0;0.0002979268488125009;0.14225941422594143
bn:03561884n;5551;5552;tr;1.0;0.0002979268488125009;0.14225941422594143
bn:00075813n;5560;5564;table;0.0;0.0;0.0
bn:00023310n;5568;5572;cours;0.0;0.0;0.0
bn:00023310n;5574;5577;cour;0.0;0.0;0.0
bn:01753580n;5586;5588;PHP;1.0;0.0022275335600067795;0.2928870292887029
bn:00022071n;5595;5603;structure;0.0;0.0;0.0
bn:03276801n;5595;5611;structure de base;0.0;0.0;0.0
bn:00008786n;5608;5611;base;0.0;0.0;0.0
bn:00022071n;5613;5621;structure;0.0;0.0;0.0
bn:00011012n;5625;5631;tableau;0.0;0.0;0.0
bn:05004918n;5644;5649;border;0.0;0.0;0.0
bn:03561884n;5665;5666;tr;1.0;0.0002979268488125009;0.14225941422594143
bn:03561884n;5718;5719;tr;1.0;0.0002979268488125009;0.14225941422594143
bn:03561884n;5725;5726;tr;1.0;0.0002979268488125009;0.14225941422594143
bn:03561884n;5778;5779;tr;1.0;0.00018881986348998227;0.1342281879194631
bn:00075813n;5787;5791;table;0.0;0.0;0.0
bn:00023310n;5795;5799;cours;0.0;0.0;0.0
bn:00023310n;5801;5804;cour;0.0;0.0;0.0
bn:00045087n;5806;5809;HTML;1.0;0.005418230939955396;0.4395973154362416
bn:01753580n;5813;5815;PHP;1.0;0.0050262049376619084;0.436241610738255
bn:00045087n;5817;5820;HTML;1.0;0.005418230939955396;0.4395973154362416
bn:00022071n;5822;5830;structure;0.0;0.0;0.0
bn:03276801n;5822;5838;structure de base;0.0;0.0;0.0
bn:00008786n;5835;5838;base;0.0;0.0;0.0
bn:00045513n;5840;5855;lien hypertextes;1.0;0.002270334072915263;0.33557046979865773
bn:00045542n;5845;5855;hypertextes;0.0;0.0;0.0
bn:00089240v;5859;5863;avoir;0.0;0.0;0.0
bn:00045513n;5865;5868;href;1.0;0.002270334072915263;0.33557046979865773
bn:00074600n;5876;5882;adresse;0.0;0.0;0.0
bn:05005256n;5876;5886;adresse web;0.0;0.0;0.0
bn:00080778n;5884;5886;web;0.0;0.0;0.0
bn:00076732n;5894;5898;texte;0.7858202545482939;0.004524483586102813;0.4563758389261745
bn:00089240v;5904;5908;avoir;0.0;0.0;0.0
bn:00076732n;5912;5916;texte;0.7858202545482939;0.004524483586102813;0.4563758389261745
bn:00083294v;5918;5924;devenir;0.0;0.0;0.0
bn:00085116v;5947;5953;cliquer;0.8729372937293729;5.9455778444167036e-05;0.07718120805369127
bn:00076732n;5959;5963;texte;0.7858202545482939;0.004524483586102813;0.4563758389261745
bn:00087905v;5967;5971;aller;0.0;0.0;0.0
bn:00074600n;5979;5985;adresse;0.0;0.0;0.0
bn:00074600n;5995;6001;adresse;0.0;0.0;0.0
bn:05005256n;5995;6005;adresse web;0.0;0.0;0.0
bn:00080778n;6003;6005;web;0.0;0.0;0.0
bn:00089240v;6011;6015;avoir;0.0;0.0;0.0
bn:00045513n;6017;6020;href;1.0;0.002270334072915263;0.33557046979865773
bn:00045088n;6028;6031;http;0.9334782608695652;0.003378302057608266;0.37919463087248323
bn:00881840n;6076;6088;documentation;0.0;0.0;0.0
bn:00045087n;6090;6093;HTML;1.0;0.005418230939955396;0.4395973154362416
bn:00089240v;6099;6103;avoir;0.0;0.0;0.0
bn:00076732n;6107;6111;texte;0.7858202545482939;0.004524483586102813;0.4563758389261745
bn:00881840n;6113;6125;documentation;0.0;0.0;0.0
bn:00045087n;6127;6130;HTML;1.0;0.005418230939955396;0.4395973154362416
bn:00083187v;6132;6135;être;0.0;0.0;0.0
bn:00060158n;6147;6150;page;0.0;0.0;0.0
bn:00080778n;6147;6154;page web;1.0;0.0037325640872037566;0.412751677852349
bn:00080778n;6152;6154;web;0.0;0.0;0.0
bn:00082335v;6160;6166;adresse;0.0;0.0;0.0
bn:00083187v;6168;6171;être;0.0;0.0;0.0
bn:03561884n;6200;6201;TR;1.0;0.00018881986348998227;0.1342281879194631
bn:00089240v;6217;6221;avoir;0.0;0.0;0.0
bn:00045513n;6223;6226;href;1.0;0.002270334072915263;0.33557046979865773
bn:00074798n;6254;6257;truc;0.0;0.0;0.0
bn:00089240v;6263;6267;avoir;0.0;0.0;0.0
bn:00076732n;6271;6275;texte;0.7858202545482939;0.004524483586102813;0.4563758389261745
bn:00074798n;6277;6280;truc;0.0;0.0;0.0
bn:00083187v;6282;6285;être;0.0;0.0;0.0
bn:00060158n;6297;6300;page;0.0;0.0;0.0
bn:00080778n;6297;6304;page web;1.0;0.0037325640872037566;0.412751677852349
bn:00080778n;6302;6304;web;0.0;0.0;0.0
bn:00089575v;6319;6324;situer;0.7372462973121229;0.0006042235631679432;0.1610738255033557
bn:00062699n;6331;6337;endroit;0.8111166465020283;0.0012809404667829332;0.29194630872483224
bn:00060158n;6339;6342;page;0.0;0.0;0.0
bn:00103325a;6344;6350;courant;0.0;0.0;0.0
bn:00023310n;6354;6358;cours;0.0;0.0;0.0
bn:00023310n;6360;6363;cour;0.0;0.0;0.0
bn:00045087n;6365;6368;HTML;1.0;0.005418230939955396;0.4395973154362416
bn:01753580n;6372;6374;PHP;1.0;0.0050262049376619084;0.436241610738255
bn:00045087n;6376;6379;HTML;1.0;0.005418230939955396;0.4395973154362416
bn:00022071n;6381;6389;structure;0.0;0.0;0.0
bn:03276801n;6381;6397;structure de base;0.0;0.0;0.0
bn:00008786n;6394;6397;base;0.0;0.0;0.0
bn:00045772n;6399;6403;image;0.0;0.0;0.0
bn:00089662v;6405;6411;inclure;0.0;0.0;0.0
bn:00045772n;6413;6417;image;0.0;0.0;0.0
bn:02450504n;6423;6425;img;1.0;8.991422070951537e-07;0.006711409395973154
bn:04762064n;6427;6429;src;1.0;4.4957110354757684e-07;0.006711409395973154
bn:00074600n;6437;6443;adresse;0.0;0.0;0.0
bn:05005256n;6437;6447;adresse web;0.0;0.0;0.0
bn:00080778n;6445;6447;web;0.0;0.0;0.0
bn:00045772n;6449;6453;image;0.0;0.0;0.0
bn:00947370n;6464;6469;balise;0.0;0.0;0.0
bn:00085162v;6471;6477;fermant;0.0;0.0;0.0
bn:02450504n;6486;6488;img;1.0;8.991422070951537e-07;0.006711409395973154
bn:00045772n;6505;6509;image;0.0;0.0;0.0
bn:00074600n;6513;6519;adresse;0.0;0.0;0.0
bn:05005256n;6513;6523;adresse web;0.0;0.0;0.0
bn:00080778n;6521;6523;web;0.0;0.0;0.0
bn:00090460v;6525;6532;chercher;0.0;0.0;0.0
bn:00045772n;6538;6542;image;0.0;0.0;0.0
bn:00023310n;6546;6550;cours;0.0;0.0;0.0
bn:00023310n;6552;6555;cour;0.0;0.0;0.0
bn:00045087n;6557;6560;HTML;1.0;0.005418230939955396;0.4395973154362416
bn:01753580n;6564;6566;PHP;1.0;0.0050262049376619084;0.436241610738255
bn:00045087n;6568;6571;HTML;1.0;0.005418230939955396;0.4395973154362416
bn:14352118n;6573;6582;formulaire;0.0;0.0;0.0
bn:14352118n;6584;6593;formulaire;0.0;0.0;0.0
bn:00030721n;6606;6613;objectif;0.0;0.0;0.0
bn:00082209v;6617;6623;accéder;0.0;0.0;0.0
bn:00060158n;6627;6630;page;0.0;0.0;0.0
bn:00101917a;6634;6642;dynamique;0.0;0.0;0.0
bn:00060585n;6659;6667;paramètre;0.0;0.0;0.0
bn:00082537v;6671;6679;permettre;0.0;0.0;0.0
bn:00079373n;6687;6697;utilisateur;0.9700532794414845;0.0011868677133656028;0.2953020134228188
bn:00085207v;6702;6707;saisir;0.0;0.0;0.0
bn:00060585n;6709;6717;paramètre;0.0;0.0;0.0
bn:00082705v;6726;6733;utiliser;0.0;0.0;0.0
bn:00034265n;6735;6739;champ;0.0;0.0;0.0
bn:00111786a;6741;6747;textuel;1.0;0.00033987575428196806;0.1610738255033557
bn:00071253n;6751;6755;liste;0.0;0.0;0.0
bn:00089389v;6757;6765;déroulant;0.0;0.0;0.0
bn:03157691n;6769;6781;case à cocher;1.0;0.0007755101536195701;0.23154362416107382
bn:00020125n;6776;6781;cocher;0.0;0.0;0.0
bn:00021395n;6790;6798;composant;0.0;0.0;0.0
bn:00082477v;6810;6821;correspondre;0.0;0.0;0.0
bn:00060585n;6823;6831;paramètre;0.0;0.0;0.0
bn:00023310n;6835;6839;cours;0.0;0.0;0.0
bn:00023310n;6841;6844;cour;0.0;0.0;0.0
bn:00045087n;6846;6849;HTML;1.0;0.005418230939955396;0.4395973154362416
bn:01753580n;6853;6855;PHP;1.0;0.0050262049376619084;0.436241610738255
bn:00045087n;6857;6860;HTML;1.0;0.005418230939955396;0.4395973154362416
bn:14352118n;6862;6871;formulaire;0.0;0.0;0.0
bn:14352118n;6873;6882;formulaire;0.0;0.0;0.0
bn:00947370n;6886;6891;balise;0.0;0.0;0.0
bn:00099598a;6893;6901;principal;0.0;0.0;0.0
bn:00001130n;6910;6915;action;0.0;0.0;0.0
bn:00074600n;6923;6929;adresse;0.0;0.0;0.0
bn:05005256n;6923;6933;adresse web;0.0;0.0;0.0
bn:00080778n;6931;6933;web;0.0;0.0;0.0
bn:01500184n;6952;6955;POST;0.9991645781119465;0.0006721087998036273;0.2181208053691275
bn:00056758n;6972;6974;nom;0.0;0.0;0.0
bn:00083225v;6982;6989;contenir;0.0;0.0;0.0
bn:14352118n;6991;7000;formulaire;0.0;0.0;0.0
bn:00083225v;7013;7020;contenir;0.0;0.0;0.0
bn:14352118n;7022;7031;formulaire;0.0;0.0;0.0
bn:00076732n;7035;7039;texte;0.7858202545482939;0.004524483586102813;0.4563758389261745
bn:00083225v;7041;7048;contenir;0.0;0.0;0.0
bn:00108295a;7053;7063;particulier;0.0;0.0;0.0
bn:00947370n;7065;7070;balise;0.0;0.0;0.0
bn:00085839v;7072;7082;représenter;0.0;0.0;0.0
bn:00101350a;7084;7092;différent;0.0;0.0;0.0
bn:00021395n;7094;7102;composant;0.0;0.0;0.0
bn:00015774n;7107;7112;saisie;0.0;0.0;0.0
bn:00074600n;7116;7122;adresse;0.0;0.0;0.0
bn:05005256n;7116;7126;adresse web;0.0;0.0;0.0
bn:00080778n;7124;7126;web;0.0;0.0;0.0
bn:00082335v;7134;7140;adresse;0.0;0.0;0.0
bn:00060158n;7145;7148;page;0.0;0.0;0.0
bn:00080778n;7145;7152;page web;1.0;0.0037325640872037566;0.412751677852349
bn:00937946n;7145;7162;page web dynamique;1.0;0.0018969652714190004;0.32550335570469796
bn:00080778n;7150;7152;web;0.0;0.0;0.0
bn:00101917a;7154;7162;dynamique;0.0;0.0;0.0
bn:00021392n;7166;7174;souhaiter;0.0;0.0;0.0
bn:00082209v;7176;7182;accéder;0.0;0.0;0.0
bn:14352118n;7188;7197;formulaire;0.0;0.0;0.0
bn:01500184n;7201;7204;POST;0.9991645781119465;0.0006721087998036273;0.2181208053691275
bn:00054625n;7208;7214;méthode;0.0;0.0;0.0
bn:00078024n;7219;7230;transmission;0.0;0.0;0.0
bn:00060585n;7232;7240;paramètre;0.0;0.0;0.0
bn:13601970v;7244;7250;pouvoir;0.0;0.0;0.0
bn:00090224v;7252;7257;mettre;0.0;0.0;0.0
bn:02578196n;7259;7261;GET;1.0;1.7982844141903073e-06;0.013422818791946308
bn:00056758n;7267;7269;nom;0.0;0.0;0.0
bn:00056758n;7273;7275;nom;0.0;0.0;0.0
bn:14352118n;7277;7286;formulaire;0.0;0.0;0.0
bn:00107939a;7290;7298;optionnel;1.0;4.4957110354757684e-07;0.006711409395973154
bn:00023310n;7304;7308;cours;0.0;0.0;0.0
bn:00023310n;7310;7313;cour;0.0;0.0;0.0
bn:00045087n;7315;7318;HTML;1.0;0.005418230939955396;0.4395973154362416
bn:01753580n;7322;7324;PHP;1.0;0.0050262049376619084;0.436241610738255
bn:00045087n;7326;7329;HTML;1.0;0.005418230939955396;0.4395973154362416
bn:14352118n;7331;7340;formulaire;0.0;0.0;0.0
bn:14352118n;7342;7351;formulaire;0.0;0.0;0.0
bn:00085207v;7355;7360;saisir;0.0;0.0;0.0
bn:00076732n;7365;7369;texte;0.7858202545482939;0.004524483586102813;0.4563758389261745
bn:00016413n;7379;7382;type;0.0;0.0;0.0
bn:14981519n;7390;7393;text;1.0;0.00045091981685821956;0.19798657718120805
bn:00056758n;7410;7412;nom;0.0;0.0;0.0
bn:00086008v;7420;7424;créer;0.0;0.0;0.0
bn:00034265n;7426;7430;champ;0.0;0.0;0.0
bn:15987694n;7426;7433;champ de;1.0;5.507246018457816e-06;0.02348993288590604
bn:03113401n;7426;7440;champ de saisie;1.0;0.0010958295648972184;0.26174496644295303
bn:00076732n;7456;7460;texte;0.7858202545482939;0.004524483586102813;0.4563758389261745
bn:00056758n;7464;7466;nom;0.0;0.0;0.0
bn:00083187v;7468;7471;être;0.0;0.0;0.0
bn:00056758n;7473;7475;nom;0.0;0.0;0.0
bn:00060585n;7477;7485;paramètre;0.0;0.0;0.0
bn:00082477v;7487;7498;correspondre;0.0;0.0;0.0
bn:00021395n;7502;7510;composant;0.0;0.0;0.0
bn:13601970v;7514;7520;pouvoir;0.0;0.0;0.0
bn:00082317v;7522;7528;ajouter;0.0;0.0;0.0
bn:02910696n;7530;7537;attribut;0.0;0.0;0.0
bn:00103172a;7539;7545;suivant;0.0;0.0;0.0
bn:03645138n;7549;7552;size;1.0;5.507246018457816e-06;0.02348993288590604
bn:00058285n;7560;7565;nombre;0.8075976920668525;0.0060880918842412856;0.4966442953020134
bn:00080339n;7573;7578;taille;0.0;0.0;0.0
bn:00034265n;7580;7584;champ;0.0;0.0;0.0
bn:00017748n;7589;7597;caractère;0.0;0.0;0.0
bn:00029680n;7613;7618;valeur;0.0;0.0;0.0
bn:00076732n;7626;7630;texte;0.7858202545482939;0.004524483586102813;0.4563758389261745
bn:00104094a;7642;7646;utile;0.0;0.0;0.0
bn:00090884v;7653;7660;modifier;0.0;0.0;0.0
bn:00046698n;7662;7672;information;0.0;0.0;0.0
bn:13601970v;7676;7682;pouvoir;0.0;0.0;0.0
bn:00092816v;7684;7692;remplacer;0.0;0.0;0.0
bn:00016413n;7694;7697;type;0.0;0.0;0.0
bn:14981519n;7705;7708;text;1.0;0.00045091981685821956;0.19798657718120805
bn:00016413n;7718;7721;type;0.0;0.0;0.0
bn:00095629v;7742;7748;vouloir;0.7340909090909091;7.260573322293365e-05;0.06375838926174497
bn:00087013v;7750;7757;afficher;0.0;0.0;0.0
bn:00051754n;7761;7764;lieu;0.0;0.0;0.0
bn:00050802n;7766;7771;lettre;0.0;0.0;0.0
bn:00947370n;7788;7793;balise;0.0;0.0;0.0
bn:00085162v;7795;7801;fermant;0.0;0.0;0.0
bn:00023310n;7805;7809;cours;0.0;0.0;0.0
bn:00023310n;7811;7814;cour;0.0;0.0;0.0
bn:00045087n;7816;7819;HTML;1.0;0.005418230939955396;0.4395973154362416
bn:01753580n;7823;7825;PHP;1.0;0.0050262049376619084;0.436241610738255
bn:00045087n;7827;7830;HTML;1.0;0.005418230939955396;0.4395973154362416
bn:14352118n;7832;7841;formulaire;0.0;0.0;0.0
bn:14352118n;7843;7852;formulaire;0.0;0.0;0.0
bn:00085207v;7856;7861;saisir;0.0;0.0;0.0
bn:00111630a;7867;7871;grand;0.0;0.0;0.0
bn:00076732n;7873;7877;texte;0.7858202545482939;0.004524483586102813;0.4563758389261745
bn:00056758n;7901;7903;nom;0.0;0.0;0.0
bn:03611246n;7909;7912;rows;1.0;4.4957110354757684e-05;0.06711409395973154
bn:00000127n;7920;7924;heure;0.0;0.0;0.0
bn:00020518n;7930;7932;col;0.0;0.0;0.0
bn:00083225v;7948;7955;contenir;0.0;0.0;0.0
bn:00085207v;7961;7966;saisir;0.0;0.0;0.0
bn:00086008v;7983;7987;créer;0.0;0.0;0.0
bn:00034265n;7989;7993;champ;0.0;0.0;0.0
bn:15987694n;7989;7996;champ de;1.0;5.507246018457816e-06;0.02348993288590604
bn:03113401n;7989;8003;champ de saisie;1.0;0.0010958295648972184;0.26174496644295303
bn:00076732n;8005;8009;texte;0.7858202545482939;0.004524483586102813;0.4563758389261745
bn:00014457n;8015;8019;ligne;0.0;0.0;0.0
bn:00056758n;8023;8025;nom;0.0;0.0;0.0
bn:00083187v;8027;8030;être;0.0;0.0;0.0
bn:00056758n;8032;8034;nom;0.0;0.0;0.0
bn:00060585n;8036;8044;paramètre;0.0;0.0;0.0
bn:00082477v;8046;8057;correspondre;0.0;0.0;0.0
bn:00021395n;8061;8069;composant;0.0;0.0;0.0
bn:00000127n;8073;8077;heure;0.0;0.0;0.0
bn:00083187v;8079;8082;être;0.0;0.0;0.0
bn:00043544n;8084;8090;hauteur;0.0;0.0;0.0
bn:00021395n;8092;8100;composant;0.0;0.0;0.0
bn:00058285n;8105;8110;nombre;0.8075976920668525;0.0060880918842412856;0.4966442953020134
bn:00014457n;8115;8119;ligne;0.0;0.0;0.0
bn:00083187v;8125;8128;être;0.0;0.0;0.0
bn:00012893n;8130;8136;largeur;0.0;0.0;0.0
bn:00021395n;8138;8146;composant;0.0;0.0;0.0
bn:00058285n;8151;8156;nombre;0.8075976920668525;0.0060880918842412856;0.4966442953020134
bn:00017748n;8161;8169;caractère;0.0;0.0;0.0
bn:00083225v;8173;8179;contenu;0.0;0.0;0.0
bn:00085207v;8185;8190;saisir;0.0;0.0;0.0
bn:00058685n;8192;8198;pouvoir;0.0;0.0;0.0
bn:00083187v;8200;8203;être;0.0;0.0;0.0
bn:00087578v;8205;8208;vide;0.9090909090909091;2.697426621285461e-05;0.050335570469798654
bn:00083225v;8210;8217;contenir;0.0;0.0;0.0
bn:00947370n;8222;8227;balise;0.0;0.0;0.0
bn:00023310n;8231;8235;cours;0.0;0.0;0.0
bn:00023310n;8237;8240;cour;0.0;0.0;0.0
bn:00045087n;8242;8245;HTML;1.0;0.005418230939955396;0.4395973154362416
bn:01753580n;8249;8251;PHP;1.0;0.0050262049376619084;0.436241610738255
bn:00045087n;8253;8256;HTML;1.0;0.005418230939955396;0.4395973154362416
bn:14352118n;8258;8267;formulaire;0.0;0.0;0.0
bn:14352118n;8269;8278;formulaire;0.0;0.0;0.0
bn:00060585n;8282;8290;paramètre;0.0;0.0;0.0
bn:00085509v;8292;8297;cacher;0.0;0.0;0.0
bn:00016413n;8307;8310;type;0.0;0.0;0.0
bn:00056758n;8340;8342;nom;0.0;0.0;0.0
bn:00079476n;8360;8362;val;1.0;5.7657494029976725e-05;0.06375838926174497
bn:00082537v;8370;8378;permettre;0.0;0.0;0.0
bn:00088815v;8383;8388;donner;0.0;0.0;0.0
bn:00029680n;8390;8395;valeur;0.0;0.0;0.0
bn:00079476n;8397;8399;val;1.0;5.7657494029976725e-05;0.06375838926174497
bn:00056758n;8411;8413;nom;0.0;0.0;0.0
bn:00021395n;8417;8425;composant;0.0;0.0;0.0
bn:00083187v;8431;8434;être;0.0;0.0;0.0
bn:00087013v;8436;8443;afficher;0.0;0.0;0.0
bn:00104094a;8447;8451;utile;0.0;0.0;0.0
bn:00086464v;8458;8466;spécifier;0.7304785894206549;0.0005215024801151891;0.1342281879194631
bn:00089574v;8468;8477;identifier;0.0;0.0;0.0
bn:14352118n;8484;8493;formulaire;0.0;0.0;0.0
bn:00001410n;8498;8509;modification;0.0;0.0;0.0
bn:00046698n;8511;8521;information;0.0;0.0;0.0
bn:00008786n;8526;8529;base;0.0;0.0;0.0
bn:00947370n;8536;8541;balise;0.0;0.0;0.0
bn:00085162v;8543;8549;fermant;0.0;0.0;0.0
bn:00023310n;8551;8555;cours;0.0;0.0;0.0
bn:00023310n;8557;8560;cour;0.0;0.0;0.0
bn:00045087n;8562;8565;HTML;1.0;0.005418230939955396;0.4395973154362416
bn:01753580n;8569;8571;PHP;1.0;0.0050262049376619084;0.436241610738255
bn:00045087n;8573;8576;HTML;1.0;0.005418230939955396;0.4395973154362416
bn:14352118n;8578;8587;formulaire;0.0;0.0;0.0
bn:14352118n;8589;8598;formulaire;0.0;0.0;0.0
bn:00071253n;8602;8606;liste;0.0;0.0;0.0
bn:00089389v;8608;8616;déroulant;0.0;0.0;0.0
bn:00056758n;8638;8640;nom;0.0;0.0;0.0
bn:00059228n;8650;8655;option;0.0;0.0;0.0
bn:13601354v;8657;8662;valoir;0.0;0.0;0.0
bn:00076732n;8681;8685;texte;0.0;0.0;0.0
bn:00059228n;8691;8696;option;0.0;0.0;0.0
bn:00059228n;8702;8707;option;0.0;0.0;0.0
bn:13601354v;8709;8714;valoir;0.0;0.0;0.0
bn:00076732n;8733;8737;texte;0.0;0.0;0.0
bn:00059228n;8743;8748;option;0.0;0.0;0.0
bn:00086008v;8769;8773;créer;0.0;0.0;0.0
bn:00090397v;8775;8779;liste;0.0;0.0;0.0
bn:00089389v;8781;8789;déroulant;0.7924528301886793;2.3524410356453628e-05;0.026119402985074626
bn:00089240v;8791;8795;avoir;0.0;0.0;0.0
bn:00057001n;8797;8805;sélection;0.0;0.0;0.0
bn:00108829a;8807;8814;possible;0.0;0.0;0.0
bn:00076732n;8816;8820;texte;0.0;0.0;0.0
bn:00076732n;8824;8828;texte;0.0;0.0;0.0
bn:00029680n;8838;8843;valeur;0.0;0.0;0.0
bn:00056758n;8855;8857;nom;0.0;0.0;0.0
bn:00083187v;8859;8862;être;0.0;0.0;0.0
bn:00088815v;8864;8869;donner;0.0;0.0;0.0
bn:00057001n;8875;8883;sélection;0.0;0.0;0.0
bn:00084931v;8885;8891;choisir;0.0;0.0;0.0
bn:00079373n;8901;8911;utilisateur;0.9287649402390439;0.0016321459947310922;0.23134328358208955
bn:00076732n;8925;8929;texte;0.0;0.0;0.0
bn:00076732n;8941;8945;texte;0.0;0.0;0.0
bn:02910696n;8957;8964;attribut;0.0;0.0;0.0
bn:13601354v;8966;8971;valoir;0.0;0.0;0.0
bn:00083187v;8973;8976;être;0.0;0.0;0.0
bn:00107939a;8978;8986;optionnel;1.0;0.0001008189015276584;0.06716417910447761
bn:00011197n;8994;8999;défaut;0.0;0.0;0.0
bn:00083187v;9005;9008;être;0.0;0.0;0.0
bn:00076732n;9010;9014;texte;0.0;0.0;0.0
bn:00947370n;9021;9026;balise;0.0;0.0;0.0
bn:00059228n;9030;9035;option;0.0;0.0;0.0
bn:00059228n;9043;9048;option;0.0;0.0;0.0
bn:00084450v;9052;9058;pouvoir;0.8181818181818182;1.0081890152765841e-05;0.022388059701492536
bn:00082317v;9060;9066;ajouter;0.0;0.0;0.0
bn:00947370n;9100;9105;balise;0.0;0.0;0.0
bn:00059228n;9107;9112;option;0.0;0.0;0.0
bn:00084931v;9123;9134;sélectionner;0.9808917197452229;0.00021564042826749158;0.05223880597014925
bn:00059228n;9136;9141;option;0.0;0.0;0.0
bn:00023310n;9145;9149;cours;0.0;0.0;0.0
bn:00023310n;9151;9154;cour;0.0;0.0;0.0
bn:00045087n;9156;9159;HTML;1.0;0.007382464064362787;0.376865671641791
bn:01753580n;9163;9165;PHP;1.0;0.00413721564518916;0.2947761194029851
bn:00045087n;9167;9170;HTML;1.0;0.007382464064362787;0.376865671641791
bn:14352118n;9172;9181;formulaire;0.0;0.0;0.0
bn:14352118n;9183;9192;formulaire;0.0;0.0;0.0
bn:03843242n;9196;9201;bouton;0.7489674162459844;0.0004570456869253848;0.11940298507462686
bn:00074932n;9206;9215;soumission;0.0;0.0;0.0
bn:00016413n;9225;9228;type;0.0;0.0;0.0
bn:00076732n;9259;9263;texte;0.0;0.0;0.0
bn:00086008v;9271;9275;créer;0.0;0.0;0.0
bn:03843242n;9277;9282;bouton;0.7489674162459844;0.0004570456869253848;0.11940298507462686
bn:00082306v;9284;9293;déclencher;0.997737556561086;0.00012350315437138155;0.07835820895522388
bn:00051677n;9295;9304;chargement;0.0;0.0;0.0
bn:00060158n;9309;9312;page;0.0;0.0;0.0
bn:00026601n;9317;9327;destination;0.0;0.0;0.0
bn:02910696n;9331;9338;attribut;0.0;0.0;0.0
bn:00001130n;9340;9345;action;0.0;0.0;0.0
bn:00947370n;9350;9355;balise;0.0;0.0;0.0
bn:00076732n;9370;9374;texte;0.0;0.0;0.0
bn:00083187v;9376;9379;être;0.0;0.0;0.0
bn:00076732n;9381;9385;texte;0.0;0.0;0.0
bn:00083187v;9387;9390;être;0.0;0.0;0.0
bn:00087013v;9392;9399;afficher;0.7441860465116279;1.7923360271583716e-05;0.029850746268656716
bn:03843242n;9405;9410;bouton;0.7489674162459844;0.0004570456869253848;0.11940298507462686
bn:00016413n;9422;9425;type;0.0;0.0;0.0
bn:00076732n;9455;9459;texte;0.0;0.0;0.0
bn:00086008v;9467;9471;créer;0.0;0.0;0.0
bn:03843242n;9473;9478;bouton;0.7489674162459844;0.0004570456869253848;0.11940298507462686
bn:00082306v;9480;9489;déclencher;0.997737556561086;0.00012350315437138155;0.07835820895522388
bn:00067306n;9491;9506;réinitialisation;1.0;9.997874401492792e-05;0.06343283582089553
bn:14352118n;9508;9517;formulaire;0.0;0.0;0.0
bn:00082705v;9524;9531;utiliser;0.0;0.0;0.0
bn:00029680n;9533;9538;valeur;0.0;0.0;0.0
bn:00085207v;9544;9548;saisi;0.0;0.0;0.0
bn:00083184v;9559;9565;exister;1.0;1.0081890152765841e-05;0.014925373134328358
bn:00076732n;9569;9573;texte;0.0;0.0;0.0
bn:00083187v;9575;9578;être;0.0;0.0;0.0
bn:00076732n;9580;9584;texte;0.0;0.0;0.0
bn:00083187v;9586;9589;être;0.0;0.0;0.0
bn:00087013v;9591;9598;afficher;0.7441860465116279;1.7923360271583716e-05;0.029850746268656716
bn:03843242n;9604;9609;bouton;0.7489674162459844;0.0004570456869253848;0.11940298507462686
bn:00023310n;9613;9617;cours;0.0;0.0;0.0
bn:00023310n;9619;9622;cour;0.0;0.0;0.0
bn:00045087n;9624;9627;HTML;1.0;0.007382464064362787;0.376865671641791
bn:01753580n;9631;9633;PHP;1.0;0.00413721564518916;0.2947761194029851
bn:00045087n;9635;9638;HTML;1.0;0.007382464064362787;0.376865671641791
bn:14352118n;9640;9649;formulaire;0.0;0.0;0.0
bn:00045087n;9651;9654;HTML;1.0;0.007382464064362787;0.376865671641791
bn:00054625n;9658;9664;méthode;0.0;0.0;0.0
bn:00078024n;9669;9680;transmission;0.0;0.0;0.0
bn:00060585n;9685;9693;paramètre;0.0;0.0;0.0
bn:00054625n;9700;9706;méthode;0.0;0.0;0.0
bn:00078024n;9711;9722;transmission;0.0;0.0;0.0
bn:00060585n;9724;9732;paramètre;0.0;0.0;0.0
bn:02578196n;9734;9736;GET;1.0;4.480840067895929e-06;0.014925373134328358
bn:00060585n;9738;9746;paramètre;0.0;0.0;0.0
bn:00083187v;9748;9751;être;0.0;0.0;0.0
bn:00087595v;9753;9759;encoder;0.0;0.0;0.0
bn:00082335v;9770;9776;adresse;0.0;0.0;0.0
bn:00060158n;9781;9784;page;0.0;0.0;0.0
bn:00030720n;9790;9792;fin;0.0;0.0;0.0
bn:00082335v;9801;9807;adresse;0.0;0.0;0.0
bn:00082317v;9811;9817;ajouter;0.0;0.0;0.0
bn:00017748n;9819;9827;caractère;0.0;0.0;0.0
bn:00082317v;9841;9847;ajouter;0.0;0.0;0.0
bn:00056758n;9849;9851;nom;0.0;0.0;0.0
bn:00079476n;9855;9857;val;1.0;3.3886353013462965e-05;0.041044776119402986
bn:00083187v;9869;9872;être;0.0;0.0;0.0
bn:00087099v;9874;9880;séparer;0.0;0.0;0.0
bn:00017748n;9886;9894;caractère;0.0;0.0;0.0
bn:00104094a;9898;9902;utile;0.0;0.0;0.0
bn:00086464v;9909;9917;spécifier;0.0;0.0;0.0
bn:00060585n;9919;9927;paramètre;0.0;0.0;0.0
bn:00734893n;9929;9932;dans;0.0;0.0;0.0
bn:00045513n;9934;9937;lien;0.0;0.0;0.0
bn:00045513n;9934;9948;lien hypertexte;1.0;0.002696345510856375;0.30970149253731344
bn:00045542n;9939;9948;hypertexte;0.0;0.0;0.0
bn:01500184n;9952;9955;POST;0.9891756869275604;0.0006654047500825455;0.16417910447761194
bn:00060585n;9957;9965;paramètre;0.0;0.0;0.0
bn:00083187v;9967;9970;être;0.0;0.0;0.0
bn:00087595v;9972;9978;encoder;0.0;0.0;0.0
bn:00082493v;9987;9994;adresser;0.0;0.0;0.0
bn:00080778n;9996;9998;web;0.0;0.0;0.0
bn:00028736n;10002;10009;pratique;0.0;0.0;0.0
bn:14352118n;10016;10025;formulaire;0.0;0.0;0.0
bn:00023310n;10029;10033;cours;0.0;0.0;0.0
bn:00023310n;10035;10038;cour;0.0;0.0;0.0
bn:00045087n;10040;10043;HTML;1.0;0.007382464064362787;0.376865671641791
bn:01753580n;10047;10049;PHP;1.0;0.00413721564518916;0.2947761194029851
bn:01753580n;10051;10053;PHP;1.0;0.00413721564518916;0.2947761194029851
bn:01648657n;10055;10064;généralité;0.0;0.0;0.0
bn:01753580n;10066;10068;PHP;1.0;0.00413721564518916;0.2947761194029851
bn:00021475n;10070;10076;fichier;0.9396709323583181;0.00921260717959403;0.47761194029850745
bn:01753580n;10078;10080;PHP;1.0;0.00413721564518916;0.2947761194029851
bn:00158524n;10082;10085;être;0.0;0.0;0.0
bn:00072947n;10087;10097;code source;0.9998581912291276;0.007898320777179306;0.44402985074626866
bn:00040284n;10092;10097;source;0.0;0.0;0.0
bn:00023295n;10103;10111;programme;0.0;0.0;0.0
bn:00023295n;10115;10123;programme;0.0;0.0;0.0
bn:00089240v;10125;10129;avoir;0.0;0.0;0.0
bn:00014202n;10136;10138;but;0.0;0.0;0.0
bn:00088725v;10143;10149;générer;0.0;0.0;0.0
bn:00060158n;10151;10154;page;0.0;0.0;0.0
bn:00045087n;10156;10159;HTML;1.0;0.007382464064362787;0.376865671641791
bn:01753580n;10163;10165;PHP;1.0;0.00413721564518916;0.2947761194029851
bn:00083187v;10167;10170;être;0.0;0.0;0.0
bn:00049910n;10172;10178;langage;0.7661880216003928;0.017483397787417185;0.6082089552238806
bn:01246770n;10172;10188;langage impératif;1.0;0.00183546411281187;0.21641791044776118
bn:00104643a;10180;10188;impératif;0.7752293577981652;4.732887321715075e-05;0.048507462686567165
bn:00099857a;10190;10195;proche;0.0;0.0;0.0
bn:00023310n;10201;10205;cours;0.0;0.0;0.0
bn:00023310n;10207;10210;cour;0.0;0.0;0.0
bn:00045087n;10212;10215;HTML;1.0;0.007382464064362787;0.376865671641791
bn:01753580n;10219;10221;PHP;1.0;0.00413721564518916;0.2947761194029851
bn:01753580n;10223;10225;PHP;1.0;0.00413721564518916;0.2947761194029851
bn:01648657n;10227;10236;généralité;0.0;0.0;0.0
bn:01753580n;10238;10240;PHP;1.0;0.00413721564518916;0.2947761194029851
bn:00016413n;10249;10252;type;0.0;0.0;0.0
bn:00005513n;10259;10262;zone;0.0;0.0;0.0
bn:00086464v;10266;10274;délimiter;1.0;0.0008065512122212672;0.11194029850746269
bn:00005513n;10288;10291;zone;0.0;0.0;0.0
bn:01753580n;10314;10316;PHP;1.0;0.00413721564518916;0.2947761194029851
bn:00087823v;10320;10327;exécuter;0.0;0.0;0.0
bn:00096782a;10331;10339;similaire;0.0;0.0;0.0
bn:00020354n;10343;10346;code;0.9111536358665938;0.004667074983217854;0.376865671641791
bn:00005513n;10354;10357;zone;0.0;0.0;0.0
bn:00032429n;10365;10373;extérieur;0.0;0.0;0.0
bn:00076732n;10388;10392;texte;0.0;0.0;0.0
bn:00947370n;10394;10399;balise;0.0;0.0;0.0
bn:00083187v;10401;10404;être;0.0;0.0;0.0
bn:00022154n;10420;10426;contenu;0.0;0.0;0.0
bn:00045087n;10428;10431;HTML;1.0;0.007382464064362787;0.376865671641791
bn:00088725v;10433;10439;générer;0.0;0.0;0.0
bn:00023310n;10443;10447;cours;0.0;0.0;0.0
bn:00023310n;10449;10452;cour;0.0;0.0;0.0
bn:00045087n;10454;10457;HTML;1.0;0.007382464064362787;0.376865671641791
bn:01753580n;10461;10463;PHP;1.0;0.00413721564518916;0.2947761194029851
bn:01753580n;10465;10467;PHP;1.0;0.00413721564518916;0.2947761194029851
bn:01648657n;10469;10478;généralité;0.0;0.0;0.0
bn:01753580n;10480;10482;PHP;1.0;0.00413721564518916;0.2947761194029851
bn:00113501a;10486;10493;variable;0.0;0.0;0.0
bn:00056758n;10495;10497;nom;0.0;0.0;0.0
bn:00113501a;10503;10510;variable;0.0;0.0;0.0
bn:00083342v;10512;10520;commencer;0.0;0.0;0.0
bn:00079373n;10539;10549;utilisateur;0.9287649402390439;0.0016321459947310922;0.23134328358208955
bn:02806034n;10566;10576;affectation;0.7559279729006954;0.0011874226179924212;0.19776119402985073
bn:00029680n;10591;10596;valeur;0.0;0.0;0.0
bn:00113501a;10600;10607;variable;0.0;0.0;0.0
bn:00083187v;10609;10612;être;0.0;0.0;0.0
bn:00082638v;10614;10621;déclarer;0.0;0.0;0.0
bn:00113501a;10630;10637;variable;0.0;0.0;0.0
bn:00083184v;10639;10645;exister;1.0;1.0081890152765841e-05;0.014925373134328358
bn:00089240v;10655;10659;avoir;0.0;0.0;0.0
bn:00087107v;10661;10665;faire;0.0;0.0;0.0
bn:02806034n;10667;10677;affectation;0.7559279729006954;0.0011874226179924212;0.19776119402985073
bn:00113501a;10681;10688;variable;0.0;0.0;0.0
bn:00084450v;10690;10696;pouvoir;0.8181818181818182;1.0081890152765841e-05;0.022388059701492536
bn:00083225v;10698;10705;contenir;0.0;0.0;0.0
bn:00058285n;10707;10712;nombre;0.0;0.0;0.0
bn:00017748n;10727;10735;caractère;0.0;0.0;0.0
bn:00294693n;10739;10745;booléen;1.0;0.001350693227966379;0.19776119402985073
bn:00066414n;10752;10758;réalité;0.7539592760180995;0.0007466199763131592;0.16044776119402984
bn:00103393a;10760;10765;entier;0.0;0.0;0.0
bn:00011012n;10774;10780;tableau;0.0;0.0;0.0
bn:00023310n;10784;10788;cours;0.0;0.0;0.0
bn:00023310n;10790;10793;cour;0.0;0.0;0.0
bn:00045087n;10795;10798;HTML;1.0;0.007382464064362787;0.376865671641791
bn:01753580n;10802;10804;PHP;1.0;0.00413721564518916;0.2947761194029851
bn:01753580n;10806;10808;PHP;1.0;0.00413721564518916;0.2947761194029851
bn:01648657n;10810;10819;généralité;0.0;0.0;0.0
bn:01753580n;10821;10823;PHP;1.0;0.00413721564518916;0.2947761194029851
bn:00020407n;10827;10836;génération;0.0;0.0;0.0
bn:00083225v;10838;10844;contenu;0.0;0.0;0.0
bn:00054625n;10851;10857;méthode;0.0;0.0;0.0
bn:00090224v;10861;10866;mettre;0.0;0.0;0.0
bn:00076732n;10868;10872;texte;0.0;0.0;0.0
bn:00032429n;10880;10888;extérieur;0.0;0.0;0.0
bn:00082705v;10903;10910;utiliser;0.0;0.0;0.0
bn:00020945n;10916;10926;instruction;0.0;0.0;0.0
bn:00029680n;10942;10947;valeur;0.0;0.0;0.0
bn:00029680n;10951;10956;valeur;0.0;0.0;0.0
bn:00083187v;10958;10961;être;0.0;0.0;0.0
bn:00082720v;10963;10969;évaluer;0.0;0.0;0.0
bn:00095090v;10971;10981;transformer;0.0;0.0;0.0
bn:00076732n;10986;10990;texte;0.0;0.0;0.0
bn:00076732n;10994;10998;texte;0.0;0.0;0.0
bn:00083187v;11000;11003;être;0.0;0.0;0.0
bn:00082317v;11005;11011;ajouter;0.0;0.0;0.0
bn:01234901n;11015;11019;suite;0.0;0.0;0.0
bn:00083225v;11021;11027;contenu;0.0;0.0;0.0
bn:00045087n;11029;11032;HTML;1.0;0.007382464064362787;0.376865671641791
bn:00088725v;11034;11040;générer;0.0;0.0;0.0
bn:00084450v;11044;11050;pouvoir;0.8181818181818182;1.0081890152765841e-05;0.022388059701492536
bn:00082705v;11052;11059;utiliser;0.0;0.0;0.0
bn:00030098n;11068;11072;place;0.0;0.0;0.0
bn:00084450v;11085;11091;pouvoir;0.8181818181818182;1.0081890152765841e-05;0.022388059701492536
bn:00085650v;11093;11102;considérer;0.0;0.0;0.0
bn:00076732n;11104;11108;texte;0.0;0.0;0.0
bn:00090224v;11110;11115;mettre;0.0;0.0;0.0
bn:00032429n;11123;11131;extérieur;0.0;0.0;0.0
bn:00083187v;11144;11147;être;0.0;0.0;0.0
bn:00091458v;11149;11154;passer;0.0;0.0;0.0
bn:00005600n;11159;11166;argument;0.0;0.0;0.0
bn:00023310n;11178;11182;cours;0.0;0.0;0.0
bn:00023310n;11184;11187;cour;0.0;0.0;0.0
bn:00045087n;11189;11192;HTML;1.0;0.007382464064362787;0.376865671641791
bn:01753580n;11196;11198;PHP;1.0;0.00413721564518916;0.2947761194029851
bn:01753580n;11200;11202;PHP;1.0;0.00413721564518916;0.2947761194029851
bn:01648657n;11204;11213;généralité;0.0;0.0;0.0
bn:01753580n;11215;11217;PHP;1.0;0.00413721564518916;0.2947761194029851
bn:00017748n;11233;11241;caractère;0.0;0.0;0.0
bn:00086464v;11243;11251;délimiter;1.0;0.0008065512122212672;0.11194029850746269
bn:00047350n;11257;11265;guillemet;0.0;0.0;0.0
bn:00110649a;11267;11272;simple;0.0;0.0;0.0
bn:00028341n;11291;11296;double;0.0;0.0;0.0
bn:00113501a;11321;11328;variable;0.0;0.0;0.0
bn:00047350n;11358;11366;guillemet;0.0;0.0;0.0
bn:00028341n;11368;11373;double;0.0;0.0;0.0
bn:00083187v;11377;11380;être;0.0;0.0;0.0
bn:00092816v;11382;11390;remplacer;0.0;0.0;0.0
bn:00029680n;11396;11401;valeur;0.0;0.0;0.0
bn:00085768v;11405;11413;convertir;0.0;0.0;0.0
bn:00017748n;11429;11437;caractère;0.0;0.0;0.0
bn:00056758n;11459;11461;nom;0.0;0.0;0.0
bn:00083187v;11463;11466;être;0.0;0.0;0.0
bn:00056758n;11470;11472;nom;0.0;0.0;0.0
bn:00113501a;11488;11495;variable;0.0;0.0;0.0
bn:00082691v;11497;11506;apparaître;0.0;0.0;0.0
bn:00047350n;11513;11521;guillemet;0.0;0.0;0.0
bn:00110649a;11523;11528;simple;0.0;0.0;0.0
bn:00083187v;11530;11533;être;0.0;0.0;0.0
bn:00092816v;11535;11543;remplacer;0.0;0.0;0.0
bn:00085508v;11572;11581;concaténer;0.0;0.0;0.0
bn:00056758n;11601;11603;nom;0.0;0.0;0.0
bn:00056758n;11613;11615;nom;0.0;0.0;0.0
bn:00023310n;11637;11641;cours;0.0;0.0;0.0
bn:00023310n;11643;11646;cour;0.0;0.0;0.0
bn:00045087n;11648;11651;HTML;1.0;0.006203939355318497;0.404
bn:01753580n;11655;11657;PHP;0.9998009157873781;0.0065984398670851895;0.372
bn:01753580n;11659;11661;PHP;0.9998009157873781;0.0065984398670851895;0.372
bn:01648657n;11663;11672;généralité;0.0;0.0;0.0
bn:01753580n;11674;11676;PHP;0.9998009157873781;0.0065984398670851895;0.372
bn:00059141n;11680;11688;opérateur;0.0;0.0;0.0
bn:00103325a;11690;11696;courant;0.0;0.0;0.0
bn:00097495a;11698;11709;arithmétique;1.0;3.284766958923332e-05;0.04
bn:00001296n;11717;11724;addition;0.9802457071059612;0.004612798240416036;0.372
bn:00055233n;11734;11745;soustraction;0.9098360655737705;0.0009479837443452737;0.156
bn:00090977v;11755;11764;multiplier;0.8622754491017964;4.730064420849599e-05;0.048
bn:00027919n;11774;11780;diviser;0.9917564996829423;0.0010274751047512182;0.184
bn:00553864n;11790;11795;modulo;1.0;0.0006898010613738998;0.168
bn:00071671n;11842;11852;comparaison;0.0;0.0;0.0
bn:00031284n;11862;11868;égalité;0.9059561128526645;0.0001898595302257686;0.068
bn:00105056a;11878;11886;inférieur;0.0;0.0;0.0
bn:00102489a;11888;11893;strict;0.0;0.0;0.0
bn:00105056a;11905;11913;inférieur;0.0;0.0;0.0
bn:00098887a;11915;11919;large;0.0;0.0;0.0
bn:00027022n;11941;11950;différence;0.0;0.0;0.0
bn:00051845n;11954;11960;logique;0.9933740893948823;0.008913543619734354;0.512
bn:00178793n;11995;11997;xor;1.0;0.0011982829866152315;0.228
bn:00102512a;12001;12008;exclusif;0.8849557522123894;3.284766958923332e-05;0.04
bn:00023310n;12020;12024;cours;0.0;0.0;0.0
bn:00023310n;12026;12029;cour;0.0;0.0;0.0
bn:00045087n;12031;12034;HTML;1.0;0.006203939355318497;0.404
bn:01753580n;12038;12040;PHP;0.9998009157873781;0.0065984398670851895;0.372
bn:01753580n;12042;12044;PHP;0.9998009157873781;0.0065984398670851895;0.372
bn:01648657n;12046;12055;généralité;0.0;0.0;0.0
bn:01753580n;12057;12059;PHP;0.9998009157873781;0.0065984398670851895;0.372
bn:00011012n;12063;12069;tableau;0.0;0.0;0.0
bn:00062118n;12071;12077;syntaxe;0.0;0.0;0.0
bn:00096782a;12079;12087;similaire;0.0;0.0;0.0
bn:00011012n;12095;12101;tableau;0.0;0.0;0.0
bn:00024287n;12113;12118;coucou;0.0;0.0;0.0
bn:00086133v;12136;12141;coucou;1.0;8.21191739730833e-06;0.02
bn:04777941n;12152;12155;case;0.7962085308056872;0.0005518408490991198;0.16
bn:00058286n;12157;12162;numéro;0.0;0.0;0.0
bn:00011012n;12178;12184;tableau;0.0;0.0;0.0
bn:00088725v;12192;12198;générer;0.0;0.0;0.0
bn:00076732n;12200;12204;texte;0.7131952017448201;0.0021482375911358593;0.24
bn:00086133v;12206;12211;coucou;1.0;8.21191739730833e-06;0.02
bn:00011012n;12217;12223;tableau;0.0;0.0;0.0
bn:00029680n;12231;12236;valeur;0.0;0.0;0.0
bn:00082317v;12240;12246;ajouter;0.0;0.0;0.0
bn:04777941n;12248;12251;case;0.7962085308056872;0.0005518408490991198;0.16
bn:00011012n;12253;12259;tableau;0.0;0.0;0.0
bn:00011012n;12263;12269;tableau;0.0;0.0;0.0
bn:00085072v;12271;12276;ranger;0.0;0.0;0.0
bn:00029680n;12278;12283;valeur;0.0;0.0;0.0
bn:00103006a;12287;12293;premier;0.0;0.0;0.0
bn:04777941n;12295;12298;case;0.7962085308056872;0.0005518408490991198;0.16
bn:00011012n;12304;12310;tableau;0.0;0.0;0.0
bn:00089252v;12312;12317;porter;0.0;0.0;0.0
bn:00058286n;12319;12324;numéro;0.0;0.0;0.0
bn:00086008v;12333;12337;créer;0.0;0.0;0.0
bn:00011012n;12339;12345;tableau;0.0;0.0;0.0
bn:00087579v;12347;12350;vide;0.0;0.0;0.0
bn:00084451v;12354;12360;pouvoir;0.9230769230769231;1.5766881402831995e-05;0.024
bn:00082705v;12362;12369;utiliser;0.0;0.0;0.0
bn:00011012n;12375;12381;tableau;0.0;0.0;0.0
bn:00023310n;12397;12401;cours;0.0;0.0;0.0
bn:00023310n;12403;12406;cour;0.0;0.0;0.0
bn:00045087n;12408;12411;HTML;1.0;0.006203939355318497;0.404
bn:01753580n;12415;12417;PHP;0.9998009157873781;0.0065984398670851895;0.372
bn:01753580n;12419;12421;PHP;0.9998009157873781;0.0065984398670851895;0.372
bn:01648657n;12423;12432;généralité;0.0;0.0;0.0
bn:01753580n;12434;12436;PHP;0.9998009157873781;0.0065984398670851895;0.372
bn:00011012n;12440;12446;tableau;0.0;0.0;0.0
bn:03848413n;12440;12457;tableau associatif;0.0;0.0;0.0
bn:00097619a;12448;12457;associatif;1.0;7.22648730963133e-05;0.044
bn:00011012n;12459;12465;tableau;0.0;0.0;0.0
bn:00082868v;12467;12474;associer;0.9347826086956522;0.00033898795016088786;0.096
bn:00029680n;12476;12481;valeur;0.0;0.0;0.0
bn:00017748n;12496;12504;caractère;0.0;0.0;0.0
bn:00062118n;12508;12514;syntaxe;0.0;0.0;0.0
bn:00046516n;12520;12527;personne;0.959556737059052;0.010552313855541205;0.5
bn:15996005n;12533;12538;Prenom;1.0;0.0017445397318841818;0.188
bn:00082868v;12557;12564;associer;0.9347826086956522;0.00033898795016088786;0.096
bn:15996005n;12594;12599;Prenom;1.0;0.0017445397318841818;0.188
bn:00046516n;12613;12620;personne;0.959556737059052;0.010552313855541205;0.5
bn:15996005n;12626;12631;Prenom;1.0;0.0017445397318841818;0.188
bn:00088725v;12639;12645;générer;0.0;0.0;0.0
bn:00076732n;12647;12651;texte;0.7131952017448201;0.0021482375911358593;0.24
bn:00023310n;12660;12664;cours;0.0;0.0;0.0
bn:00023310n;12666;12669;cour;0.0;0.0;0.0
bn:00045087n;12671;12674;HTML;1.0;0.006203939355318497;0.404
bn:01753580n;12678;12680;PHP;0.9998009157873781;0.0065984398670851895;0.372
bn:01753580n;12682;12684;PHP;0.9998009157873781;0.0065984398670851895;0.372
bn:01648657n;12686;12695;généralité;0.0;0.0;0.0
bn:01753580n;12697;12699;PHP;0.9998009157873781;0.0065984398670851895;0.372
bn:00022284n;12703;12710;contrôle;0.0;0.0;0.0
bn:00022071n;12712;12720;structure;0.0;0.0;0.0
bn:00047734n;12712;12732;structure de contrôle;1.0;0.003165201441618523;0.292
bn:00022284n;12725;12732;contrôle;0.0;0.0;0.0
bn:00096782a;12734;12742;similaire;0.0;0.0;0.0
bn:00039869n;12753;12754;if;0.0;0.0;0.0
bn:00017049n;12839;12847;inclusion;0.0;0.0;0.0
bn:00101268a;12853;12857;autre;0.0;0.0;0.0
bn:00021475n;12859;12865;fichier;0.9266344938526945;0.010596001256094886;0.508
bn:01753580n;12867;12869;PHP;0.9998009157873781;0.0065984398670851895;0.372
bn:00056758n;12885;12887;nom;0.0;0.0;0.0
bn:00023310n;12909;12913;cours;0.0;0.0;0.0
bn:00023310n;12915;12918;cour;0.0;0.0;0.0
bn:00045087n;12920;12923;HTML;1.0;0.006203939355318497;0.404
bn:01753580n;12927;12929;PHP;0.9998009157873781;0.0065984398670851895;0.372
bn:01753580n;12931;12933;PHP;0.9998009157873781;0.0065984398670851895;0.372
bn:01648657n;12935;12944;généralité;0.0;0.0;0.0
bn:01753580n;12946;12948;PHP;0.9998009157873781;0.0065984398670851895;0.372
bn:00036821n;12952;12959;fonction;0.0;0.0;0.0
bn:00025928n;12961;12970;définition;0.9998802825332216;0.0027434373640927673;0.288
bn:04733431n;12961;12982;définition de fonction;1.0;3.284766958923332e-06;0.008
bn:00036821n;12975;12982;fonction;0.0;0.0;0.0
bn:00056758n;12995;12997;nom;0.0;0.0;0.0
bn:00036821n;12999;13006;fonction;0.0;0.0;0.0
bn:00088506v;13046;13053;renvoyer;0.0;0.0;0.0
bn:00021961n;13055;13062;résultat;0.0;0.0;0.0
bn:00036821n;13069;13076;fonction;0.0;0.0;0.0
bn:00029680n;13087;13092;valeur;0.0;0.0;0.0
bn:00023310n;13096;13100;cours;0.0;0.0;0.0
bn:00023310n;13102;13105;cour;0.0;0.0;0.0
bn:00045087n;13107;13110;HTML;1.0;0.006203939355318497;0.404
bn:01753580n;13114;13116;PHP;0.9998009157873781;0.0065984398670851895;0.372
bn:01753580n;13118;13120;PHP;0.9998009157873781;0.0065984398670851895;0.372
bn:00053116n;13122;13128;gestion;0.0;0.0;0.0
bn:14352118n;13130;13139;formulaire;0.0;0.0;0.0
bn:01753580n;13141;13143;PHP;0.9998009157873781;0.0065984398670851895;0.372
bn:00019621n;13147;13158;récupération;0.0;0.0;0.0
bn:00060585n;13160;13168;paramètre;0.0;0.0;0.0
bn:00889785n;13185;13196;interpréteur;0.0;0.0;0.0
bn:01753580n;13198;13200;PHP;0.9998009157873781;0.0065984398670851895;0.372
bn:00089742v;13202;13212;initialiser;1.0;0.0003156661047525322;0.124
bn:00011012n;13214;13220;tableau;0.0;0.0;0.0
bn:03848413n;13214;13231;tableau associatif;0.0;0.0;0.0
bn:00097619a;13222;13231;associatif;1.0;7.22648730963133e-05;0.044
bn:00082868v;13233;13240;associer;0.9347826086956522;0.00033898795016088786;0.096
bn:00056758n;13244;13246;nom;0.0;0.0;0.0
bn:00060585n;13251;13259;paramètre;0.0;0.0;0.0
bn:00029680n;13261;13266;valeur;0.0;0.0;0.0
bn:00056758n;13270;13272;nom;0.0;0.0;0.0
bn:00011012n;13274;13280;tableau;0.0;0.0;0.0
bn:00089742v;13282;13292;initialiser;1.0;0.0003156661047525322;0.124
bn:00086606v;13294;13301;dépendre;0.0;0.0;0.0
bn:01641329n;13306;13312;méthode;0.8988326848249028;0.003035124670045159;0.28
bn:01500184n;13318;13321;POST;0.9942572741194488;0.0008530539792323894;0.196
bn:01641329n;13328;13334;méthode;0.8988326848249028;0.003035124670045159;0.28
bn:00045088n;13328;13339;méthode POST;1.0;0.0036805813774735937;0.332
bn:01500184n;13336;13339;POST;0.9942572741194488;0.0008530539792323894;0.196
bn:01641329n;13352;13358;méthode;0.8988326848249028;0.003035124670045159;0.28
bn:00045088n;13352;13362;méthode GET;1.0;0.0036805813774735937;0.332
bn:00032100n;13364;13370;exemple;0.0;0.0;0.0
bn:00087013v;13374;13381;afficher;0.0;0.0;0.0
bn:00029680n;13383;13388;valeur;0.0;0.0;0.0
bn:00056758n;13400;13402;nom;0.0;0.0;0.0
bn:00083187v;13410;13413;être;0.0;0.0;0.0
bn:00088769v;13415;13425;transmettre;0.0;0.0;0.0
bn:01641329n;13431;13437;méthode;0.8988326848249028;0.003035124670045159;0.28
bn:00045088n;13431;13442;méthode POST;1.0;0.0036805813774735937;0.332
bn:01500184n;13439;13442;POST;0.9942572741194488;0.0008530539792323894;0.196
bn:01500184n;13454;13457;POST;0.9942572741194488;0.0008530539792323894;0.196
bn:00056758n;13463;13465;nom;0.0;0.0;0.0
bn:00023310n;13473;13477;cours;0.0;0.0;0.0
bn:00023310n;13479;13482;cour;0.0;0.0;0.0
bn:00045087n;13484;13487;HTML;1.0;0.006203939355318497;0.404
bn:01753580n;13491;13493;PHP;0.9998009157873781;0.0065984398670851895;0.372
bn:01753580n;13495;13497;PHP;0.9998009157873781;0.0065984398670851895;0.372
bn:00000759n;13499;13503;accès;0.7123287671232876;0.0005636660101512438;0.156
bn:00000759n;13513;13517;accès;0.7194968553459119;0.0005636660101512438;0.156
bn:00008786n;13521;13524;base;0.0;0.0;0.0
bn:00025333n;13521;13534;base de donnée;1.0;0.01349119485368991;0.544
bn:00025314n;13529;13534;donnée;0.8529643665589949;0.011015794473445287;0.512
bn:00054018n;13547;13551;étape;0.0;0.0;0.0
bn:00021901n;13555;13563;connexion;0.0;0.0;0.0
bn:00025335n;13565;13568;SGBD;0.0;0.0;0.0
bn:00057001n;13572;13580;sélection;0.0;0.0;0.0
bn:00008786n;13586;13589;base;0.0;0.0;0.0
bn:00031082n;13593;13597;envoi;0.0;0.0;0.0
bn:00006362n;13603;13609;requête;0.0;0.0;0.0
bn:00019621n;13613;13624;récupération;0.0;0.0;0.0
bn:00030627n;13626;13636;utilisation;0.0;0.0;0.0
bn:00021961n;13638;13645;résultat;0.0;0.0;0.0
bn:16858148n;13649;13657;fermeture;0.8719211822660099;0.002558176507609491;0.264
bn:00021901n;13662;13670;connexion;0.0;0.0;0.0
bn:00058685n;13674;13680;pouvoir;0.0;0.0;0.0
bn:00054018n;13689;13693;étape;0.0;0.0;0.0
bn:00032768n;13698;13701;fois;0.746976693051891;0.01339100946144275;0.508
bn:00086682v;13707;13713;vouloir;0.0;0.0;0.0
bn:00114512r;13715;13719;avant;0.0;0.0;0.0
bn:00085162v;13724;13729;fermer;0.0;0.0;0.0
bn:00021901n;13731;13739;connexion;0.0;0.0;0.0
bn:00054018n;13747;13751;étape;0.0;0.0;0.0
bn:00023310n;13755;13759;cours;0.0;0.0;0.0
bn:00023310n;13761;13764;cour;0.0;0.0;0.0
bn:00045087n;13766;13769;HTML;1.0;0.006203939355318497;0.404
bn:01753580n;13773;13775;PHP;0.9998009157873781;0.0065984398670851895;0.372
bn:01753580n;13777;13779;PHP;0.9998009157873781;0.0065984398670851895;0.372
bn:00000759n;13781;13785;accès;0.7123287671232876;0.0005636660101512438;0.156
bn:00021901n;13795;13803;connexion;0.0;0.0;0.0
bn:00021901n;13805;13813;connexion;0.0;0.0;0.0
bn:00025335n;13815;13818;SGBD;0.0;0.0;0.0
bn:14874750n;13844;13849;passwd;1.0;0.0009226910387615641;0.212
bn:00052556n;13869;13875;machine;0.0;0.0;0.0
bn:00052556n;13895;13901;machine;0.0;0.0;0.0
bn:00095236v;13903;13909;tourner;0.916030534351145;7.883440701415998e-05;0.06
bn:01753580n;13911;13913;PHP;0.9998009157873781;0.0065984398670851895;0.372
bn:01225760n;13927;13931;mysql;1.0;0.003618499281949943;0.288
bn:00052556n;13945;13951;machine;0.0;0.0;0.0
bn:00095687v;13957;13960;user;0.0;0.0;0.0
bn:14874750n;13966;13971;passwd;1.0;0.0009226910387615641;0.212
bn:00021901n;13995;14003;connexion;0.0;0.0;0.0
bn:00025335n;14005;14008;SGBD;0.0;0.0;0.0
bn:00018661n;14016;14020;choix;0.0;0.0;0.0
bn:00008786n;14025;14028;base;0.0;0.0;0.0
bn:15683405n;14034;14035;bd;0.7570461000655451;0.0011381717512669346;0.22
bn:00021286n;14041;14050;entreprise;0.0;0.0;0.0
bn:01225760n;14056;14060;mysql;1.0;0.003618499281949943;0.288
bn:15683405n;14076;14077;bd;0.7570461000655451;0.0011381717512669346;0.22
bn:00057001n;14113;14121;selection;0.0;0.0;0.0
bn:00008786n;14126;14129;base;0.0;0.0;0.0
bn:16858148n;14137;14145;fermeture;0.8719211822660099;0.002558176507609491;0.264
bn:00006362n;14155;14161;requête;0.0;0.0;0.0
bn:01225760n;14167;14171;mysql;1.0;0.003618499281949943;0.288
bn:00087608v;14173;14177;clore;0.72;2.3650322104247994e-05;0.032
bn:00023310n;14195;14199;cours;0.0;0.0;0.0
bn:00023310n;14201;14204;cour;0.0;0.0;0.0
bn:00045087n;14206;14209;HTML;1.0;0.006203939355318497;0.404
bn:01753580n;14213;14215;PHP;0.9998009157873781;0.0065984398670851895;0.372
bn:01753580n;14217;14219;PHP;0.9998009157873781;0.0065984398670851895;0.372
bn:00000759n;14221;14225;accès;0.7194968553459119;0.0005636660101512438;0.156
bn:00031082n;14235;14239;envoi;0.0;0.0;0.0
bn:00006362n;14244;14250;requête;0.0;0.0;0.0
bn:02266432n;14274;14276;SQL;1.0;0.004307643389932058;0.316
bn:01225760n;14295;14299;mysql;1.0;0.003618499281949943;0.288
bn:00031485n;14344;14349;erreur;0.0;0.0;0.0
bn:00019966n;14362;14370;exécution;0.0;0.0;0.0
bn:00032100n;14391;14397;exemple;0.0;0.0;0.0
bn:15928884n;14403;14409;salaire;0.7064220183486238;0.003915167659825319;0.29615384615384616
bn:00029536n;14411;14413;max;0.0;0.0;0.0
bn:00056758n;14442;14444;nom;0.0;0.0;0.0
bn:14292888n;14451;14457;employe;1.0;4.8065674395176905e-05;0.04230769230769231
bn:15928884n;14475;14481;salaire;0.7064220183486238;0.003915167659825319;0.29615384615384616
bn:15928884n;14489;14495;salaire;0.7064220183486238;0.003915167659825319;0.29615384615384616
bn:01225760n;14520;14524;mysql;1.0;0.003479795931419419;0.28076923076923077
bn:00031485n;14569;14574;erreur;0.0;0.0;0.0
bn:00019966n;14587;14595;exécution;0.0;0.0;0.0
bn:05011514n;14606;14608;ete;1.0;0.00013585504663760745;0.06923076923076923
bn:00061898n;14623;14627;phase;0.8763040238450075;0.0007007260300255542;0.13846153846153847
bn:00010136n;14623;14644;phase de développement;0.0;0.0;0.0
bn:00026696n;14632;14644;développement;0.0;0.0;0.0
bn:13601970v;14648;14654;pouvoir;0.0;0.0;0.0
bn:00158524n;14656;14659;être;0.0;0.0;0.0
bn:00104094a;14661;14665;utile;0.0;0.0;0.0
bn:00087013v;14671;14678;afficher;0.0;0.0;0.0
bn:00031082n;14696;14700;envoi;0.0;0.0;0.0
bn:00025335n;14702;14705;SGBD;0.7084548104956269;0.0020271003011453534;0.2423076923076923
bn:00023310n;14709;14713;cours;0.0;0.0;0.0
bn:00023310n;14715;14718;cour;0.0;0.0;0.0
bn:00045087n;14720;14723;HTML;1.0;0.007196742338986943;0.38076923076923075
bn:01753580n;14727;14729;PHP;1.0;0.00643523905125509;0.34615384615384615
bn:01753580n;14731;14733;PHP;1.0;0.00643523905125509;0.34615384615384615
bn:00000663n;14735;14739;accès;0.0;0.0;0.0
bn:00026699n;14749;14760;exploitation;0.0;0.0;0.0
bn:00021961n;14762;14769;résultat;0.0;0.0;0.0
bn:00006362n;14775;14781;requête;0.0;0.0;0.0
bn:00084976v;14783;14787;coder;0.95;0.00011321253886467288;0.057692307692307696
bn:00016413n;14789;14792;type;0.0;0.0;0.0
bn:00088968v;14799;14807;parcourir;0.9183673469387755;7.150265612505656e-05;0.046153846153846156
bn:00021961n;14809;14816;résultat;0.0;0.0;0.0
bn:00000005n;14830;14835;nuplet;0.0;0.0;0.0
bn:01225760n;14839;14843;mysql;1.0;0.003479795931419419;0.28076923076923077
bn:00029423n;14882;14887;boucle;0.0;0.0;0.0
bn:03237310n;14882;14893;boucle while;1.0;0.0006864254988005429;0.13846153846153847
bn:00082537v;14895;14903;permettre;0.0;0.0;0.0
bn:00088968v;14908;14916;parcourir;0.9183673469387755;7.150265612505656e-05;0.046153846153846156
bn:00078196n;14918;14924;n-uplet;0.0;0.0;0.0
bn:00021961n;14933;14940;résultat;0.0;0.0;0.0
bn:00078196n;14944;14950;n-uplet;0.0;0.0;0.0
bn:00050151n;14956;14959;tour;0.0;0.0;0.0
bn:00029423n;14964;14969;boucle;0.0;0.0;0.0
bn:00083187v;14984;14987;être;0.0;0.0;0.0
bn:00011012n;14989;14995;tableau;0.0;0.0;0.0
bn:03848413n;14989;15006;tableau associatif;0.0;0.0;0.0
bn:00097619a;14997;15006;associatif;1.0;7.150265612505656e-06;0.011538461538461539
bn:00082868v;15008;15015;associer;0.8761682242990654;0.00014896386692720117;0.057692307692307696
bn:00007068n;15019;15026;attribut;0.8458149779735683;0.0023643544958685367;0.24615384615384617
bn:00021961n;15028;15035;résultat;0.0;0.0;0.0
bn:00029680n;15037;15042;valeur;0.0;0.0;0.0
bn:00078196n;15049;15055;n-uplet;0.0;0.0;0.0
bn:00103325a;15057;15063;courant;0.0;0.0;0.0
bn:00006362n;15067;15073;requête;0.0;0.0;0.0
bn:00083187v;15075;15078;être;0.0;0.0;0.0
bn:00079238n;15080;15090;mise à jour;0.0;0.0;0.0
bn:00000086n;15087;15090;jour;0.7326613870890328;0.0012127644952766537;0.16538461538461538
bn:00158524n;15094;15097;être;0.0;0.0;0.0
bn:00112990a;15099;15105;inutile;0.0;0.0;0.0
bn:00088968v;15110;15118;parcourir;0.9183673469387755;7.150265612505656e-05;0.046153846153846156
bn:00021961n;15120;15127;résultat;0.0;0.0;0.0
bn:00023310n;15131;15135;cours;0.0;0.0;0.0
bn:00023310n;15137;15140;cour;0.0;0.0;0.0
bn:00045087n;15142;15145;HTML;1.0;0.007196742338986943;0.38076923076923075
bn:01753580n;15149;15151;PHP;1.0;0.00643523905125509;0.34615384615384615
bn:01753580n;15153;15155;PHP;1.0;0.00643523905125509;0.34615384615384615
bn:00000663n;15157;15161;accès;0.0;0.0;0.0
bn:00032100n;15171;15177;exemple;0.0;0.0;0.0
bn:15928884n;15181;15187;salaire;0.7064220183486238;0.003915167659825319;0.29615384615384616
bn:00029536n;15189;15191;max;0.0;0.0;0.0
bn:00056758n;15220;15222;nom;0.0;0.0;0.0
bn:15928884n;15226;15232;salaire;0.7064220183486238;0.003915167659825319;0.29615384615384616
bn:14292888n;15239;15245;employe;1.0;4.8065674395176905e-05;0.04230769230769231
bn:15928884n;15263;15269;salaire;0.7064220183486238;0.003915167659825319;0.29615384615384616
bn:15928884n;15277;15283;salaire;0.7064220183486238;0.003915167659825319;0.29615384615384616
bn:01225760n;15308;15312;mysql;1.0;0.003479795931419419;0.28076923076923077
bn:00031485n;15357;15362;erreur;0.0;0.0;0.0
bn:00019966n;15375;15383;exécution;0.0;0.0;0.0
bn:05011514n;15394;15396;ete;1.0;0.00013585504663760745;0.06923076923076923
bn:00030616n;15426;15433;employer;0.7575757575757576;0.0014300531225011311;0.17307692307692307
bn:00084089v;15435;15440;gagner;0.0;0.0;0.0
bn:15928884n;15457;15463;salaire;0.7064220183486238;0.003915167659825319;0.29615384615384616
bn:00031888n;15469;15472;euro;0.9200863930885529;0.0011845606698051036;0.16153846153846155
bn:00078738n;15478;15479;an;0.0;0.0;0.0
bn:00000005n;15506;15511;nuplet;0.0;0.0;0.0
bn:01225760n;15515;15519;mysql;1.0;0.003479795931419419;0.28076923076923077
bn:00056758n;15554;15556;nom;0.0;0.0;0.0
bn:00056758n;15573;15575;nom;0.0;0.0;0.0
bn:03811108n;15585;15587;sal;0.0;0.0;0.0
bn:00000005n;15593;15598;nuplet;0.0;0.0;0.0
bn:15928884n;15604;15610;salaire;0.7064220183486238;0.003915167659825319;0.29615384615384616
bn:00056758n;15636;15638;nom;0.0;0.0;0.0
bn:00084089v;15640;15645;gagner;0.0;0.0;0.0
bn:15928884n;15649;15655;salaire;0.7064220183486238;0.003915167659825319;0.29615384615384616
bn:00031888n;15657;15660;euro;0.9200863930885529;0.0011845606698051036;0.16153846153846155
bn:00078738n;15666;15667;an;0.0;0.0;0.0
bn:00023310n;15687;15691;cours;0.0;0.0;0.0
bn:00023310n;15693;15696;cour;0.0;0.0;0.0
bn:00045087n;15698;15701;HTML;1.0;0.007196742338986943;0.38076923076923075
bn:01753580n;15705;15707;PHP;1.0;0.00643523905125509;0.34615384615384615
bn:01753580n;15709;15711;PHP;1.0;0.00643523905125509;0.34615384615384615
bn:00070689n;15713;15719;session;0.0;0.0;0.0
bn:00070689n;15721;15727;session;0.0;0.0;0.0
bn:13601970v;15733;15739;pouvoir;0.0;0.0;0.0
bn:00083187v;15741;15744;être;0.0;0.0;0.0
bn:00085368v;15741;15750;être utile;1.0;0.00036466354623778844;0.06923076923076923
bn:00104094a;15746;15750;utile;0.0;0.0;0.0
bn:00091983v;15755;15763;conserver;0.0;0.0;0.0
bn:00046698n;15765;15775;information;0.0;0.0;0.0
bn:03870834n;15794;15798;autre;1.0;2.1848033815989503e-05;0.019230769230769232
bn:00032100n;15806;15812;exemple;0.0;0.0;0.0
bn:00048886n;15816;15823;souvenir;0.0;0.0;0.0
bn:03999118n;15825;15829;login;1.0;1.5889479138901457e-06;0.007692307692307693
bn:00079373n;15838;15848;utilisateur;0.7584591358667361;0.0023150971105379424;0.23846153846153847
bn:00048886n;15850;15857;souvenir;0.0;0.0;0.0
bn:00063236n;15859;15867;référence;0.0;0.0;0.0
bn:00086679v;15869;15876;indiquer;0.0;0.0;0.0
bn:00079373n;15884;15894;utilisateur;0.7584591358667361;0.0023150971105379424;0.23846153846153847
bn:00089814v;15900;15909;intéresser;0.7584269662921348;0.00010725398418758483;0.057692307692307696
bn:00048886n;15911;15918;souvenir;0.0;0.0;0.0
bn:00105773a;15920;15926;dernier;0.0;0.0;0.0
bn:00060158n;15928;15931;page;0.0;0.0;0.0
bn:00079373n;15949;15959;utilisateur;0.7584591358667361;0.0023150971105379424;0.23846153846153847
bn:00114282r;15961;15963;etc;1.0;0.0006339902176421681;0.14615384615384616
bn:00110667a;15975;15978;seul;0.7165354330708661;3.614856504100081e-05;0.026923076923076925
bn:00001965n;15980;15984;moyen;0.0;0.0;0.0
bn:00082705v;15988;15995;utiliser;0.0;0.0;0.0
bn:00060585n;15997;16005;paramètre;0.0;0.0;0.0
bn:00084733v;16007;16012;penser;0.0;0.0;0.0
bn:00089804v;16007;16014;penser à;1.0;9.93092446181341e-06;0.019230769230769232
bn:00094537v;16016;16023;remettre;0.0;0.0;0.0
bn:00045513n;16027;16030;lien;0.0;0.0;0.0
bn:00734893n;16032;16035;dans;0.0;0.0;0.0
bn:14352118n;16037;16046;formulaire;0.0;0.0;0.0
bn:00021493n;16050;16062;programmation;0.8834034766697164;0.009588903423348557;0.38846153846153847
bn:00109093a;16064;16073;fastidieux;0.0;0.0;0.0
bn:00040284n;16075;16080;source;0.0;0.0;0.0
bn:00048242n;16085;16092;problème;0.0;0.0;0.0
bn:00023310n;16096;16100;cours;0.0;0.0;0.0
bn:00023310n;16102;16105;cour;0.0;0.0;0.0
bn:00045087n;16107;16110;HTML;1.0;0.007196742338986943;0.38076923076923075
bn:01753580n;16114;16116;PHP;1.0;0.00643523905125509;0.34615384615384615
bn:01753580n;16118;16120;PHP;1.0;0.00643523905125509;0.34615384615384615
bn:00070689n;16122;16128;session;0.0;0.0;0.0
bn:00070689n;16130;16136;session;0.0;0.0;0.0
bn:00070689n;16138;16144;session;0.0;0.0;0.0
bn:13601970v;16146;16152;pouvoir;0.0;0.0;0.0
bn:00083187v;16154;16157;être;0.0;0.0;0.0
bn:00070697n;16163;16170;ensemble;0.0;0.0;0.0
bn:00046698n;16176;16186;information;0.0;0.0;0.0
bn:00083240v;16188;16196;concerner;0.9119329012581014;0.0009501908525063071;0.17692307692307693
bn:00079373n;16198;16208;utilisateur;0.7584591358667361;0.0023150971105379424;0.23846153846153847
bn:00047172n;16214;16217;site;0.9883345529680169;0.009120561025729437;0.4307692307692308
bn:00079373n;16225;16235;utilisateur;0.7584591358667361;0.0023150971105379424;0.23846153846153847
bn:00089277v;16239;16246;entendre;0.0;0.0;0.0
bn:00013447n;16248;16257;navigateur;0.9990390159523352;0.010324189070501222;0.4346153846153846
bn:00054050n;16263;16269;machine;0.796510067114094;0.002357204230256031;0.2653846153846154
bn:00046698n;16271;16281;information;0.0;0.0;0.0
bn:00083187v;16283;16286;être;0.0;0.0;0.0
bn:00091983v;16288;16296;conserver;0.0;0.0;0.0
bn:00060158n;16309;16312;page;0.0;0.0;0.0
bn:00060158n;16314;16317;page;0.0;0.0;0.0
bn:01753580n;16319;16321;PHP;1.0;0.00643523905125509;0.34615384615384615
bn:13601970v;16323;16329;pouvoir;0.0;0.0;0.0
bn:00082317v;16331;16337;ajouter;0.0;0.0;0.0
bn:00003127n;16339;16346;modifier;1.0;9.93092446181341e-06;0.019230769230769232
bn:00046698n;16348;16358;information;0.0;0.0;0.0
bn:01753580n;16363;16365;PHP;1.0;0.00643523905125509;0.34615384615384615
bn:00070689n;16369;16375;session;0.0;0.0;0.0
bn:00083187v;16377;16380;être;0.0;0.0;0.0
bn:00093430v;16382;16385;voir;0.0;0.0;0.0
bn:00113503a;16387;16394;variable;0.7560581583198708;0.00018590690592514705;0.06923076923076923
bn:00102635a;16396;16402;spécial;0.0;0.0;0.0
bn:00084386v;16404;16410;appeler;0.0;0.0;0.0
bn:00083187v;16428;16431;être;0.0;0.0;0.0
bn:00011012n;16433;16439;tableau;0.0;0.0;0.0
bn:03848413n;16433;16450;tableau associatif;0.0;0.0;0.0
bn:00097619a;16441;16450;associatif;1.0;7.150265612505656e-06;0.011538461538461539
bn:00029680n;16452;16457;valeur;0.0;0.0;0.0
bn:00158524n;16459;16462;être;0.0;0.0;0.0
bn:00091983v;16464;16472;conserver;0.0;0.0;0.0
bn:00101268a;16491;16495;autre;0.0;0.0;0.0
bn:00023310n;16497;16501;cours;0.0;0.0;0.0
bn:00023310n;16503;16506;cour;0.0;0.0;0.0
bn:00045087n;16508;16511;HTML;1.0;0.007196742338986943;0.38076923076923075
bn:01753580n;16515;16517;PHP;1.0;0.00643523905125509;0.34615384615384615
bn:01753580n;16519;16521;PHP;1.0;0.00643523905125509;0.34615384615384615
bn:00070689n;16523;16529;session;0.0;0.0;0.0
bn:00030627n;16531;16541;utilisation;0.0;0.0;0.0
bn:00070689n;16543;16549;session;0.0;0.0;0.0
bn:01753580n;16554;16556;PHP;1.0;0.00643523905125509;0.34615384615384615
bn:00060158n;16558;16561;page;0.0;0.0;0.0
bn:01753580n;16563;16565;PHP;1.0;0.00643523905125509;0.34615384615384615
bn:00082705v;16567;16574;utiliser;0.0;0.0;0.0
bn:00070689n;16576;16582;session;0.0;0.0;0.0
bn:00091360v;16584;16589;devoir;0.0;0.0;0.0
bn:00087013v;16608;16615;afficher;0.0;0.0;0.0
bn:00083187v;16617;16620;être;0.0;0.0;0.0
bn:00083342v;16624;16632;commencer;0.0;0.0;0.0
bn:00020945n;16642;16652;instruction;0.0;0.0;0.0
bn:00070689n;16656;16662;session;0.0;0.0;0.0
bn:04971940n;16664;16668;start;0.9090909090909091;1.1917109354176093e-05;0.019230769230769232
bn:00020945n;16676;16686;instruction;0.0;0.0;0.0
bn:00086008v;16688;16692;créer;0.0;0.0;0.0
bn:00113503a;16694;16701;variable;0.7560581583198708;0.00018590690592514705;0.06923076923076923
bn:00070689n;16705;16711;session;0.0;0.0;0.0
bn:00088175v;16713;16719;remplir;0.0;0.0;0.0
bn:00029680n;16726;16731;valeur;0.0;0.0;0.0
bn:00089240v;16738;16742;avoir;0.0;0.0;0.0
bn:00734893n;16744;16747;dans;0.0;0.0;0.0
bn:00060158n;16749;16752;page;0.0;0.0;0.0
bn:01753580n;16754;16756;PHP;1.0;0.00643523905125509;0.34615384615384615
bn:00107791a;16758;16766;précédent;0.0;0.0;0.0
bn:00113503a;16770;16777;variable;0.7560581583198708;0.00018590690592514705;0.06923076923076923
bn:00070689n;16781;16787;session;0.0;0.0;0.0
bn:00089172v;16789;16797;manipuler;0.0;0.0;0.0
bn:00011012n;16799;16805;tableau;0.0;0.0;0.0
bn:03848413n;16799;16816;tableau associatif;0.0;0.0;0.0
bn:00097619a;16807;16816;associatif;1.0;7.150265612505656e-06;0.011538461538461539
bn:00099753a;16818;16826;classique;0.0;0.0;0.0
bn:00023310n;16830;16834;cours;0.0;0.0;0.0
bn:00023310n;16836;16839;cour;0.0;0.0;0.0
bn:00045087n;16841;16844;HTML;1.0;0.007196742338986943;0.38076923076923075
bn:01753580n;16848;16850;PHP;1.0;0.00643523905125509;0.34615384615384615
bn:01753580n;16852;16854;PHP;1.0;0.00643523905125509;0.34615384615384615
bn:00070689n;16856;16862;session;0.0;0.0;0.0
bn:00079373n;16887;16897;utilisateur;0.7584591358667361;0.0023150971105379424;0.23846153846153847
bn:00090445v;16899;16909;déconnecter;1.0;2.8601062450022624e-05;0.023076923076923078
bn:00083187v;16913;16916;être;0.0;0.0;0.0
bn:00104680a;16918;16926;important;0.0;0.0;0.0
bn:00086699v;16931;16938;détruire;0.0;0.0;0.0
bn:00070689n;16940;16946;session;0.0;0.0;0.0
bn:00032100n;16952;16958;exemple;0.0;0.0;0.0
bn:00082954v;16965;16970;éviter;0.0;0.0;0.0
bn:00105773a;16977;16982;second;0.9970845481049563;0.00013585504663760745;0.06923076923076923
bn:00046516n;16984;16991;personne;0.9938561619082038;0.022940435506788977;0.6346153846153846
bn:00082705v;16993;17000;utiliser;0.0;0.0;0.0
bn:00021464n;17002;17011;ordinateur;0.7296912433971886;0.03012605521037869;0.6961538461538461
bn:00087107v;17013;17017;faire;0.0;0.0;0.0
bn:00087256v;17013;17024;faire passer;1.0;3.575132806252828e-06;0.011538461538461539
bn:00091458v;17019;17024;passer;0.0;0.0;0.0
bn:00046516n;17039;17046;personne;0.9938561619082038;0.022940435506788977;0.6346153846153846
bn:00086699v;17053;17060;détruire;0.0;0.0;0.0
bn:00070689n;17074;17080;session;0.0;0.0;0.0
bn:00070689n;17096;17102;session;0.0;0.0;0.0
bn:00087609v;17110;17114;clore;0.779296875;0.00031699510882108407;0.08076923076923077
bn:00028015n;17122;17129;document;0.0;0.0;0.0
bn:00060158n;17139;17142;page;0.0;0.0;0.0
bn:00080778n;17139;17146;page Web;1.0;0.005920419927154683;0.35384615384615387
bn:00080778n;17144;17146;Web;0.0;0.0;0.0
bn:00045087n;17148;17151;HTML;1.0;0.007196742338986943;0.38076923076923075
bn:00022071n;17153;17161;structure;0.0;0.0;0.0
bn:03276801n;17153;17169;structure de base;1.0;3.972369784725364e-07;0.0038461538461538464
bn:00008786n;17166;17169;base;0.0;0.0;0.0
bn:14352118n;17171;17180;formulaire;0.0;0.0;0.0
bn:01753580n;17182;17184;PHP;1.0;0.00643523905125509;0.34615384615384615
bn:01648657n;17186;17195;généralité;0.0;0.0;0.0
bn:00053116n;17197;17203;gestion;0.0;0.0;0.0
bn:14352118n;17205;17214;formulaire;0.0;0.0;0.0
bn:00000759n;17216;17220;accès;0.820097244732577;0.0010050095555355172;0.17692307692307693
