bn:01753580n;0;2;php;1.0;0.005087757974692396;0.4536082474226804
bn:00050344n;10;21;introduction;0.0;0.0;0.0
bn:00060158n;30;34;pages;0.0;0.0;0.0
bn:00083187v;46;49;être;0.0;0.0;0.0
bn:00024712n;60;67;internet;0.9874513904774354;0.01455840745466668;0.7396907216494846
bn:00076732n;69;73;texte;0.940510924519477;0.0029064643365166462;0.3556701030927835
bn:00087013v;75;82;afficher;0.954653937947494;2.75311578717121e-05;0.05154639175257732
bn:00020945n;84;95;instructions;0.0;0.0;0.0
bn:00016287n;97;100;mise;0.9680324178298064;0.0017757596827254305;0.3324742268041237
bn:00060158n;102;105;page;0.0;0.0;0.0
bn:00020945n;109;120;instructions;0.0;0.0;0.0
bn:00014694n;122;127;calcul;0.0;0.0;0.0
bn:00047235n;129;139;traitements;0.0;0.0;0.0
bn:00100214a;141;153;conditionnels;0.0;0.0;0.0
bn:00047172n;159;163;sites;0.9852970175006163;0.005502583695924418;0.48711340206185566
bn:00115880r;165;168;plus;0.0;0.0;0.0
bn:00115880r;170;173;plus;0.0;0.0;0.0
bn:00109833a;175;180;riches;0.0;0.0;0.0
bn:00046698n;182;193;informations;0.0;0.0;0.0
bn:00057131n;195;203;nécessité;0.0;0.0;0.0
bn:00100641a;205;214;croissante;1.0;6.194510521135223e-07;0.007731958762886598
bn:00082573v;216;224;améliorer;0.0;0.0;0.0
bn:00022154n;226;232;contenu;0.0;0.0;0.0
bn:00047172n;234;238;sites;0.9852970175006163;0.005502583695924418;0.48711340206185566
bn:00000086n;248;251;jour;0.0;0.0;0.0
bn:00106403a;253;261;manuelles;0.0;0.0;0.0
bn:00115274r;263;266;trop;0.72;2.7255846292994978e-05;0.04639175257731959
bn:00100148a;268;276;complexes;0.8227848101265823;7.158101046645145e-05;0.06701030927835051
bn:00032100n;284;290;exemple;0.0;0.0;0.0
bn:00090884v;292;299;modifier;0.0;0.0;0.0
bn:00060158n;318;322;pages;0.0;0.0;0.0
bn:00057164n;324;329;besoin;0.0;0.0;0.0
bn:00004451n;331;338;réponses;0.0;0.0;0.0
bn:00111001a;340;350;spécifiques;0.0;0.0;0.0
bn:00007708n;358;359;bd;0.0;0.0;0.0
bn:00032100n;361;367;exemple;0.0;0.0;0.0
bn:00060872n;369;375;passage;0.0;0.0;0.0
bn:00047172n;377;381;sites;0.9852970175006163;0.005502583695924418;0.48711340206185566
bn:00111112a;383;391;statiques;0.719626168224299;1.059949578060916e-05;0.028350515463917526
bn:00047172n;393;397;sites;0.9852970175006163;0.005502583695924418;0.48711340206185566
bn:00101917a;399;408;dynamiques;0.0;0.0;0.0
bn:00080778n;410;412;web;0.0;0.0;0.0
bn:00101917a;414;422;dynamique;0.0;0.0;0.0
bn:00019764n;429;434;client;0.8556339955125047;0.0021522482666210935;0.30412371134020616
bn:00013447n;445;454;navigateur;0.9961774100644081;0.006546909341893137;0.5283505154639175
bn:00021961n;458;466;résultats;0.0;0.0;0.0
bn:00113501a;468;476;variables;0.0;0.0;0.0
bn:00036821n;478;485;fonction;0.0;0.0;0.0
bn:00013447n;487;496;navigateur;0.9961774100644081;0.006546909341893137;0.5283505154639175
bn:00057131n;498;506;nécessité;0.0;0.0;0.0
bn:00054378n;508;512;tests;0.0;0.0;0.0
bn:00104680a;514;523;importants;0.0;0.0;0.0
bn:00104928a;527;537;indépendant;0.0;0.0;0.0
bn:00080344n;541;547;serveur;0.0;0.0;0.0
bn:00091387v;562;565;page;0.0;0.0;0.0
bn:00032655n;572;575;fait;0.0;0.0;0.0
bn:00106110a;577;581;local;0.75;2.477804208454089e-06;0.015463917525773196
bn:00006565n;583;591;confiance;0.0;0.0;0.0
bn:00040284n;595;601;sources;0.0;0.0;0.0
bn:00023295n;603;611;programme;0.0;0.0;0.0
bn:00097846a;613;623;disponibles;0.0;0.0;0.0
bn:00080344n;644;650;serveur;0.0;0.0;0.0
bn:15865575n;644;658;serveur fiables;1.0;0.00020428119140810378;0.13659793814432988
bn:00101187a;652;658;fiables;0.0;0.0;0.0
bn:00008786n;662;665;base;0.0;0.0;0.0
bn:00019764n;688;693;client;0.8556339955125047;0.0021522482666210935;0.30412371134020616
bn:00013447n;688;697;client web;0.8924081510113708;0.006546909341893137;0.5283505154639175
bn:00080778n;695;697;web;0.0;0.0;0.0
bn:00101917a;699;707;dynamique;0.0;0.0;0.0
bn:00080344n;714;720;serveur;0.0;0.0;0.0
bn:00047199n;724;737;interprétation;0.0;0.0;0.0
bn:00080344n;748;754;serveur;0.0;0.0;0.0
bn:00104928a;758;768;indépendant;0.0;0.0;0.0
bn:00052556n;770;776;machine;0.0;0.0;0.0
bn:00013447n;778;787;navigateur;0.9961774100644081;0.006546909341893137;0.5283505154639175
bn:00100126a;791;800;compatible;0.0;0.0;0.0
bn:00013447n;807;817;navigateurs;0.9961774100644081;0.006546909341893137;0.5283505154639175
bn:00032125n;823;830;échanges;0.0;0.0;0.0
bn:00083240v;832;841;concernent;0.7493421052631579;0.00023518491611910063;0.13144329896907217
bn:00101268a;853;857;autre;0.0;0.0;0.0
bn:00040284n;859;865;sources;0.0;0.0;0.0
bn:00080344n;867;873;serveur;0.0;0.0;0.0
bn:00105385a;875;884;invisibles;0.9695817490494296;1.7551113143216464e-05;0.03865979381443299
bn:00057164n;886;891;besoin;0.0;0.0;0.0
bn:00032125n;893;900;échanges;0.0;0.0;0.0
bn:00013447n;908;917;navigateur;0.9961774100644081;0.006546909341893137;0.5283505154639175
bn:00080344n;919;925;serveur;0.0;0.0;0.0
bn:00091387v;949;952;page;0.0;0.0;0.0
bn:00001410n;961;972;modification;0.0;0.0;0.0
bn:00080778n;974;976;web;0.0;0.0;0.0
bn:00101917a;978;986;dynamique;0.0;0.0;0.0
bn:00019764n;988;993;client;0.8556339955125047;0.0021522482666210935;0.30412371134020616
bn:03496583n;988;1001;client serveur;1.0;0.0024475199347952056;0.327319587628866
bn:00080344n;995;1001;serveur;0.0;0.0;0.0
bn:00095682v;1005;1008;faut;0.0;0.0;0.0
bn:01431715n;1017;1022;script;0.8888223851563669;0.004088376943949247;0.4252577319587629
bn:03689253n;1017;1034;script côté client;1.0;0.0012506028463225222;0.2963917525773196
bn:00110607a;1024;1027;côté;0.0;0.0;0.0
bn:03163702n;1024;1034;côté client;1.0;0.0014460740672116782;0.28350515463917525
bn:00019764n;1029;1034;client;0.8556339955125047;0.0021522482666210935;0.30412371134020616
bn:00055423n;1036;1045;javascript;1.0;0.0052104092830108735;0.4793814432989691
bn:00014694n;1047;1053;calculs;0.0;0.0;0.0
bn:00047235n;1055;1064;traitement;0.0;0.0;0.0
bn:00110649a;1066;1072;simples;0.0;0.0;0.0
bn:00000086n;1082;1085;jour;0.0;0.0;0.0
bn:00060158n;1087;1090;page;0.0;0.0;0.0
bn:00080778n;1087;1094;page web;1.0;0.004753529718129811;0.4587628865979381
bn:00080778n;1092;1094;web;0.0;0.0;0.0
bn:00591140n;1101;1112;rechargement;0.0;0.0;0.0
bn:01431715n;1123;1128;script;0.8888223851563669;0.004088376943949247;0.4252577319587629
bn:00032604n;1130;1133;côté;0.0;0.0;0.0
bn:03816678n;1130;1141;côté serveur;1.0;0.0013008472094383967;0.2706185567010309
bn:00080344n;1135;1141;serveur;0.0;0.0;0.0
bn:01753580n;1143;1145;php;1.0;0.005087757974692396;0.4536082474226804
bn:00101268a;1147;1151;autre;0.0;0.0;0.0
bn:00014694n;1153;1159;calculs;0.0;0.0;0.0
bn:00047235n;1161;1171;traitements;0.0;0.0;0.0
bn:00115880r;1173;1176;plus;0.0;0.0;0.0
bn:00006362n;1192;1199;requêtes;0.0;0.0;0.0
bn:00008786n;1206;1209;base;0.0;0.0;0.0
bn:00025314n;1211;1217;données;0.8276512232928742;0.006284262095797004;0.5824742268041238
bn:00059127n;1221;1230;opérations;0.0;0.0;0.0
bn:00049910n;1245;1251;langage;0.7438453713123092;0.0070457739225285605;0.5773195876288659
bn:00044268n;1257;1264;histoire;0.8794031200542618;0.0026771297914452846;0.35051546391752575
bn:01753580n;1272;1297;php hypertext preprocessor;1.0;0.005087757974692396;0.4536082474226804
bn:04725264n;1276;1284;hypertext;1.0;1.376557893585605e-06;0.010309278350515464
bn:00103006a;1299;1306;première;0.7177304964539007;3.482691470771581e-05;0.05670103092783505
bn:00044514n;1329;1338;home pages;1.0;0.0015899243670913737;0.28350515463917525
bn:00060158n;1334;1338;pages;0.0;0.0;0.0
bn:00087845v;1340;1343;sort;0.0;0.0;0.0
bn:00108977a;1353;1360;actuelle;0.0;0.0;0.0
bn:00032242n;1362;1367;sortie;0.0;0.0;0.0
bn:00115880r;1381;1384;plus;0.0;0.0;0.0
bn:00007140n;1403;1406;août;0.0;0.0;0.0
bn:00114073r;1408;1414;environ;0.0;0.0;0.0
bn:00047172n;1416;1420;sites;0.9852970175006163;0.005502583695924418;0.48711340206185566
bn:00047172n;1416;1424;sites web;1.0;0.0055578524953518805;0.4896907216494845
bn:00937946n;1416;1435;sites web dynamiques;1.0;0.001734394118023183;0.2912371134020619
bn:00082705v;1437;1445;utilisent;0.0;0.0;0.0
bn:01753580n;1447;1449;php;1.0;0.005087757974692396;0.4536082474226804
bn:00049910n;1451;1457;langage;0.7438453713123092;0.0070457739225285605;0.5773195876288659
bn:00049910n;1467;1473;langage;0.7438453713123092;0.0070457739225285605;0.5773195876288659
bn:00023652n;1475;1482;création;0.0;0.0;0.0
bn:02246184n;1484;1499;applications web;1.0;0.0028854030007447865;0.35309278350515466
bn:00019966n;1501;1509;exécution;0.0;0.0;0.0
bn:00080344n;1516;1522;serveur;0.0;0.0;0.0
bn:00104928a;1526;1536;indépendant;0.0;0.0;0.0
bn:00103058a;1538;1542;plate;0.0;0.0;0.0
bn:00035908n;1544;1548;forme;0.0;0.0;0.0
bn:00101973a;1561;1566;facile;0.0;0.0;0.0
bn:00085317v;1568;1575;combiner;0.0;0.0;0.0
bn:00080344n;1577;1583;serveur;0.0;0.0;0.0
bn:02705179n;1577;1587;serveur web;0.7613161815625459;0.0024970071910696084;0.3582474226804124
bn:00080778n;1585;1587;web;0.0;0.0;0.0
bn:00021497n;1592;1600;logiciels;0.0;0.0;0.0
bn:00098097a;1632;1638;gratuit;0.0;0.0;0.0
bn:00020354n;1640;1643;code;0.8634100808960796;0.0030559585237600433;0.38144329896907214
bn:00072947n;1640;1650;code source;0.9998179813056094;0.006427148805151189;0.5231958762886598
bn:00040284n;1645;1650;source;0.0;0.0;0.0
bn:00097846a;1652;1661;disponible;0.0;0.0;0.0
bn:00081714n;1663;1670;ecriture;0.981965734896303;0.0017988858553376686;0.2551546391752577
bn:01431715n;1672;1678;scripts;0.8351797999858146;0.0040523111271373044;0.422680412371134
bn:00110649a;1680;1686;simples;0.0;0.0;0.0
bn:00017049n;1688;1696;inclusion;0.0;0.0;0.0
bn:00101411a;1698;1704;directe;0.0;0.0;0.0
bn:01753580n;1706;1708;php;1.0;0.005087757974692396;0.4536082474226804
bn:00049910n;1715;1721;langage;0.7438453713123092;0.0070457739225285605;0.5773195876288659
bn:01753580n;1723;1725;php;1.0;0.005087757974692396;0.4536082474226804
bn:00023295n;1729;1737;programme;0.0;0.0;0.0
bn:00087823v;1739;1747;exécutant;0.0;0.0;0.0
bn:00110607a;1749;1752;côté;0.0;0.0;0.0
bn:03816678n;1749;1760;côté serveur;1.0;0.0013008472094383967;0.2706185567010309
bn:00080344n;1754;1760;serveur;0.0;0.0;0.0
bn:02705179n;1754;1764;serveur web;0.7613161815625459;0.0024970071910696084;0.3582474226804124
bn:00032412n;1768;1776;extension;0.0;0.0;0.0
bn:01753580n;1778;1780;php;1.0;0.005087757974692396;0.4536082474226804
bn:00060158n;1782;1786;pages;0.0;0.0;0.0
bn:00021475n;1794;1801;fichiers;0.8879225222170136;0.006127334495928245;0.5360824742268041
bn:13601970v;1803;1809;pouvant;0.0;0.0;0.0
bn:00114246r;1811;1815;aussi;0.0;0.0;0.0
bn:00083225v;1817;1824;contenir;0.0;0.0;0.0
bn:00021475n;1833;1840;fichiers;0.8879225222170136;0.006127334495928245;0.5360824742268041
bn:01753580n;1842;1844;php;1.0;0.005087757974692396;0.4536082474226804
bn:00080344n;1854;1860;serveur;0.0;0.0;0.0
bn:00079080n;1873;1875;url;1.0;0.0037472658979187338;0.4020618556701031
bn:00045088n;1877;1880;http;0.8944762170456131;0.003530870997047077;0.3865979381443299
bn:03137879n;1886;1888;lip;0.0;0.0;0.0
bn:00060158n;1893;1896;page;0.0;0.0;0.0
bn:00051677n;1904;1913;chargement;0.0;0.0;0.0
bn:00079080n;1915;1917;url;1.0;0.0037472658979187338;0.4020618556701031
bn:00082408v;1919;1926;provoque;0.0;0.0;0.0
bn:00019966n;1928;1936;exécution;0.0;0.0;0.0
bn:00110607a;1938;1941;côté;0.0;0.0;0.0
bn:03816678n;1938;1949;côté serveur;1.0;0.0013008472094383967;0.2706185567010309
bn:00080344n;1943;1949;serveur;0.0;0.0;0.0
bn:01431715n;1953;1958;script;0.8888223851563669;0.004088376943949247;0.4252577319587629
bn:01753580n;1960;1962;php;1.0;0.005087757974692396;0.4536082474226804
bn:00093013v;1964;1965;va;0.0;0.0;0.0
bn:00114778r;1967;1978;généralement;0.9459659511472983;0.00035184819760048067;0.18298969072164947
bn:00086008v;1980;1984;créer;0.0;0.0;0.0
bn:00032100n;1991;1997;exemple;0.0;0.0;0.0
bn:00086682v;2001;2004;veut;0.0;0.0;0.0
bn:00086008v;2006;2010;créer;0.0;0.0;0.0
bn:00091387v;2012;2015;page;0.0;0.0;0.0
bn:00080778n;2012;2019;page web;1.0;0.004753529718129811;0.4587628865979381
bn:00080778n;2017;2019;web;0.0;0.0;0.0
bn:00114401r;2024;2030;dessous;1.0;1.7206973669820062e-06;0.01288659793814433
bn:00058285n;2034;2039;nombre;0.8562518740629685;0.0019654493604615267;0.3118556701030928
bn:00097433a;2041;2050;quelconque;1.0;8.32817525619291e-06;0.028350515463917526
bn:00029680n;2052;2058;valeurs;0.0;0.0;0.0
bn:00085322v;2060;2065;venant;0.0;0.0;0.0
bn:14352118n;2067;2076;formulaire;0.0;0.0;0.0
bn:00032100n;2078;2084;exemple;0.0;0.0;0.0
bn:00011776n;2091;2094;body;0.7254464285714286;8.947626308306432e-05;0.06443298969072164
bn:00012593n;2096;2097;br;1.0;6.194510521135223e-07;0.007731958762886598
bn:00012593n;2099;2100;br;1.0;6.194510521135223e-07;0.007731958762886598
bn:00012593n;2102;2103;br;1.0;6.194510521135223e-07;0.007731958762886598
bn:00011776n;2105;2108;body;0.7254464285714286;8.947626308306432e-05;0.06443298969072164
bn:02234787n;2136;2144;insertion;0.9894212818917237;0.00021887270508011119;0.13659793814432988
bn:00055423n;2146;2155;javascript;1.0;0.0052104092830108735;0.4793814432989691
bn:00947370n;2157;2162;balise;0.0;0.0;0.0
bn:01431715n;2164;2169;script;0.8888223851563669;0.004088376943949247;0.4252577319587629
bn:00029423n;2171;2176;boucle;0.0;0.0;0.0
bn:03237322n;2171;2180;boucle for;1.0;0.000930553136063869;0.26804123711340205
bn:00099753a;2182;2190;classique;0.0;0.0;0.0
bn:00010421n;2194;2202;affichage;0.8681318681318682;0.0003697434502170935;0.17525773195876287
bn:00083225v;2204;2210;contenu;0.0;0.0;0.0
bn:00028015n;2216;2223;document;0.0;0.0;0.0
bn:00074685n;2247;2253;chaînes;0.9469060534779895;0.002715260445097606;0.3865979381443299
bn:00053450n;2255;2259;signe;0.0;0.0;0.0
bn:00087823v;2265;2271;exécuté;0.0;0.0;0.0
bn:00013447n;2273;2282;navigateur;0.9961774100644081;0.006546909341893137;0.5283505154639175
bn:00011776n;2289;2292;body;0.7254464285714286;8.947626308306432e-05;0.06443298969072164
bn:00016413n;2301;2304;type;0.7254727853242902;0.0026429911556843616;0.3865979381443299
bn:14981519n;2306;2309;text;1.0;0.0007076884130923595;0.25
bn:00055423n;2311;2320;javascript;1.0;0.0052104092830108735;0.4793814432989691
bn:00028015n;2336;2343;document;0.0;0.0;0.0
bn:00012593n;2357;2358;br;1.0;6.194510521135223e-07;0.007731958762886598
bn:01431715n;2360;2365;script;0.8888223851563669;0.004088376943949247;0.4252577319587629
bn:00011776n;2367;2370;body;0.7254464285714286;8.947626308306432e-05;0.06443298969072164
bn:02234787n;2391;2399;insertion;0.9894212818917237;0.00021887270508011119;0.13659793814432988
bn:01753580n;2401;2403;php;1.0;0.005087757974692396;0.4536082474226804
bn:00947370n;2405;2410;balise;0.0;0.0;0.0
bn:01753580n;2412;2414;php;1.0;0.005087757974692396;0.4536082474226804
bn:00029423n;2416;2421;boucle;0.0;0.0;0.0
bn:03237322n;2416;2425;boucle for;1.0;0.000930553136063869;0.26804123711340205
bn:00099753a;2427;2435;classique;0.0;0.0;0.0
bn:00010421n;2439;2447;affichage;0.8681318681318682;0.0003697434502170935;0.17525773195876287
bn:00083225v;2449;2455;contenu;0.0;0.0;0.0
bn:00029621n;2461;2464;echo;0.0;0.0;0.0
bn:03489514n;2468;2480;concaténation;1.0;0.0011794348032241463;0.28865979381443296
bn:00074685n;2482;2488;chaînes;0.9478160588150497;0.002715260445097606;0.3865979381443299
bn:00053450n;2490;2494;signe;0.0;0.0;0.0
bn:00087823v;2500;2506;exécuté;0.0;0.0;0.0
bn:00080344n;2508;2514;serveur;0.0;0.0;0.0
bn:00114281r;2516;2519;puis;0.0;0.0;0.0
bn:00093485v;2521;2526;envoyé;0.0;0.0;0.0
bn:00013447n;2528;2537;navigateur;0.9961774100644081;0.006546909341893137;0.5283505154639175
bn:00011776n;2544;2547;body;0.7254464285714286;8.947626308306432e-05;0.06443298969072164
bn:00029621n;2563;2566;echo;0.0;0.0;0.0
bn:00012593n;2574;2575;br;1.0;6.194510521135223e-07;0.007731958762886598
bn:00011776n;2577;2580;body;0.7254464285714286;8.947626308306432e-05;0.06443298969072164
bn:00027022n;2587;2596;différence;0.0;0.0;0.0
bn:00055423n;2604;2613;javascript;1.0;0.0052104092830108735;0.4793814432989691
bn:01753580n;2615;2617;php;1.0;0.005087757974692396;0.4536082474226804
bn:00055423n;2621;2630;javascript;1.0;0.0052104092830108735;0.4793814432989691
bn:00013447n;2632;2641;navigateur;0.9961774100644081;0.006546909341893137;0.5283505154639175
bn:00082817v;2643;2649;demande;0.0;0.0;0.0
bn:00021475n;2651;2657;fichier;0.8879225222170136;0.006127334495928245;0.5360824742268041
bn:00021475n;2666;2672;fichier;0.8879225222170136;0.006127334495928245;0.5360824742268041
bn:00083225v;2679;2687;contenant;0.0;0.0;0.0
bn:00055423n;2689;2698;javascript;1.0;0.0052104092830108735;0.4793814432989691
bn:00031082n;2700;2705;envoyé;0.7538461538461538;3.3725668392847325e-06;0.01804123711340206
bn:00013447n;2709;2718;navigateur;0.9961774100644081;0.006546909341893137;0.5283505154639175
bn:00087823v;2720;2726;exécute;0.0;0.0;0.0
bn:00010421n;2741;2749;affichage;0.8681318681318682;0.0003697434502170935;0.17525773195876287
bn:00087107v;2751;2754;fait;0.0;0.0;0.0
bn:00033729n;2756;2762;manière;0.8071534869400113;0.001082593955410399;0.2757731958762887
bn:00101917a;2764;2772;dynamique;0.0;0.0;0.0
bn:00013447n;2782;2791;navigateur;0.9961774100644081;0.006546909341893137;0.5283505154639175
bn:00082817v;2793;2799;demande;0.0;0.0;0.0
bn:00021475n;2801;2807;fichier;0.8879225222170136;0.006127334495928245;0.5360824742268041
bn:01753580n;2809;2811;php;1.0;0.005087757974692396;0.4536082474226804
bn:00080344n;2815;2821;serveur;0.0;0.0;0.0
bn:00087823v;2823;2829;exécute;0.0;0.0;0.0
bn:01753580n;2836;2838;php;1.0;0.005087757974692396;0.4536082474226804
bn:00093485v;2840;2845;envoie;0.0;0.0;0.0
bn:00021961n;2847;2854;résultat;0.0;0.0;0.0
bn:00060158n;2858;2861;page;0.0;0.0;0.0
bn:00013447n;2871;2880;navigateur;0.9961774100644081;0.006546909341893137;0.5283505154639175
bn:00020354n;2893;2896;code;0.8634100808960796;0.0030559585237600433;0.38144329896907214
bn:00101268a;2902;2906;autre;0.0;0.0;0.0
bn:00096872a;2918;2923;seules;0.0;0.0;0.0
bn:00021395n;2925;2931;parties;0.0;0.0;0.0
bn:00117371r;2933;2940;purement;0.8918918918918919;6.8139615732487445e-06;0.023195876288659795
bn:00101917a;2942;2951;dynamiques;0.0;0.0;0.0
bn:00087107v;2953;2958;faites;0.0;0.0;0.0
bn:01753580n;2960;2962;php;1.0;0.005087757974692396;0.4536082474226804
bn:00085719v;2969;2973;reste;0.0;0.0;0.0
bn:00008786n;2980;2983;base;0.0;0.0;0.0
bn:00115917r;2987;2995;forcément;0.0;0.0;0.0
bn:00116789r;2997;3000;très;0.0;0.0;0.0
bn:00105857a;3002;3008;lisible;0.0;0.0;0.0
bn:00011776n;3017;3020;body;0.7254464285714286;8.947626308306432e-05;0.06443298969072164
bn:01753580n;3036;3038;php;1.0;0.005087757974692396;0.4536082474226804
bn:00029621n;3040;3043;echo;0.0;0.0;0.0
bn:01753580n;3047;3049;php;1.0;0.005087757974692396;0.4536082474226804
bn:00029621n;3051;3054;echo;0.0;0.0;0.0
bn:00012593n;3060;3061;br;1.0;6.194510521135223e-07;0.007731958762886598
bn:01753580n;3063;3065;php;1.0;0.005087757974692396;0.4536082474226804
bn:00011776n;3067;3070;body;0.7254464285714286;8.947626308306432e-05;0.06443298969072164
bn:00020354n;3077;3080;code;0.8634100808960796;0.0030559585237600433;0.38144329896907214
bn:00101268a;3086;3090;autre;0.0;0.0;0.0
bn:00021475n;3107;3113;fichier;0.8879225222170136;0.006127334495928245;0.5360824742268041
bn:00086008v;3120;3123;créé;0.0;0.0;0.0
bn:01753580n;3125;3127;php;1.0;0.005087757974692396;0.4536082474226804
bn:00062118n;3131;3137;syntaxe;0.0;0.0;0.0
bn:00115313r;3139;3143;assez;0.0;0.0;0.0
bn:00104051a;3145;3150;lourde;0.0;0.0;0.0
bn:01753580n;3152;3154;php;1.0;0.005087757974692396;0.4536082474226804
bn:00029621n;3156;3159;echo;0.0;0.0;0.0
bn:00029621n;3166;3169;echo;0.0;0.0;0.0
bn:00011776n;3171;3174;body;0.7254464285714286;8.947626308306432e-05;0.06443298969072164
bn:00029621n;3186;3189;echo;0.0;0.0;0.0
bn:00012593n;3197;3198;br;1.0;6.194510521135223e-07;0.007731958762886598
bn:00029621n;3200;3203;echo;0.0;0.0;0.0
bn:00011776n;3205;3208;body;0.7254464285714286;8.947626308306432e-05;0.06443298969072164
bn:00029621n;3210;3213;echo;0.0;0.0;0.0
bn:01753580n;3220;3222;php;1.0;0.005087757974692396;0.4536082474226804
bn:00062118n;3224;3230;syntaxe;0.0;0.0;0.0
bn:00079582n;3232;3240;variables;0.0;0.0;0.0
bn:00079582n;3242;3250;variables;0.0;0.0;0.0
bn:00113501a;3254;3261;variable;0.0;0.0;0.0
bn:00114251r;3263;3270;toujours;0.0;0.0;0.0
bn:00016413n;3285;3289;types;0.7254727853242902;0.0026429911556843616;0.3865979381443299
bn:00113501a;3297;3304;variable;0.0;0.0;0.0
bn:00084386v;3306;3312;appelle;0.0;0.0;0.0
bn:00103393a;3316;3322;entiers;0.0;0.0;0.0
bn:00096401a;3324;3328;réels;0.0;0.0;0.0
bn:00074685n;3330;3336;chaînes;0.9487506312979486;0.002715260445097606;0.3865979381443299
bn:00017748n;3338;3347;caractères;0.0;0.0;0.0
bn:00058442n;3349;3354;objets;0.0;0.0;0.0
bn:00074033n;3356;3366;déclaration;0.0;0.0;0.0
bn:02806034n;3378;3388;affectation;0.9826701701701702;0.0010810797417274548;0.2912371134020619
bn:00029680n;3390;3395;valeur;0.0;0.0;0.0
bn:00088429v;3397;3402;suffit;0.0;0.0;0.0
bn:02806034n;3408;3418;affectation;0.9826701701701702;0.0010810797417274548;0.2912371134020619
bn:00029680n;3420;3425;valeur;0.0;0.0;0.0
bn:02806034n;3429;3439;affectation;0.9826701701701702;0.0010810797417274548;0.2912371134020619
bn:00063236n;3441;3449;référence;0.0;0.0;0.0
bn:00113501a;3451;3458;variable;0.0;0.0;0.0
bn:00003125n;3464;3473;changement;0.0;0.0;0.0
bn:00016413n;3475;3478;type;0.7254727853242902;0.0026429911556843616;0.3865979381443299
bn:00097823a;3480;3490;automatique;0.0;0.0;0.0
bn:00001410n;3496;3507;modification;0.0;0.0;0.0
bn:00090884v;3511;3517;modifie;0.0;0.0;0.0
bn:03222272n;3525;3533;pointeurs;0.7426554195203215;0.0019330314220675857;0.35309278350515466
bn:00023158n;3535;3542;compteur;0.8131468531468532;0.00020008268983266769;0.13144329896907217
bn:00103006a;3544;3550;premier;0.7757404795486601;3.785534207360414e-05;0.05670103092783505
bn:00029680n;3552;3557;valeur;0.0;0.0;0.0
bn:00011197n;3559;3564;défaut;0.0;0.0;0.0
bn:00103359a;3566;3570;avant;1.0;3.4413947339640125e-06;0.01288659793814433
bn:02806034n;3572;3582;affectation;0.9826701701701702;0.0010810797417274548;0.2912371134020619
bn:00007020n;3586;3594;attention;0.0;0.0;0.0
bn:00082844v;3596;3601;essaye;0.7931409907457811;0.00010028224254771133;0.07989690721649484
bn:00066357n;3603;3606;lire;0.9858212948100589;0.0002536307918931477;0.14175257731958762
bn:00022154n;3608;3614;contenu;0.0;0.0;0.0
bn:00079582n;3616;3624;variables;0.0;0.0;0.0
bn:00113501a;3628;3635;variable;0.0;0.0;0.0
bn:00106110a;3637;3642;locale;0.75;2.477804208454089e-06;0.015463917525773196
bn:00110277a;3648;3654;visible;0.0;0.0;0.0
bn:00114626r;3656;3665;uniquement;0.845724907063197;6.263338415814503e-05;0.06701030927835051
bn:00046891n;3667;3675;intérieur;0.0;0.0;0.0
bn:00022168n;3677;3684;contexte;0.0;0.0;0.0
bn:00030627n;3686;3696;utilisation;0.0;0.0;0.0
bn:00113501a;3698;3705;variable;0.0;0.0;0.0
bn:00103624a;3707;3713;globale;0.7954545454545454;2.4089763137748087e-06;0.01288659793814433
bn:00110277a;3719;3725;visible;0.0;0.0;0.0
bn:00114203r;3727;3730;tout;0.7496206373292867;3.400097997156444e-05;0.04896907216494845
bn:01431715n;3732;3737;script;0.8888223851563669;0.004088376943949247;0.4252577319587629
bn:00030627n;3739;3749;utilisation;0.0;0.0;0.0
bn:00020945n;3751;3761;instruction;0.0;0.0;0.0
bn:00103624a;3763;3768;global;0.8;4.606425613642685e-06;0.027700831024930747
bn:00082209v;3770;3776;accéder;0.0;0.0;0.0
bn:00113501a;3778;3785;variable;0.0;0.0;0.0
bn:00103624a;3787;3793;globale;0.8;4.606425613642685e-06;0.027700831024930747
bn:00051746n;3805;3810;locaux;0.0;0.0;0.0
bn:00054378n;3825;3828;test;0.0;0.0;0.0
bn:00103624a;3830;3835;global;0.8;4.606425613642685e-06;0.027700831024930747
bn:00029621n;3841;3844;echo;0.0;0.0;0.0
bn:00074685n;3850;3856;chaînes;0.7839180111385428;0.002515753284634816;0.4598337950138504
bn:00017748n;3858;3867;caractères;0.0;0.0;0.0
bn:00023652n;3871;3878;création;0.0;0.0;0.0
bn:02806034n;3880;3890;affectation;0.9974004367266299;0.0008836966897212127;0.30193905817174516
bn:00047350n;3898;3907;guillemets;0.0;0.0;0.0
bn:03489514n;3913;3925;concaténation;0.990023023791251;0.0007724975754078783;0.23822714681440443
bn:00053450n;3927;3931;signe;0.0;0.0;0.0
bn:00054378n;3937;3940;test;0.0;0.0;0.0
bn:00054378n;3942;3945;test;0.0;0.0;0.0
bn:00043620n;3947;3953;bonjour;0.0;0.0;0.0
bn:00092618v;3955;3960;revoir;0.0;0.0;0.0
bn:00108829a;3976;3983;possible;0.0;0.0;0.0
bn:00079582n;3985;3993;variables;0.0;0.0;0.0
bn:00104728a;3995;4003;intérieur;0.0;0.0;0.0
bn:00074685n;4005;4010;chaîne;0.7839180111385428;0.002515753284634816;0.4598337950138504
bn:00054378n;4018;4021;test;0.0;0.0;0.0
bn:00096782a;4025;4033;similaire;0.0;0.0;0.0
bn:00054378n;4037;4040;test;0.0;0.0;0.0
bn:03342494n;4044;4055;substitution;0.0;0.0;0.0
bn:00054378n;4073;4076;test;0.0;0.0;0.0
bn:00054378n;4082;4085;test;0.0;0.0;0.0
bn:00017748n;4099;4108;caractères;0.0;0.0;0.0
bn:00102635a;4110;4117;spéciaux;0.0;0.0;0.0
bn:00107677a;4119;4129;obligatoire;0.7101669195751138;4.3116143743695534e-05;0.0664819944598338
bn:00023652n;4133;4140;création;0.0;0.0;0.0
bn:00113501a;4142;4150;variables;0.0;0.0;0.0
bn:00101917a;4152;4161;dynamiques;0.7084548104956269;2.2387228482303448e-05;0.04986149584487535
bn:00063739n;4165;4175;possibilité;0.0;0.0;0.0
bn:00086008v;4177;4181;créer;0.0;0.0;0.0
bn:00113501a;4183;4190;variable;0.0;0.0;0.0
bn:00101917a;4192;4200;dynamique;0.7084548104956269;2.2387228482303448e-05;0.04986149584487535
bn:00023652n;4204;4211;création;0.0;0.0;0.0
bn:00022154n;4220;4226;contenu;0.0;0.0;0.0
bn:00101268a;4228;4232;autre;0.0;0.0;0.0
bn:00079582n;4234;4241;variable;0.0;0.0;0.0
bn:00054378n;4247;4250;test;0.0;0.0;0.0
bn:00054378n;4256;4259;test;0.0;0.0;0.0
bn:00096782a;4261;4269;similaire;0.0;0.0;0.0
bn:00054378n;4271;4274;test;0.0;0.0;0.0
bn:00054378n;4276;4279;test;0.0;0.0;0.0
bn:00029621n;4281;4284;echo;0.0;0.0;0.0
bn:00054378n;4290;4293;test;0.0;0.0;0.0
bn:15173511n;4299;4305;affiche;0.9171864917186492;0.0005892539644971722;0.1440443213296399
bn:00054378n;4307;4310;test;0.0;0.0;0.0
bn:00054378n;4312;4315;test;0.0;0.0;0.0
bn:00054378n;4317;4320;test;0.0;0.0;0.0
bn:00096782a;4322;4330;similaire;0.0;0.0;0.0
bn:00011012n;4332;4339;tableaux;0.0;0.0;0.0
bn:00056758n;4341;4343;nom;0.0;0.0;0.0
bn:00113501a;4345;4352;variable;0.0;0.0;0.0
bn:00079476n;4364;4366;val;1.0;5.2098673690298766e-05;0.08033240997229917
bn:00056758n;4368;4370;nom;0.0;0.0;0.0
bn:00113501a;4372;4379;variable;0.0;0.0;0.0
bn:00059127n;4383;4392;opérations;0.0;0.0;0.0
bn:00074685n;4394;4400;chaînes;0.7839180111385428;0.002515753284634816;0.4598337950138504
bn:00050662n;4404;4411;longueur;0.0;0.0;0.0
bn:00074685n;4413;4418;chaîne;0.7839180111385428;0.002515753284634816;0.4598337950138504
bn:00071671n;4442;4452;comparaison;0.0;0.0;0.0
bn:03489514n;4460;4472;concaténation;0.990023023791251;0.0007724975754078783;0.23822714681440443
bn:00107028a;4480;4489;nombreuses;0.0;0.0;0.0
bn:00036821n;4491;4499;fonctions;0.0;0.0;0.0
bn:00042822n;4501;4512;manipulation;0.9080118694362018;1.4095662377746615e-05;0.04709141274238227
bn:00097846a;4514;4524;disponibles;0.9396984924623115;1.722803179502364e-05;0.04709141274238227
bn:00036821n;4526;4534;fonctions;0.0;0.0;0.0
bn:00074685n;4536;4542;chaînes;0.778265454441816;0.002515753284634816;0.4598337950138504
bn:00087013v;4546;4553;afficher;0.0;0.0;0.0
bn:00074685n;4555;4560;chaîne;0.778265454441816;0.002515753284634816;0.4598337950138504
bn:00017748n;4562;4571;caractères;0.0;0.0;0.0
bn:00089884v;4577;4585;retourner;0.0;0.0;0.0
bn:00062297n;4587;4593;morceau;0.0;0.0;0.0
bn:00074685n;4595;4600;chaîne;0.778265454441816;0.002515753284634816;0.4598337950138504
bn:00017487n;4609;4614;chaine;0.0;0.0;0.0
bn:01247692n;4616;4620;debut;1.0;3.731204747050575e-06;0.024930747922437674
bn:00050662n;4622;4629;longueur;0.0;0.0;0.0
bn:01247692n;4637;4641;debut;1.0;3.731204747050575e-06;0.024930747922437674
bn:00084450v;4643;4646;peut;0.9806576402321083;7.006373358350524e-05;0.10803324099722991
bn:00083187v;4648;4651;être;0.0;0.0;0.0
bn:00107201a;4653;4659;négatif;0.0;0.0;0.0
bn:00088939v;4661;4667;partant;0.0;0.0;0.0
bn:00030720n;4669;4671;fin;0.0;0.0;0.0
bn:00050662n;4673;4680;longueur;0.0;0.0;0.0
bn:00107939a;4682;4691;facultatif;0.0;0.0;0.0
bn:00105751a;4699;4701;fin;0.0;0.0;0.0
bn:00074685n;4703;4708;chaîne;0.7839180111385428;0.002515753284634816;0.4598337950138504
bn:00086178v;4720;4725;couper;0.0;0.0;0.0
bn:00074685n;4727;4732;chaîne;0.778265454441816;0.002515753284634816;0.4598337950138504
bn:00062297n;4734;4741;morceaux;0.0;0.0;0.0
bn:03371342n;4743;4752;délimiteur;1.0;0.00045695742087335437;0.22160664819944598
bn:00029621n;4758;4761;echo;0.0;0.0;0.0
bn:00017487n;4763;4768;chaine;0.0;0.0;0.0
bn:00011012n;4770;4776;tableau;0.0;0.0;0.0
bn:00017487n;4797;4802;chaine;0.0;0.0;0.0
bn:00020945n;4804;4815;instructions;0.0;0.0;0.0
bn:00020945n;4817;4828;instructions;0.0;0.0;0.0
bn:00100214a;4830;4844;conditionnelles;0.8157894736842105;1.5707911342521556e-05;0.030470914127423823
bn:00025928n;4863;4872;définition;0.9995987480940535;0.002868881872176664;0.4792243767313019
bn:00102635a;4874;4881;spéciale;0.0;0.0;0.0
bn:00107677a;4891;4901;obligatoire;0.7101669195751138;4.3116143743695534e-05;0.0664819944598338
bn:00110561a;4936;4941;courte;0.0;0.0;0.0
bn:00064921n;4943;4951;condition;0.0;0.0;0.0
bn:00020945n;4989;5000;instructions;0.0;0.0;0.0
bn:00100214a;5002;5016;conditionnelles;0.8157894736842105;1.5707911342521556e-05;0.030470914127423823
bn:01071927n;5020;5025;switch;0.9207744387694501;0.0007141802271391619;0.28254847645429365
bn:01071927n;5032;5037;switch;0.9207744387694501;0.0007141802271391619;0.28254847645429365
bn:00006386n;5039;5048;expression;0.0;0.0;0.0
bn:00029423n;5091;5097;boucles;0.0;0.0;0.0
bn:00029423n;5101;5107;boucles;0.0;0.0;0.0
bn:03595585n;5109;5111;for;0.0;0.0;0.0
bn:03595585n;5115;5117;for;0.0;0.0;0.0
bn:00046781n;5121;5134;initialisation;1.0;0.00020977662244528786;0.18282548476454294
bn:00064921n;5136;5144;condition;0.0;0.0;0.0
bn:00029423n;5156;5162;boucles;0.0;0.0;0.0
bn:00047734n;5164;5168;while;1.0;0.0014152321412794421;0.3684210526315789
bn:00064921n;5178;5186;condition;0.0;0.0;0.0
bn:00064921n;5199;5207;condition;0.0;0.0;0.0
bn:00020945n;5209;5220;instructions;0.0;0.0;0.0
bn:00100214a;5222;5236;conditionnelles;0.8157894736842105;1.5707911342521556e-05;0.030470914127423823
bn:00012411n;5240;5243;saut;0.0;0.0;0.0
bn:00112485a;5245;5258;inconditionnel;0.7567567567567568;2.5795983436399036e-06;0.0110803324099723
bn:00027507n;5264;5268;arrêt;0.0;0.0;0.0
bn:00112485a;5270;5283;inconditionnel;0.7567567567567568;2.5795983436399036e-06;0.0110803324099723
bn:00100385a;5289;5296;continue;0.0;0.0;0.0
bn:00047735n;5306;5314;itération;0.0;0.0;0.0
bn:00103325a;5316;5323;courante;0.0;0.0;0.0
bn:00029423n;5325;5330;boucle;0.0;0.0;0.0
bn:03498501n;5332;5336;break;0.9122807017543859;4.7906826381883925e-06;0.0221606648199446
bn:00029423n;5346;5351;boucle;0.0;0.0;0.0
bn:00114203r;5353;5364;complètement;0.0;0.0;0.0
bn:00027507n;5366;5370;arrêt;0.0;0.0;0.0
bn:00019966n;5372;5380;exécution;0.0;0.0;0.0
bn:00085475v;5396;5402;termine;0.0;0.0;0.0
bn:01431715n;5404;5409;script;0.7063516515591302;0.0020065589973027537;0.45706371191135736
bn:00100385a;5426;5433;continue;0.0;0.0;0.0
bn:00029621n;5435;5438;echo;0.0;0.0;0.0
bn:00012593n;5442;5443;br;1.0;4.606425613642685e-08;0.002770083102493075
bn:03498501n;5460;5464;break;0.9122807017543859;4.7906826381883925e-06;0.0221606648199446
bn:00029621n;5466;5469;echo;0.0;0.0;0.0
bn:00012593n;5473;5474;br;1.0;4.606425613642685e-08;0.002770083102493075
bn:00087013v;5476;5482;affiche;0.0;0.0;0.0
bn:00029680n;5484;5490;valeurs;0.0;0.0;0.0
bn:15173511n;5497;5503;affiche;0.9171864917186492;0.0005892539644971722;0.1440443213296399
bn:00083102v;5511;5515;exclu;0.0;0.0;0.0
bn:00011012n;5517;5524;tableaux;0.0;0.0;0.0
bn:00011012n;5526;5533;tableaux;0.0;0.0;0.0
bn:00023652n;5537;5544;création;0.0;0.0;0.0
bn:00002155n;5546;5549;aide;0.0;0.0;0.0
bn:00036821n;5551;5558;fonction;0.0;0.0;0.0
bn:00011012n;5568;5574;tableau;0.0;0.0;0.0
bn:00011012n;5589;5596;tableaux;0.0;0.0;0.0
bn:00027152n;5598;5606;dimension;0.0;0.0;0.0
bn:00021394n;5610;5617;éléments;0.0;0.0;0.0
bn:00084450v;5619;5625;peuvent;0.9806576402321083;7.006373358350524e-05;0.10803324099722991
bn:00083187v;5627;5630;être;0.0;0.0;0.0
bn:00016413n;5643;5647;types;0.0;0.0;0.0
bn:00035811n;5651;5655;index;0.0;0.0;0.0
bn:00011012n;5657;5663;tableau;0.0;0.0;0.0
bn:00083342v;5665;5672;commence;0.0;0.0;0.0
bn:00036821n;5676;5683;fonction;0.0;0.0;0.0
bn:00089240v;5693;5697;avoir;0.0;0.0;0.0
bn:00058285n;5699;5704;nombre;0.8014587464895585;0.005547610495022158;0.5346260387811634
bn:00021394n;5706;5713;éléments;0.0;0.0;0.0
bn:00011012n;5715;5721;tableau;0.0;0.0;0.0
bn:00011012n;5723;5730;tableaux;0.0;0.0;0.0
bn:00110649a;5732;5738;simples;0.0;0.0;0.0
bn:00006539n;5742;5752;association;0.0;0.0;0.0
bn:00058286n;5754;5759;numéro;0.0;0.0;0.0
bn:00029680n;5761;5766;valeur;0.0;0.0;0.0
bn:00023652n;5768;5775;création;0.0;0.0;0.0
bn:00011012n;5777;5783;tableau;0.0;0.0;0.0
bn:00011012n;5785;5791;tableau;0.0;0.0;0.0
bn:00029680n;5799;5804;valeur;0.0;0.0;0.0
bn:00029680n;5806;5811;valeur;0.0;0.0;0.0
bn:02806034n;5821;5831;affectation;0.9974004367266299;0.0008836966897212127;0.30193905817174516
bn:00021394n;5833;5839;élément;0.0;0.0;0.0
bn:00011012n;5841;5847;tableau;0.0;0.0;0.0
bn:00029680n;5856;5861;valeur;0.0;0.0;0.0
bn:00019621n;5863;5874;récupération;0.0;0.0;0.0
bn:00021394n;5876;5882;élément;0.0;0.0;0.0
bn:00113501a;5884;5891;variable;0.0;0.0;0.0
bn:00011012n;5893;5899;tableau;0.0;0.0;0.0
bn:00046423n;5901;5906;indice;0.0;0.0;0.0
bn:00088968v;5908;5915;parcours;1.0;9.21285122728537e-07;0.0110803324099723
bn:00011012n;5939;5945;tableau;0.0;0.0;0.0
bn:00029621n;5949;5952;echo;0.0;0.0;0.0
bn:00011012n;5956;5962;tableau;0.0;0.0;0.0
bn:00012593n;5966;5967;br;1.0;4.606425613642685e-08;0.002770083102493075
bn:03468087n;5969;5976;parcours;0.8738149722131415;0.00024625951330533793;0.18282548476454294
bn:03463379n;5986;5992;foreach;1.0;0.00037671348668369875;0.2409972299168975
bn:00011012n;5994;6000;tableau;0.0;0.0;0.0
bn:00029680n;6002;6007;valeur;0.0;0.0;0.0
bn:00029680n;6014;6019;valeur;0.0;0.0;0.0
bn:00012593n;6021;6022;br;1.0;4.606425613642685e-08;0.002770083102493075
bn:00011012n;6024;6031;tableaux;0.0;0.0;0.0
bn:03848413n;6024;6043;tableaux associatifs;1.0;0.0013992017801439656;0.3462603878116344
bn:00097619a;6033;6043;associatifs;1.0;3.685140490914148e-07;0.00554016620498615
bn:00006539n;6047;6058;associations;0.0;0.0;0.0
bn:00048985n;6060;6062;clé;0.0;0.0;0.0
bn:00029680n;6070;6075;valeur;0.0;0.0;0.0
bn:00023652n;6077;6084;création;0.0;0.0;0.0
bn:00011012n;6086;6092;tableau;0.0;0.0;0.0
bn:00011012n;6094;6100;tableau;0.0;0.0;0.0
bn:04756252n;6108;6110;cle;1.0;0.00022566879081235513;0.19113573407202217
bn:00079476n;6112;6114;val;1.0;5.2098673690298766e-05;0.08033240997229917
bn:04756252n;6116;6118;cle;1.0;0.00022566879081235513;0.19113573407202217
bn:00079476n;6120;6122;val;1.0;5.2098673690298766e-05;0.08033240997229917
bn:02806034n;6134;6144;affectation;0.9974004367266299;0.0008836966897212127;0.30193905817174516
bn:00021394n;6146;6152;élément;0.0;0.0;0.0
bn:00011012n;6154;6160;tableau;0.0;0.0;0.0
bn:04756252n;6162;6164;cle;1.0;0.00022566879081235513;0.19113573407202217
bn:00029680n;6166;6171;valeur;0.0;0.0;0.0
bn:00019621n;6173;6184;récupération;0.0;0.0;0.0
bn:00021394n;6186;6192;élément;0.0;0.0;0.0
bn:00113501a;6194;6201;variable;0.0;0.0;0.0
bn:00011012n;6203;6209;tableau;0.0;0.0;0.0
bn:04756252n;6211;6213;cle;1.0;0.00022566879081235513;0.19113573407202217
bn:03468087n;6215;6222;parcours;0.8738149722131415;0.00024625951330533793;0.18282548476454294
bn:03463379n;6232;6238;foreach;1.0;0.00037671348668369875;0.2409972299168975
bn:00011012n;6240;6246;tableau;0.0;0.0;0.0
bn:04756252n;6248;6250;cle;1.0;0.00022566879081235513;0.19113573407202217
bn:00029680n;6252;6257;valeur;0.0;0.0;0.0
bn:00029621n;6259;6262;echo;0.0;0.0;0.0
bn:04756252n;6264;6266;cle;1.0;0.00022566879081235513;0.19113573407202217
bn:00029680n;6268;6273;valeur;0.0;0.0;0.0
bn:00012593n;6275;6276;br;1.0;4.606425613642685e-08;0.002770083102493075
bn:00088968v;6278;6285;parcours;1.0;9.21285122728537e-07;0.0110803324099723
bn:00011012n;6301;6307;tableau;0.0;0.0;0.0
bn:04720346n;6315;6318;list;1.0;0.00022866296746122287;0.1883656509695291
bn:04756252n;6320;6322;cle;1.0;0.00022566879081235513;0.19113573407202217
bn:00029680n;6324;6329;valeur;0.0;0.0;0.0
bn:00011012n;6336;6342;tableau;0.0;0.0;0.0
bn:00029621n;6344;6347;echo;0.0;0.0;0.0
bn:04756252n;6349;6351;cle;1.0;0.00022566879081235513;0.19113573407202217
bn:00029680n;6353;6358;valeur;0.0;0.0;0.0
bn:00012593n;6360;6361;br;1.0;4.606425613642685e-08;0.002770083102493075
bn:00011012n;6363;6370;tableaux;0.0;0.0;0.0
bn:01641329n;6393;6399;méthode;0.7283223556760945;0.0012988738302788278;0.32409972299168976
bn:00023652n;6401;6408;création;0.0;0.0;0.0
bn:00011012n;6428;6435;tableaux;0.0;0.0;0.0
bn:00023652n;6437;6444;création;0.0;0.0;0.0
bn:00011012n;6446;6452;tableau;0.0;0.0;0.0
bn:00027152n;6459;6468;dimensions;0.0;0.0;0.0
bn:00198350n;6470;6472;tab;1.0;2.2571485506849156e-06;0.019390581717451522
bn:00079476n;6480;6482;val;1.0;5.2098673690298766e-05;0.08033240997229917
bn:00079476n;6484;6486;val;1.0;5.2098673690298766e-05;0.08033240997229917
bn:00198350n;6493;6495;tab;1.0;2.2571485506849156e-06;0.019390581717451522
bn:00079476n;6503;6505;val;1.0;5.2098673690298766e-05;0.08033240997229917
bn:00079476n;6507;6509;val;1.0;5.2098673690298766e-05;0.08033240997229917
bn:00011012n;6516;6522;tableau;0.0;0.0;0.0
bn:00198350n;6530;6532;tab;1.0;2.2571485506849156e-06;0.019390581717451522
bn:00198350n;6534;6536;tab;1.0;2.2571485506849156e-06;0.019390581717451522
bn:02806034n;6538;6548;affectation;0.9974004367266299;0.0008836966897212127;0.30193905817174516
bn:00021394n;6550;6556;élément;0.0;0.0;0.0
bn:00011012n;6558;6564;tableau;0.0;0.0;0.0
bn:00046423n;6566;6571;indice;0.0;0.0;0.0
bn:00113501a;6580;6587;variable;0.0;0.0;0.0
bn:00019621n;6589;6600;récupération;0.0;0.0;0.0
bn:00021394n;6602;6608;élément;0.0;0.0;0.0
bn:00113501a;6610;6617;variable;0.0;0.0;0.0
bn:00011012n;6619;6625;tableau;0.0;0.0;0.0
bn:03468087n;6641;6648;parcours;0.8738149722131415;0.00024625951330533793;0.18282548476454294
bn:00011012n;6664;6670;tableau;0.0;0.0;0.0
bn:00011012n;6684;6690;tableau;0.0;0.0;0.0
bn:00029621n;6694;6697;echo;0.0;0.0;0.0
bn:00011012n;6701;6707;tableau;0.0;0.0;0.0
bn:00012593n;6711;6712;br;1.0;4.606425613642685e-08;0.002770083102493075
bn:00036821n;6714;6722;fonctions;0.0;0.0;0.0
bn:00011012n;6724;6731;tableaux;0.0;0.0;0.0
bn:00080339n;6735;6740;taille;0.0;0.0;0.0
bn:00011012n;6742;6748;tableau;0.0;0.0;0.0
bn:00085859v;6754;6760;compter;0.0;0.0;0.0
bn:00058285n;6762;6767;nombre;0.8014587464895585;0.005547610495022158;0.5346260387811634
bn:04746651n;6769;6779;occurrences;0.0;0.0;0.0
bn:00029680n;6781;6787;valeurs;0.0;0.0;0.0
bn:00011012n;6789;6795;tableau;0.0;0.0;0.0
bn:00198350n;6803;6805;tab;1.0;2.2571485506849156e-06;0.019390581717451522
bn:03435545n;6813;6815;map;1.0;0.0004377946903206008;0.24376731301939059
bn:00036821n;6817;6824;fonction;0.0;0.0;0.0
bn:00198350n;6826;6828;tab;1.0;2.2571485506849156e-06;0.019390581717451522
bn:00259585n;6830;6837;filtrage;0.9996835943679797;0.00029108003452608125;0.19667590027700832
bn:00036821n;6839;6846;fonction;0.0;0.0;0.0
bn:00082643v;6848;6855;supprime;0.0;0.0;0.0
bn:00021394n;6857;6864;éléments;0.0;0.0;0.0
bn:00084848v;6866;6874;vérifiant;0.0;0.0;0.0
bn:00023853n;6876;6882;critère;0.7403149386845039;0.0004894327214495352;0.23545706371191136
bn:00087845v;6888;6891;sort;0.0;0.0;0.0
bn:00198350n;6893;6895;tab;1.0;2.2571485506849156e-06;0.019390581717451522
bn:00029680n;6903;6909;valeurs;0.0;0.0;0.0
bn:00198350n;6917;6919;tab;1.0;2.2571485506849156e-06;0.019390581717451522
bn:00019683n;6927;6931;clefs;0.0;0.0;0.0
bn:00036821n;6941;6948;fonction;0.0;0.0;0.0
bn:00084595v;6950;6957;applique;0.0;0.0;0.0
bn:00036821n;6959;6966;fonction;0.0;0.0;0.0
bn:00021394n;6973;6980;éléments;0.0;0.0;0.0
bn:00198350n;6986;6988;tab;1.0;2.2571485506849156e-06;0.019390581717451522
bn:00198350n;7009;7011;tab;1.0;2.2571485506849156e-06;0.019390581717451522
bn:00198350n;7027;7029;tab;1.0;2.2571485506849156e-06;0.019390581717451522
bn:00198350n;7044;7046;tab;1.0;2.2571485506849156e-06;0.019390581717451522
bn:00036821n;7048;7055;fonction;0.0;0.0;0.0
bn:00019683n;7069;7073;clefs;0.0;0.0;0.0
bn:00029680n;7075;7081;valeurs;0.0;0.0;0.0
bn:00198350n;7085;7087;tab;1.0;2.2571485506849156e-06;0.019390581717451522
bn:00198350n;7100;7102;tab;1.0;2.2571485506849156e-06;0.019390581717451522
bn:00036821n;7104;7112;fonctions;0.0;0.0;0.0
bn:00036821n;7114;7122;fonctions;0.0;0.0;0.0
bn:00005600n;7133;7141;arguments;0.0;0.0;0.0
bn:00029680n;7145;7150;valeur;0.0;0.0;0.0
bn:00046318n;7152;7157;retour;0.0;0.0;0.0
bn:00108829a;7175;7182;possible;0.0;0.0;0.0
bn:01753580n;7184;7186;php;1.0;0.0037471429796737785;0.4930747922437673
bn:00025928n;7188;7197;définition;0.9995987480940535;0.002868881872176664;0.4792243767313019
bn:00036821n;7199;7206;fonction;0.0;0.0;0.0
bn:00102700a;7208;7218;factorielle;1.0;1.49248189882023e-05;0.04986149584487535
bn:00102700a;7229;7239;factorielle;1.0;1.49248189882023e-05;0.04986149584487535
bn:00102700a;7263;7273;factorielle;1.0;1.49248189882023e-05;0.04986149584487535
bn:00005019n;7275;7279;appel;0.0;0.0;0.0
bn:00036821n;7281;7288;fonction;0.0;0.0;0.0
bn:00021961n;7301;7308;résultat;0.0;0.0;0.0
bn:00029621n;7310;7313;echo;0.0;0.0;0.0
bn:00102700a;7315;7325;factorielle;1.0;1.49248189882023e-05;0.04986149584487535
bn:00036821n;7327;7335;fonctions;0.0;0.0;0.0
bn:00029680n;7339;7345;valeurs;0.0;0.0;0.0
bn:00011197n;7347;7352;défaut;0.0;0.0;0.0
bn:00108829a;7354;7362;possibles;0.0;0.0;0.0
bn:00005600n;7364;7372;arguments;0.0;0.0;0.0
bn:00005600n;7387;7395;arguments;0.0;0.0;0.0
bn:00084450v;7397;7403;peuvent;0.9806576402321083;7.006373358350524e-05;0.10803324099722991
bn:00089240v;7405;7409;avoir;0.0;0.0;0.0
bn:00029680n;7411;7417;valeurs;0.0;0.0;0.0
bn:00011197n;7419;7424;défaut;0.0;0.0;0.0
bn:00068246n;7435;7440;racine;0.0;0.0;0.0
bn:00068246n;7444;7449;racine;0.0;0.0;0.0
bn:00005019n;7451;7455;appel;0.0;0.0;0.0
bn:00068246n;7457;7462;racine;0.0;0.0;0.0
bn:00068246n;7466;7471;racine;0.0;0.0;0.0
bn:00029680n;7473;7479;valeurs;0.0;0.0;0.0
bn:00011197n;7481;7486;défaut;0.0;0.0;0.0
bn:00114626r;7488;7497;uniquement;0.7671232876712328;3.095518012367884e-05;0.05817174515235457
bn:00105773a;7499;7506;derniers;0.0;0.0;0.0
bn:00005600n;7508;7516;arguments;0.0;0.0;0.0
bn:00068246n;7520;7525;racine;0.0;0.0;0.0
bn:00005380n;7529;7533;degre;0.0;0.0;0.0
bn:00104687a;7535;7544;impossible;0.823943661971831;1.9187856743461553e-05;0.0327455919395466
bn:00096872a;7546;7549;seul;0.0;0.0;0.0
bn:00005600n;7551;7558;argument;0.0;0.0;0.0
bn:00117250r;7560;7564;alors;0.0;0.0;0.0
bn:00005380n;7566;7570;degre;0.0;0.0;0.0
bn:13601354v;7572;7575;vaut;0.0;0.0;0.0
bn:00011197n;7577;7582;défaut;0.0;0.0;0.0
bn:00068246n;7593;7598;racine;0.0;0.0;0.0
bn:00005380n;7602;7606;degre;0.0;0.0;0.0
bn:00063925n;7615;7617;pow;1.0;1.3529898985774173e-05;0.027707808564231738
bn:00005380n;7621;7625;degre;0.0;0.0;0.0
bn:00068246n;7627;7632;racine;0.0;0.0;0.0
bn:00089884v;7634;7641;retourne;0.0;0.0;0.0
bn:00068246n;7643;7648;racine;0.0;0.0;0.0
bn:00024262n;7643;7656;racine cubique;0.0;0.0;0.0
bn:00100752a;7650;7656;cubique;1.0;2.9519779605325465e-06;0.015113350125944584
bn:00068246n;7658;7663;racine;0.0;0.0;0.0
bn:00089884v;7665;7672;retourne;0.0;0.0;0.0
bn:00068246n;7674;7679;racine;0.0;0.0;0.0
bn:00073727n;7674;7686;racine carrée;0.9758501724987678;0.0014612290904636106;0.22670025188916876
bn:00111084a;7681;7686;carrée;0.9090909090909091;2.1319840826068392e-05;0.0327455919395466
bn:00036821n;7688;7696;fonctions;0.0;0.0;0.0
bn:00058285n;7700;7705;nombre;0.7903826859681812;0.0072349699837141014;0.41309823677581864
bn:00005600n;7707;7715;arguments;0.0;0.0;0.0
bn:00079168n;7717;7723;inconnu;0.9998158209779906;0.0008902673532639405;0.19395465994962216
bn:00058285n;7741;7746;nombre;0.7903826859681812;0.0072349699837141014;0.41309823677581864
bn:00005600n;7748;7756;arguments;0.0;0.0;0.0
bn:00005600n;7775;7782;argument;0.0;0.0;0.0
bn:00088939v;7796;7801;partir;0.0;0.0;0.0
bn:00036821n;7803;7810;fonction;0.0;0.0;0.0
bn:00086013v;7822;7828;produit;0.0;0.0;0.0
bn:00005600n;7835;7843;arguments;0.0;0.0;0.0
bn:00086013v;7854;7860;produit;0.0;0.0;0.0
bn:00086013v;7928;7934;produit;0.0;0.0;0.0
bn:00036821n;7936;7944;fonctions;0.0;0.0;0.0
bn:00060872n;7948;7954;passage;0.0;0.0;0.0
bn:00060585n;7956;7965;paramètres;0.0;0.0;0.0
bn:00029680n;7967;7972;valeur;0.0;0.0;0.0
bn:00082705v;7978;7984;utilise;0.0;0.0;0.0
bn:00022526n;7986;7990;copie;0.0;0.0;0.0
bn:00060585n;7992;8001;paramètres;0.0;0.0;0.0
bn:00005019n;8003;8007;appel;0.0;0.0;0.0
bn:00060872n;8009;8015;passage;0.0;0.0;0.0
bn:00060585n;8017;8025;paramètre;0.0;0.0;0.0
bn:00063236n;8027;8035;référence;0.0;0.0;0.0
bn:00082705v;8041;8047;utilise;0.0;0.0;0.0
bn:00115031r;8049;8059;directement;0.0;0.0;0.0
bn:00060585n;8061;8070;paramètres;0.0;0.0;0.0
bn:00005019n;8072;8076;appel;0.0;0.0;0.0
bn:00096888a;8078;8087;modifiable;0.0;0.0;0.0
bn:00060872n;8089;8095;passage;0.0;0.0;0.0
bn:00060585n;8097;8105;paramètre;0.0;0.0;0.0
bn:00101724a;8116;8121;double;0.0;0.0;0.0
bn:00079476n;8123;8125;val;1.0;0.00022123434826435586;0.09571788413098237
bn:00079476n;8127;8129;val;1.0;0.00022123434826435586;0.09571788413098237
bn:00079476n;8138;8140;val;1.0;0.00022123434826435586;0.09571788413098237
bn:00101724a;8144;8149;double;0.0;0.0;0.0
bn:00101724a;8155;8160;double;0.0;0.0;0.0
bn:00079582n;8166;8174;variables;0.0;0.0;0.0
bn:00103624a;8176;8183;globales;0.9524348810872028;6.896148513355199e-05;0.07304785894206549
bn:00102102a;8185;8193;statiques;0.0;0.0;0.0
bn:16860016n;8197;8202;static;1.0;2.0499846948142685e-06;0.012594458438287154
bn:00082537v;8204;8209;permet;0.0;0.0;0.0
bn:00091983v;8211;8219;conserver;0.0;0.0;0.0
bn:00113501a;8221;8228;variable;0.0;0.0;0.0
bn:00036821n;8230;8237;fonction;0.0;0.0;0.0
bn:00054378n;8250;8253;test;0.0;0.0;0.0
bn:00103624a;8255;8260;global;0.9524348810872028;6.896148513355199e-05;0.07304785894206549
bn:00113501a;8264;8271;variable;0.0;0.0;0.0
bn:00103624a;8273;8279;globale;0.9524348810872028;6.896148513355199e-05;0.07304785894206549
bn:16860016n;8281;8286;static;1.0;2.0499846948142685e-06;0.012594458438287154
bn:00113501a;8290;8297;variable;0.0;0.0;0.0
bn:00102102a;8299;8306;statique;0.0;0.0;0.0
bn:00029621n;8312;8315;echo;0.0;0.0;0.0
bn:00054378n;8322;8325;test;0.0;0.0;0.0
bn:00087013v;8327;8333;affiche;0.9159935379644588;4.649365287838761e-05;0.05289672544080604
bn:00054378n;8335;8338;test;0.0;0.0;0.0
bn:00087013v;8340;8346;affiche;0.9159935379644588;4.649365287838761e-05;0.05289672544080604
bn:00005019n;8348;8352;appel;0.0;0.0;0.0
bn:00101917a;8354;8362;dynamique;0.0;0.0;0.0
bn:00096782a;8366;8374;similaire;0.0;0.0;0.0
bn:00079582n;8376;8384;variables;0.0;0.0;0.0
bn:00101917a;8386;8395;dynamiques;0.0;0.0;0.0
bn:00043620n;8406;8412;bonjour;0.0;0.0;0.0
bn:00029621n;8414;8417;echo;0.0;0.0;0.0
bn:00043620n;8419;8425;bonjour;0.0;0.0;0.0
bn:00029621n;8447;8450;echo;0.0;0.0;0.0
bn:00023652n;8463;8470;création;0.0;0.0;0.0
bn:00113501a;8472;8479;variable;0.0;0.0;0.0
bn:00083225v;8481;8489;contenant;0.0;0.0;0.0
bn:00056758n;8491;8493;nom;0.0;0.0;0.0
bn:00036821n;8495;8502;fonction;0.0;0.0;0.0
bn:00066712n;8504;8508;salut;0.0;0.0;0.0
bn:00025336n;8510;8513;date;0.0;0.0;0.0
bn:00043620n;8517;8523;bonjour;0.0;0.0;0.0
bn:00066712n;8533;8537;salut;0.0;0.0;0.0
bn:00036821n;8539;8547;fonctions;0.0;0.0;0.0
bn:00036821n;8549;8557;fonctions;0.0;0.0;0.0
bn:00084848v;8561;8567;vérifie;0.0;0.0;0.0
bn:00009676n;8569;8577;existence;0.9442986704235273;0.0043969711722132284;0.4080604534005038
bn:00036821n;8579;8586;fonction;0.0;0.0;0.0
bn:00089884v;8592;8599;retourne;0.0;0.0;0.0
bn:00090397v;8601;8605;liste;0.0;0.0;0.0
bn:00036821n;8607;8615;fonctions;0.0;0.0;0.0
bn:00011012n;8630;8636;tableau;0.0;0.0;0.0
bn:00036821n;8671;8678;fonction;0.0;0.0;0.0
bn:00087823v;8680;8687;exécuter;0.0;0.0;0.0
bn:00030720n;8689;8691;fin;0.0;0.0;0.0
bn:01431715n;8693;8698;script;0.7283481875224811;0.0029887136862636185;0.33753148614609574
bn:00036821n;8720;8727;fonction;0.0;0.0;0.0
bn:15427877n;8738;8745;shutdown;0.0;0.0;0.0
bn:00036821n;8756;8763;fonction;0.0;0.0;0.0
bn:00036821n;8765;8773;fonctions;0.0;0.0;0.0
bn:00104094a;8775;8780;utiles;0.0;0.0;0.0
bn:00043309n;8784;8789;header;1.0;0.0004979002826764895;0.16624685138539042
bn:00082537v;8793;8798;permet;0.0;0.0;0.0
bn:00090884v;8800;8807;modifier;0.0;0.0;0.0
bn:00021227n;8816;8824;protocole;0.0;0.0;0.0
bn:00045088n;8816;8829;protocole http;1.0;0.0010413102255778558;0.20906801007556675
bn:00045088n;8826;8829;http;0.9719276356830941;0.0010220403694466017;0.20654911838790932
bn:00030627n;8833;8843;utilisation;0.0;0.0;0.0
bn:00099598a;8845;8854;principale;0.0;0.0;0.0
bn:03480632n;8856;8866;redirection;0.0;0.0;0.0
bn:00101268a;8873;8877;autre;0.0;0.0;0.0
bn:00060158n;8879;8882;page;0.0;0.0;0.0
bn:00095687v;8899;8902;user;0.0;0.0;0.0
bn:00043309n;8904;8909;header;1.0;0.0004979002826764895;0.16624685138539042
bn:00067131n;8911;8918;location;0.0;0.0;0.0
bn:00027988n;8920;8926;accueil;0.0;0.0;0.0
bn:01753580n;8928;8930;php;1.0;0.005352264039996678;0.41309823677581864
bn:00043309n;8937;8942;header;1.0;0.0004979002826764895;0.16624685138539042
bn:00067131n;8944;8951;location;0.0;0.0;0.0
bn:01753580n;8959;8961;php;1.0;0.005352264039996678;0.41309823677581864
bn:00026699n;8975;8986;exploitation;0.0;0.0;0.0
bn:14352118n;8988;8997;formulaire;0.0;0.0;0.0
bn:00000663n;9009;9013;accès;0.0;0.0;0.0
bn:00060158n;9015;9018;page;0.0;0.0;0.0
bn:14352118n;9020;9029;formulaire;0.0;0.0;0.0
bn:03441197n;9031;9041;remplissage;0.9022277227722773;5.977755370078407e-05;0.06801007556675064
bn:00001410n;9043;9054;modification;0.0;0.0;0.0
bn:00034265n;9056;9061;champs;0.0;0.0;0.0
bn:00031082n;9063;9067;envoi;0.0;0.0;0.0
bn:14352118n;9069;9078;formulaire;0.0;0.0;0.0
bn:00019621n;9087;9098;récupération;0.0;0.0;0.0
bn:14352118n;9100;9109;formulaire;0.0;0.0;0.0
bn:00094538v;9111;9116;soumis;0.0;0.0;0.0
bn:00047235n;9118;9127;traitement;0.0;0.0;0.0
bn:14352118n;9129;9138;formulaire;0.0;0.0;0.0
bn:00014694n;9140;9146;calculs;0.0;0.0;0.0
bn:00077991n;9150;9164;transformations;0.0;0.0;0.0
bn:00000663n;9168;9172;accès;0.0;0.0;0.0
bn:00007708n;9174;9175;bd;0.0;0.0;0.0
bn:00019763n;9181;9186;client;0.0;0.0;0.0
bn:00031082n;9188;9192;envoi;0.0;0.0;0.0
bn:00004451n;9194;9200;réponse;0.0;0.0;0.0
bn:00019763n;9202;9207;client;0.0;0.0;0.0
bn:03496583n;9202;9215;client serveur;1.0;0.0004295127932574855;0.13602015113350127
bn:00044916n;9209;9215;serveur;0.822209096278795;0.004109153321061305;0.43828715365239296
bn:00019621n;9217;9228;récupération;0.0;0.0;0.0
bn:00060585n;9230;9239;paramètres;0.0;0.0;0.0
bn:00060585n;9243;9252;paramètres;0.0;0.0;0.0
bn:00011012n;9264;9270;tableau;0.0;0.0;0.0
bn:00056758n;9279;9281;nom;0.0;0.0;0.0
bn:00054625n;9283;9289;méthode;0.0;0.0;0.0
bn:00031082n;9291;9295;envoi;0.0;0.0;0.0
bn:01500184n;9297;9300;post;0.9937888198757764;0.0001443189225149245;0.08060453400503778
bn:00056758n;9308;9310;nom;0.0;0.0;0.0
bn:00054625n;9312;9318;méthode;0.0;0.0;0.0
bn:00031082n;9320;9324;envoi;0.0;0.0;0.0
bn:00001130n;9349;9354;action;0.0;0.0;0.0
bn:00032100n;9358;9364;exemple;0.0;0.0;0.0
bn:14352118n;9368;9377;formulaire;0.0;0.0;0.0
bn:00056758n;9390;9392;nom;0.0;0.0;0.0
bn:00085750v;9396;9403;récupère;0.0;0.0;0.0
bn:00022154n;9405;9411;contenu;0.0;0.0;0.0
bn:01753580n;9413;9415;php;1.0;0.005352264039996678;0.41309823677581864
bn:00056758n;9422;9424;nom;0.0;0.0;0.0
bn:00056758n;9430;9432;nom;0.0;0.0;0.0
bn:00085714v;9434;9442;continuer;0.0;0.0;0.0
bn:00115880r;9446;9449;plus;0.0;0.0;0.0
bn:00106620a;9451;9456;simple;0.8019959174415967;0.00028994983523453015;0.1309823677581864
bn:00082727v;9458;9467;comprendre;0.0;0.0;0.0
bn:00082705v;9471;9478;utiliser;0.0;0.0;0.0
bn:00054625n;9480;9486;méthode;0.0;0.0;0.0
bn:00045088n;9480;9490;méthode get;1.0;0.0010413102255778558;0.20906801007556675
bn:00091458v;9492;9497;passer;0.0;0.0;0.0
bn:00005600n;9499;9507;arguments;0.0;0.0;0.0
bn:00084662v;9511;9518;regarder;0.0;0.0;0.0
bn:00079080n;9520;9522;url;1.0;0.000827127824663661;0.19395465994962216
bn:00045088n;9532;9535;http;0.9719276356830941;0.0010220403694466017;0.20654911838790932
bn:00080772n;9537;9539;www;1.0;0.004652973260901634;0.4357682619647355
bn:00054378n;9541;9544;test;0.0;0.0;0.0
bn:00054378n;9550;9553;test;0.0;0.0;0.0
bn:01753580n;9555;9557;php;1.0;0.005352264039996678;0.41309823677581864
bn:00034265n;9559;9563;champ;0.0;0.0;0.0
bn:00029680n;9565;9570;valeur;0.0;0.0;0.0
bn:00101350a;9572;9581;différents;0.0;0.0;0.0
bn:00060585n;9583;9592;paramètres;0.0;0.0;0.0
bn:00029680n;9602;9607;valeur;0.0;0.0;0.0
bn:00110277a;9609;9616;visibles;0.0;0.0;0.0
bn:00115641r;9618;9620;ici;0.0;0.0;0.0
bn:00034265n;9626;9630;champ;0.0;0.0;0.0
bn:13601354v;9632;9635;vaut;0.0;0.0;0.0
bn:00029680n;9637;9642;valeur;0.0;0.0;0.0
bn:00114281r;9646;9649;puis;0.0;0.0;0.0
bn:00082705v;9653;9660;utiliser;0.0;0.0;0.0
bn:00032768n;9667;9670;fois;0.7946892407836265;0.01665801163128516;0.6120906801007556
bn:00082727v;9672;9678;compris;0.0;0.0;0.0
bn:00073219n;9680;9691;spécificités;0.0;0.0;0.0
bn:00016413n;9699;9703;types;0.0;0.0;0.0
bn:00020125n;9713;9718;cocher;0.0;0.0;0.0
bn:00035908n;9734;9738;forme;0.0;0.0;0.0
bn:00011012n;9740;9746;tableau;0.0;0.0;0.0
bn:00032100n;9748;9754;exemple;0.0;0.0;0.0
bn:00001130n;9772;9777;action;0.0;0.0;0.0
bn:00094890v;9779;9782;test;0.0;0.0;0.0
bn:01753580n;9784;9786;php;1.0;0.005352264039996678;0.41309823677581864
bn:00016413n;9794;9797;type;0.0;0.0;0.0
bn:14981519n;9799;9802;text;1.0;6.428752002937547e-05;0.07052896725440806
bn:00034265n;9809;9813;champ;0.0;0.0;0.0
bn:00076732n;9821;9825;texte;0.8371258296085602;0.0030407832975119006;0.35516372795969775
bn:00034265n;9844;9848;champ;0.0;0.0;0.0
bn:00020518n;9850;9853;cols;0.0;0.0;0.0
bn:03611246n;9855;9858;rows;1.0;0.00017728267640753793;0.11586901763224182
bn:00076732n;9860;9864;texte;0.8371258296085602;0.0030407832975119006;0.35516372795969775
bn:00034265n;9890;9894;champ;0.0;0.0;0.0
bn:00059228n;9896;9901;option;0.0;0.0;0.0
bn:00059228n;9909;9914;option;0.0;0.0;0.0
bn:00059228n;9916;9921;option;0.0;0.0;0.0
bn:00059228n;9923;9928;option;0.0;0.0;0.0
bn:00059228n;9930;9935;option;0.0;0.0;0.0
bn:00059228n;9943;9948;option;0.0;0.0;0.0
bn:00059228n;9968;9973;option;0.0;0.0;0.0
bn:00059228n;9975;9980;option;0.0;0.0;0.0
bn:00016413n;9998;10001;type;0.0;0.0;0.0
bn:03157691n;10003;10010;checkbox;1.0;0.00014464692006609477;0.0906801007556675
bn:00034265n;10017;10021;champ;0.0;0.0;0.0
bn:00016413n;10064;10067;type;0.0;0.0;0.0
bn:03157691n;10069;10076;checkbox;1.0;0.00014464692006609477;0.0906801007556675
bn:00034265n;10083;10087;champ;0.0;0.0;0.0
bn:00016413n;10130;10133;type;0.0;0.0;0.0
bn:00065899n;10135;10139;radio;0.9469881100965644;0.0023642063488353996;0.3425692695214106
bn:00034265n;10146;10150;champ;0.0;0.0;0.0
bn:00065899n;10163;10167;radio;0.9469881100965644;0.0023642063488353996;0.3425692695214106
bn:00016413n;10178;10181;type;0.0;0.0;0.0
bn:00065899n;10183;10187;radio;0.9469881100965644;0.0023642063488353996;0.3425692695214106
bn:00034265n;10194;10198;champ;0.0;0.0;0.0
bn:00065899n;10211;10215;radio;0.9469881100965644;0.0023642063488353996;0.3425692695214106
bn:00016413n;10226;10229;type;0.0;0.0;0.0
bn:00065899n;10231;10235;radio;0.9469881100965644;0.0023642063488353996;0.3425692695214106
bn:00034265n;10242;10246;champ;0.0;0.0;0.0
bn:00065899n;10259;10263;radio;0.9469881100965644;0.0023642063488353996;0.3425692695214106
bn:00016413n;10274;10277;type;0.0;0.0;0.0
bn:00074932n;10291;10300;soumission;0.0;0.0;0.0
bn:00094538v;10308;10316;soumettre;0.0;0.0;0.0
bn:00054378n;10323;10326;test;0.0;0.0;0.0
bn:01753580n;10328;10330;php;1.0;0.005352264039996678;0.41309823677581864
bn:00034265n;10332;10336;champ;0.0;0.0;0.0
bn:00076732n;10338;10342;texte;0.8371258296085602;0.0030407832975119006;0.35516372795969775
bn:00034265n;10344;10348;champ;0.0;0.0;0.0
bn:00076732n;10350;10354;texte;0.8371258296085602;0.0030407832975119006;0.35516372795969775
bn:00034265n;10356;10360;champ;0.0;0.0;0.0
bn:00059228n;10362;10367;option;0.0;0.0;0.0
bn:00034265n;10369;10373;champ;0.0;0.0;0.0
bn:00034265n;10380;10384;champ;0.0;0.0;0.0
bn:00034265n;10391;10395;champ;0.0;0.0;0.0
bn:00074932n;10402;10411;soumission;0.0;0.0;0.0
bn:00094538v;10413;10421;soumettre;0.0;0.0;0.0
bn:00032100n;10423;10429;exemple;0.0;0.0;0.0
bn:00019621n;10433;10444;récupération;0.0;0.0;0.0
bn:00017985n;10452;10463;vérification;0.0;0.0;0.0
bn:00009676n;10465;10473;existence;0.9442986704235273;0.0043969711722132284;0.4080604534005038
bn:00113501a;10475;10482;variable;0.0;0.0;0.0
bn:00007020n;10496;10504;attention;0.0;0.0;0.0
bn:00083225v;10506;10512;contenu;0.0;0.0;0.0
bn:00076925n;10514;10519;choses;0.0;0.0;0.0
bn:00107028a;10530;10539;nombreuses;0.0;0.0;0.0
bn:00012898n;10541;10547;failles;0.8034582132564841;0.00011430714658284362;0.08564231738035265
bn:00087107v;10549;10552;fait;0.0;0.0;0.0
bn:00007020n;10554;10562;attention;0.0;0.0;0.0
bn:00027675n;10564;10572;affichage;0.0;0.0;0.0
bn:00096798a;10574;10577;tous;1.0;5.313560328958584e-05;0.060453400503778336
bn:00034265n;10579;10584;champs;0.0;0.0;0.0
bn:14352118n;10596;10605;formulaire;0.0;0.0;0.0
bn:00034265n;10620;10624;champ;0.0;0.0;0.0
bn:00034265n;10642;10646;champ;0.0;0.0;0.0
bn:00034265n;10664;10668;champ;0.0;0.0;0.0
bn:00034265n;10691;10695;champ;0.0;0.0;0.0
bn:00034265n;10712;10716;champ;0.0;0.0;0.0
bn:00034265n;10736;10740;champ;0.0;0.0;0.0
bn:00034265n;10755;10759;champ;0.0;0.0;0.0
bn:00029621n;10764;10767;echo;0.0;0.0;0.0
bn:00036836n;10778;10792;fonctionnalités;1.0;0.00012127709454521212;0.07304785894206549
bn:00111488a;10794;10808;supplémentaires;0.0;0.0;0.0
bn:00025336n;10810;10813;date;0.0;0.0;0.0
bn:00000127n;10815;10819;heure;0.0;0.0;0.0
bn:00089884v;10823;10831;retourner;0.0;0.0;0.0
bn:00025336n;10833;10836;date;0.0;0.0;0.0
bn:00103325a;10838;10845;courante;0.0;0.0;0.0
bn:00017487n;10847;10852;chaîne;0.0;0.0;0.0
bn:00017748n;10854;10863;caractères;0.0;0.0;0.0
bn:00017487n;10865;10870;chaine;0.0;0.0;0.0
bn:00025336n;10872;10875;date;0.0;0.0;0.0
bn:01156328n;10877;10882;format;0.0;0.0;0.0
bn:00058285n;10884;10889;nombre;0.7903826859681812;0.0072349699837141014;0.41309823677581864
bn:00017487n;10893;10898;chaine;0.0;0.0;0.0
bn:00025336n;10900;10903;date;0.0;0.0;0.0
bn:00089884v;10905;10912;retourne;0.0;0.0;0.0
bn:00011012n;10923;10929;tableau;0.0;0.0;0.0
bn:03848413n;10923;10940;tableau associatif;0.0;0.0;0.0
bn:00097619a;10931;10940;associatif;1.0;4.017970001835967e-06;0.017632241813602016
bn:00011012n;10946;10952;tableau;0.0;0.0;0.0
bn:00058285n;10962;10967;nombre;0.7903826859681812;0.0072349699837141014;0.41309823677581864
bn:00017985n;10969;10980;vérification;0.0;0.0;0.0
bn:01651507n;10982;10989;validité;0.0;0.0;0.0
bn:00025336n;10991;10994;date;0.0;0.0;0.0
bn:00014710n;11008;11011;mois;0.0;0.0;0.0
bn:00000086n;11013;11016;jour;0.7074606087451749;0.0009167531555209409;0.163727959697733
bn:00006662n;11018;11022;année;0.0;0.0;0.0
bn:00024131n;11024;11030;cookies;0.0;0.0;0.0
bn:00092123v;11034;11039;écrire;0.0;0.0;0.0
bn:00024131n;11041;11047;cookies;0.0;0.0;0.0
bn:00036821n;11051;11058;fonction;0.0;0.0;0.0
bn:00066712n;11084;11088;salut;0.0;0.0;0.0
bn:00068672n;11107;11114;secondes;0.0;0.0;0.0
bn:00101350a;11116;11124;différent;0.0;0.0;0.0
bn:00055423n;11126;11135;javascript;1.0;0.004962274951655211;0.41309823677581864
bn:00087823v;11137;11144;exécuter;0.0;0.0;0.0
bn:00114403r;11152;11155;tout;0.0;0.0;0.0
bn:00101268a;11157;11161;autre;0.0;0.0;0.0
bn:00031082n;11163;11167;envoi;0.0;0.0;0.0
bn:00044916n;11174;11180;serveur;0.822209096278795;0.004109153321061305;0.43828715365239296
bn:00030563n;11182;11187;envoyé;0.8174123337363967;5.543158614777782e-05;0.0654911838790932
bn:00024131n;11196;11201;cookie;0.0;0.0;0.0
bn:00116350r;11203;11205;non;0.0;0.0;0.0
bn:00110277a;11207;11213;visible;0.0;0.0;0.0
bn:00097396a;11221;11228;prochain;0.0;0.0;0.0
bn:00051677n;11230;11239;chargement;0.0;0.0;0.0
bn:00060158n;11241;11244;page;0.0;0.0;0.0
bn:00066372n;11246;11252;lecture;0.0;0.0;0.0
bn:00024131n;11256;11261;cookie;0.0;0.0;0.0
bn:00066712n;11301;11305;salut;0.0;0.0;0.0
bn:03389905n;11307;11310;time;0.7549096622152396;0.0001366982243739904;0.09309309309309309
bn:01426081n;11315;11319;isset;1.0;1.4224581100311178e-07;0.003003003003003003
bn:00024131n;11321;11326;cookie;0.0;0.0;0.0
bn:00029621n;11342;11345;echo;0.0;0.0;0.0
bn:00024131n;11347;11352;cookie;0.0;0.0;0.0
bn:00116350r;11354;11356;non;0.0;0.0;0.0
bn:00086464v;11358;11363;défini;0.0;0.0;0.0
bn:00012593n;11365;11366;br;1.0;1.4224581100311178e-07;0.003003003003003003
bn:00024131n;11378;11383;cookie;0.0;0.0;0.0
bn:00012593n;11399;11400;br;1.0;1.4224581100311178e-07;0.003003003003003003
bn:00070689n;11402;11409;sessions;0.0;0.0;0.0
bn:00030721n;11413;11420;objectif;0.0;0.0;0.0
bn:00088428v;11422;11427;garder;0.7848101265822784;0.0001499270847972798;0.09309309309309309
bn:00025314n;11429;11435;données;0.8769130739221767;0.009975983217270234;0.5915915915915916
bn:00086008v;11467;11470;crée;0.0;0.0;0.0
bn:00107267a;11472;11479;nouvelle;0.0;0.0;0.0
bn:00070689n;11481;11487;session;0.0;0.0;0.0
bn:00070689n;11496;11502;session;0.0;0.0;0.0
bn:00114245r;11504;11507;déjà;0.0;0.0;0.0
bn:00070689n;11519;11525;session;0.0;0.0;0.0
bn:00056758n;11527;11529;nom;0.0;0.0;0.0
bn:00029680n;11531;11536;valeur;0.0;0.0;0.0
bn:00082537v;11538;11543;permet;0.0;0.0;0.0
bn:00086008v;11545;11549;créer;0.0;0.0;0.0
bn:00113503a;11551;11558;variable;0.7097791798107256;6.40106149514003e-05;0.05405405405405406
bn:00070689n;11560;11566;session;0.0;0.0;0.0
bn:00070689n;11568;11574;session;0.0;0.0;0.0
bn:00084204v;11584;11590;détruit;0.879492600422833;5.91742573772945e-05;0.04804804804804805
bn:00070689n;11592;11598;session;0.0;0.0;0.0
bn:00023310n;11600;11604;cours;0.0;0.0;0.0
bn:00070689n;11606;11612;session;0.0;0.0;0.0
bn:00070689n;11620;11626;session;0.0;0.0;0.0
bn:00113503a;11628;11635;variable;0.7097791798107256;6.40106149514003e-05;0.05405405405405406
bn:00070689n;11637;11644;sessions;0.0;0.0;0.0
bn:00032100n;11646;11652;exemple;0.0;0.0;0.0
bn:00011776n;11659;11662;body;0.7426326129666012;0.0001075378331183525;0.06306306306306306
bn:01500184n;11676;11679;post;0.9996036464526358;0.0010762318060495437;0.23423423423423423
bn:00001130n;11681;11686;action;0.0;0.0;0.0
bn:00054378n;11688;11691;test;0.0;0.0;0.0
bn:01753580n;11693;11695;php;1.0;0.008071596299560575;0.5195195195195195
bn:00075813n;11697;11701;table;0.0;0.0;0.0
bn:05004918n;11703;11708;border;0.0;0.0;0.0
bn:03561884n;11710;11711;tr;1.0;0.00026301250454475366;0.12912912912912913
bn:00056758n;11716;11718;nom;0.0;0.0;0.0
bn:00016413n;11732;11735;type;0.0;0.0;0.0
bn:14981519n;11737;11740;text;1.0;0.00029444882877644135;0.13513513513513514
bn:00056758n;11747;11749;nom;0.0;0.0;0.0
bn:03561884n;11767;11768;tr;1.0;0.00026301250454475366;0.12912912912912913
bn:03561884n;11770;11771;tr;1.0;0.00026301250454475366;0.12912912912912913
bn:00034788n;11776;11781;prénom;0.0;0.0;0.0
bn:00016413n;11795;11798;type;0.0;0.0;0.0
bn:14981519n;11800;11803;text;1.0;0.00029444882877644135;0.13513513513513514
bn:03561884n;11831;11832;tr;1.0;0.00026301250454475366;0.12912912912912913
bn:03561884n;11834;11835;tr;1.0;0.00026301250454475366;0.12912912912912913
bn:02499134n;11840;11844;email;0.0;0.0;0.0
bn:00016413n;11858;11861;type;0.0;0.0;0.0
bn:14981519n;11863;11866;text;1.0;0.00029444882877644135;0.13513513513513514
bn:02499134n;11873;11877;email;0.0;0.0;0.0
bn:03561884n;11895;11896;tr;1.0;0.00026301250454475366;0.12912912912912913
bn:03561884n;11898;11899;tr;1.0;0.00026301250454475366;0.12912912912912913
bn:00016413n;11918;11921;type;0.0;0.0;0.0
bn:00094538v;11935;11943;soumettre;0.0;0.0;0.0
bn:00093485v;11951;11957;envoyer;0.0;0.0;0.0
bn:03561884n;11962;11963;tr;1.0;0.00026301250454475366;0.12912912912912913
bn:00075813n;11965;11969;table;0.0;0.0;0.0
bn:00011776n;11976;11979;body;0.7426326129666012;0.0001075378331183525;0.06306306306306306
bn:00070689n;11986;11993;sessions;0.0;0.0;0.0
bn:00032100n;11995;12001;exemple;0.0;0.0;0.0
bn:00054378n;12003;12006;test;0.0;0.0;0.0
bn:01753580n;12008;12010;php;1.0;0.008071596299560575;0.5195195195195195
bn:01753580n;12012;12014;php;1.0;0.008071596299560575;0.5195195195195195
bn:00070689n;12016;12022;session;0.0;0.0;0.0
bn:00070689n;12030;12036;session;0.0;0.0;0.0
bn:00056758n;12038;12040;nom;0.0;0.0;0.0
bn:00056758n;12047;12049;nom;0.0;0.0;0.0
bn:00070689n;12051;12057;session;0.0;0.0;0.0
bn:01500184n;12066;12069;post;0.9996036464526358;0.0010762318060495437;0.23423423423423423
bn:00070689n;12078;12084;session;0.0;0.0;0.0
bn:02499134n;12086;12090;email;0.0;0.0;0.0
bn:02499134n;12097;12101;email;0.0;0.0;0.0
bn:00070689n;12103;12110;sessions;0.0;0.0;0.0
bn:00032100n;12112;12118;exemple;0.0;0.0;0.0
bn:00070689n;12120;12126;session;0.0;0.0;0.0
bn:01753580n;12128;12130;php;1.0;0.008071596299560575;0.5195195195195195
bn:00011776n;12137;12140;body;0.7426326129666012;0.0001075378331183525;0.06306306306306306
bn:01753580n;12142;12144;php;1.0;0.008071596299560575;0.5195195195195195
bn:00070689n;12146;12152;session;0.0;0.0;0.0
bn:00029621n;12160;12163;echo;0.0;0.0;0.0
bn:00089574v;12165;12175;identifiant;0.0;0.0;0.0
bn:00070689n;12177;12183;session;0.0;0.0;0.0
bn:03885719n;12185;12186;id;0.9334774491500443;0.0013513352045295619;0.22822822822822822
bn:00012593n;12188;12189;br;1.0;1.4224581100311178e-07;0.003003003003003003
bn:00029621n;12191;12194;echo;0.0;0.0;0.0
bn:00056758n;12196;12198;nom;0.0;0.0;0.0
bn:00070689n;12200;12206;session;0.0;0.0;0.0
bn:00070689n;12208;12214;session;0.0;0.0;0.0
bn:00029621n;12224;12227;echo;0.0;0.0;0.0
bn:00056758n;12229;12231;nom;0.0;0.0;0.0
bn:00070689n;12233;12239;session;0.0;0.0;0.0
bn:00056758n;12241;12243;nom;0.0;0.0;0.0
bn:00012593n;12245;12246;br;1.0;1.4224581100311178e-07;0.003003003003003003
bn:00029621n;12248;12251;echo;0.0;0.0;0.0
bn:00034788n;12253;12258;prénom;0.0;0.0;0.0
bn:00070689n;12260;12266;session;0.0;0.0;0.0
bn:00012593n;12275;12276;br;1.0;1.4224581100311178e-07;0.003003003003003003
bn:00029621n;12278;12281;echo;0.0;0.0;0.0
bn:00070689n;12288;12294;session;0.0;0.0;0.0
bn:02499134n;12296;12300;email;0.0;0.0;0.0
bn:00012593n;12302;12303;br;1.0;1.4224581100311178e-07;0.003003003003003003
bn:00070689n;12305;12311;session;0.0;0.0;0.0
bn:00011776n;12321;12324;body;0.7426326129666012;0.0001075378331183525;0.06306306306306306
bn:00093485v;12331;12337;envoyer;0.0;0.0;0.0
bn:02499134n;12339;12344;emails;0.0;0.0;0.0
bn:00036821n;12348;12355;fonction;0.0;0.0;0.0
bn:13865112n;12367;12375;recipient;0.8776290630975143;6.529082725042831e-05;0.05105105105105105
bn:00521573n;12385;12391;message;0.8716869525651234;0.0010900296497168454;0.23723723723723725
bn:00082822v;12410;12418;nécessite;0.0;0.0;0.0
bn:00044916n;12420;12426;serveur;0.727930877671669;0.011384785729445054;0.6426426426426426
bn:17354271n;12420;12431;serveur mail;1.0;0.00018079442578495505;0.09309309309309309
bn:00103574a;12433;12442;accessible;0.0;0.0;0.0
bn:00044916n;12444;12450;serveur;0.727930877671669;0.011384785729445054;0.6426426426426426
bn:01753580n;12454;12456;php;1.0;0.008071596299560575;0.5195195195195195
bn:00054378n;12479;12482;test;0.0;0.0;0.0
bn:00103601a;12484;12490;content;0.0;0.0;0.0
bn:00043620n;12492;12498;bonjour;0.0;0.0;0.0
bn:04760480n;12500;12506;content;1.0;1.4224581100311178e-07;0.003003003003003003
bn:00521573n;12513;12519;message;0.8716869525651234;0.0010900296497168454;0.23723723723723725
bn:00054378n;12521;12524;test;0.0;0.0;0.0
bn:04760480n;12526;12532;content;1.0;1.4224581100311178e-07;0.003003003003003003
bn:00103601a;12559;12565;content;0.0;0.0;0.0
bn:00016413n;12567;12570;type;0.0;0.0;0.0
bn:14981519n;12572;12575;text;1.0;0.00029444882877644135;0.13513513513513514
bn:00016913n;12602;12603;cc;1.0;1.4224581100311178e-07;0.003003003003003003
bn:04760480n;12627;12633;content;1.0;1.4224581100311178e-07;0.003003003003003003
bn:00086008v;12643;12647;créer;0.0;0.0;0.0
bn:00101268a;12649;12653;autre;0.0;0.0;0.0
bn:00076925n;12655;12659;chose;0.0;0.0;0.0
bn:01753580n;12668;12670;php;1.0;0.008071596299560575;0.5195195195195195
bn:13601970v;12672;12675;peut;0.0;0.0;0.0
bn:00086008v;12677;12681;créer;0.0;0.0;0.0
bn:00101268a;12683;12687;autre;0.0;0.0;0.0
bn:00076925n;12689;12693;chose;0.0;0.0;0.0
bn:00045772n;12702;12707;images;0.0;0.0;0.0
bn:00050012n;12709;12713;grand;0.0;0.0;0.0
bn:00018661n;12715;12719;choix;0.0;0.0;0.0
bn:00021475n;12753;12760;fichiers;0.9511394010782404;0.01194551871641932;0.6336336336336337
bn:01745594n;12762;12764;pdf;1.0;0.002233259232748855;0.3003003003003003
bn:00012141n;12766;12774;librairie;0.0;0.0;0.0
bn:02534750n;12786;12789;word;1.0;2.0483396784448095e-05;0.036036036036036036
bn:00022064n;12806;12815;limitation;0.8823529411764706;4.267374330093353e-06;0.015015015015015015
bn:00088429v;12817;12822;suffit;0.7619047619047619;1.1379664880248941e-05;0.024024024024024024
bn:00082811v;12824;12829;savoir;0.9014634146341464;0.0002628702587337505;0.12612612612612611
bn:00003570n;12831;12837;comment;0.9642857142857143;1.536254758833607e-05;0.02702702702702703
bn:00090884v;12839;12846;modifier;0.0;0.0;0.0
bn:00043309n;12855;12860;header;1.0;0.0005837768083567707;0.17117117117117117
bn:00114281r;12862;12865;puis;0.0;0.0;0.0
bn:00087013v;12867;12874;afficher;0.0;0.0;0.0
bn:00022154n;12876;12882;contenu;0.0;0.0;0.0
bn:00043309n;12890;12895;header;1.0;0.0005837768083567707;0.17117117117117117
bn:00103601a;12897;12903;content;0.0;0.0;0.0
bn:00016413n;12905;12908;type;0.0;0.0;0.0
bn:00045772n;12910;12914;image;0.0;0.0;0.0
bn:00054378n;12942;12945;test;0.0;0.0;0.0
bn:01753580n;12981;12983;php;1.0;0.008071596299560575;0.5195195195195195
bn:00008786n;12991;12995;bases;0.0;0.0;0.0
bn:00025314n;12997;13003;données;0.8769130739221767;0.009975983217270234;0.5915915915915916
bn:00064213n;13007;13018;présentation;0.0;0.0;0.0
bn:00055423n;13025;13034;javascript;1.0;0.007540450441274955;0.5135135135135135
bn:00013447n;13038;13047;navigateur;0.9999317724383393;0.012508385390558633;0.6456456456456456
bn:01387235n;13052;13058;firefox;0.9999424824571495;0.009891773697156393;0.5705705705705706
bn:00047235n;13071;13081;traitements;0.0;0.0;0.0
bn:00023652n;13083;13090;création;0.0;0.0;0.0
bn:00060158n;13092;13095;page;0.0;0.0;0.0
bn:01862131n;13117;13119;cgi;1.0;1.4224581100311178e-07;0.003003003003003003
bn:00044916n;13123;13129;serveur;0.727930877671669;0.011384785729445054;0.6426426426426426
bn:02705179n;13123;13133;serveur web;0.9137495239084519;0.0037538669523721198;0.39039039039039036
bn:00080772n;13131;13133;web;0.7210103526783797;0.011937552951003147;0.6396396396396397
bn:00045907n;13142;13144;iis;1.0;5.689832440124471e-07;0.006006006006006006
bn:00025314n;13150;13156;données;0.8769130739221767;0.009975983217270234;0.5915915915915916
bn:00075813n;13158;13163;tables;0.0;0.0;0.0
bn:00044916n;13171;13177;serveur;0.727930877671669;0.011384785729445054;0.6426426426426426
bn:00007708n;13179;13180;bd;0.0;0.0;0.0
bn:02744817n;13182;13187;access;1.0;6.273040265237229e-05;0.06306306306306306
bn:00008786n;13215;13219;bases;0.0;0.0;0.0
bn:00025314n;13221;13227;données;0.8769130739221767;0.009975983217270234;0.5915915915915916
bn:01753580n;13231;13233;php;1.0;0.008071596299560575;0.5195195195195195
bn:00082537v;13235;13240;permet;0.0;0.0;0.0
bn:00095812v;13242;13251;travailler;0.0;0.0;0.0
bn:00050555n;13264;13270;plupart;1.0;1.7211743131376525e-05;0.03303303303303303
bn:00036821n;13290;13298;fonctions;0.0;0.0;0.0
bn:00102401a;13300;13311;essentielles;0.0;0.0;0.0
bn:01257629n;13334;13339;sybase;1.0;0.0008351251563992692;0.17117117117117117
bn:01165400n;13341;13349;microsoft;1.0;0.012663291078741023;0.6426426426426426
bn:00605043n;13341;13360;microsoft sql server;1.0;0.002121596271111412;0.2852852852852853
bn:00605043n;13351;13360;sql server;1.0;0.002121596271111412;0.2852852852852853
bn:01709156n;13362;13371;postgresql;1.0;0.0015999808821630013;0.2222222222222222
bn:00101268a;13373;13378;autres;0.0;0.0;0.0
bn:00016401n;13380;13382;cas;0.0;0.0;0.0
bn:13601970v;13384;13387;peut;0.0;0.0;0.0
bn:00082705v;13389;13396;utiliser;0.0;0.0;0.0
bn:00111001a;13406;13416;spécifiques;0.0;0.0;0.0
bn:00021901n;13418;13426;connexion;0.0;0.0;0.0
bn:00044916n;13428;13434;serveur;0.727930877671669;0.011384785729445054;0.6426426426426426
bn:00019966n;13436;13444;exécution;0.0;0.0;0.0
bn:00006362n;13446;13452;requête;0.0;0.0;0.0
bn:00053116n;13458;13464;gestion;0.0;0.0;0.0
bn:00021961n;13466;13474;résultats;0.0;0.0;0.0
bn:00093013v;13476;13477;va;0.0;0.0;0.0
bn:00093430v;13479;13482;voir;0.0;0.0;0.0
bn:00036838n;13484;13497;fonctionnement;0.7335329341317365;0.0001742511184788119;0.10510510510510511
bn:01753580n;13499;13501;php;1.0;0.008071596299560575;0.5195195195195195
bn:01753580n;13499;13514;php data objects;1.0;0.008071596299560575;0.5195195195195195
bn:00104928a;13518;13528;indépendant;0.0;0.0;0.0
bn:00116535r;13530;13542;partiellement;1.0;2.8449162200622356e-07;0.003003003003003003
bn:00082705v;13549;13555;utilisé;0.0;0.0;0.0
bn:01753580n;13563;13565;php;1.0;0.008071596299560575;0.5195195195195195
bn:00021901n;13567;13575;connexion;0.0;0.0;0.0
bn:00021901n;13579;13587;connexion;0.0;0.0;0.0
bn:00023652n;13589;13596;création;0.0;0.0;0.0
bn:00058442n;13598;13602;objet;0.0;0.0;0.0
bn:00082338v;13616;13622;adresse;0.7284640585854693;0.0005376891655917625;0.18018018018018017
bn:00008786n;13624;13627;base;0.0;0.0;0.0
bn:00056758n;13629;13631;nom;0.0;0.0;0.0
bn:00075813n;13633;13637;table;0.0;0.0;0.0
bn:00056758n;13639;13641;nom;0.0;0.0;0.0
bn:00079373n;13643;13653;utilisateur;0.8837544767210506;0.002527281324092287;0.32732732732732733
bn:00071918n;13659;13663;passe;0.0;0.0;0.0
bn:00026163n;13677;13687;destruction;0.0;0.0;0.0
bn:00058442n;13689;13693;objet;0.0;0.0;0.0
bn:00032579n;13699;13707;ouverture;0.0;0.0;0.0
bn:00021901n;13709;13717;connexion;0.0;0.0;0.0
bn:01846442n;13737;13740;host;0.9995363931386184;0.000306681968522709;0.13213213213213212
bn:00042918n;13742;13745;port;0.0;0.0;0.0
bn:00054378n;13754;13757;test;0.0;0.0;0.0
bn:00168023n;13759;13762;root;0.9943609022556391;0.0003009921360825845;0.13813813813813813
bn:16858148n;13764;13772;fermeture;0.9653078924544666;0.0006332783505858536;0.15915915915915915
bn:00021901n;13774;13782;connexion;0.0;0.0;0.0
bn:00037180n;13793;13797;catch;0.961743608607688;0.0007438033457352715;0.1891891891891892
bn:00032118n;13799;13807;exception;0.9012875536480687;5.9743240621306944e-05;0.042042042042042045
bn:00031485n;13815;13820;erreur;0.0;0.0;0.0
bn:01225760n;13835;13839;mysql;1.0;0.004547314086147477;0.4444444444444444
bn:01753580n;13841;13843;php;1.0;0.008071596299560575;0.5195195195195195
bn:00006362n;13845;13852;requêtes;0.0;0.0;0.0
bn:00054625n;13856;13862;méthode;0.0;0.0;0.0
bn:00067280n;13870;13879;recherches;0.0;0.0;0.0
bn:00054625n;13883;13889;méthode;0.0;0.0;0.0
bn:15669055n;13891;13894;exec;1.0;0.0001644361575195972;0.1021021021021021
bn:00001410n;13896;13908;modifications;0.0;0.0;0.0
bn:02539565n;13914;13923;libération;0.8535353535353535;2.4039542059525888e-05;0.03903903903903904
bn:00067352n;13925;13934;ressources;0.0;0.0;0.0
bn:01846442n;13968;13971;host;0.9995363931386184;0.000306681968522709;0.13213213213213212
bn:00054378n;13980;13983;test;0.0;0.0;0.0
bn:00168023n;13985;13988;root;0.9943609022556391;0.0003009921360825845;0.13813813813813813
bn:00054378n;14020;14023;test;0.0;0.0;0.0
bn:00056690n;14025;14026;nb;1.0;4.35272181669522e-05;0.05105105105105105
bn:15669055n;14039;14042;exec;1.0;0.0001644361575195972;0.1021021021021021
bn:00054378n;14051;14054;test;0.0;0.0;0.0
bn:04928161n;14056;14058;set;0.7847147470398278;0.00010369719622126847;0.08108108108108109
bn:00054378n;14060;14063;test;0.0;0.0;0.0
bn:03885719n;14065;14066;id;0.9334774491500443;0.0013513352045295619;0.22822822822822822
bn:15898583n;14092;14095;null;0.7505192107995846;0.00041123263960999613;0.14714714714714713
bn:01753580n;14103;14105;php;1.0;0.008071596299560575;0.5195195195195195
bn:00047235n;14107;14116;traitement;0.0;0.0;0.0
bn:00058285n;14120;14125;nombre;0.7091460588953954;0.0023944237366153804;0.27927927927927926
bn:00004451n;14127;14134;réponses;0.0;0.0;0.0
bn:00047235n;14149;14158;traitement;0.0;0.0;0.0
bn:00004451n;14160;14167;réponses;0.0;0.0;0.0
bn:00089884v;14175;14182;retourne;0.0;0.0;0.0
bn:00021961n;14184;14192;résultats;0.0;0.0;0.0
bn:00089884v;14205;14212;retourne;0.0;0.0;0.0
bn:00011012n;14214;14220;tableau;0.0;0.0;0.0
bn:00021961n;14227;14235;résultats;0.0;0.0;0.0
bn:00029621n;14287;14290;echo;0.0;0.0;0.0
bn:00054378n;14300;14303;test;0.0;0.0;0.0
bn:00054378n;14316;14319;test;0.0;0.0;0.0
bn:00079476n;14321;14323;val;1.0;2.2190346516485437e-05;0.036036036036036036
bn:00012593n;14325;14326;br;1.0;1.4224581100311178e-07;0.003003003003003003
bn:00021961n;14344;14351;résultat;0.0;0.0;0.0
bn:00012593n;14353;14354;br;1.0;1.4224581100311178e-07;0.003003003003003003
bn:01753580n;14362;14364;php;1.0;0.008071596299560575;0.5195195195195195
bn:00032100n;14366;14372;exemple;0.0;0.0;0.0
bn:00011776n;14379;14382;body;0.7426326129666012;0.0001075378331183525;0.06306306306306306
bn:15206318n;14384;14385;ul;0.0;0.0;0.0
bn:01846442n;14413;14416;host;0.9995363931386184;0.000306681968522709;0.13213213213213212
bn:00054378n;14425;14428;test;0.0;0.0;0.0
bn:00054378n;14476;14479;test;0.0;0.0;0.0
bn:00054378n;14487;14490;test;0.0;0.0;0.0
bn:00029621n;14546;14549;echo;0.0;0.0;0.0
bn:00054378n;14562;14565;test;0.0;0.0;0.0
bn:00054378n;14578;14581;test;0.0;0.0;0.0
bn:00079476n;14583;14585;val;1.0;2.2190346516485437e-05;0.036036036036036036
bn:00021961n;14609;14616;résultat;0.0;0.0;0.0
bn:00037180n;14650;14654;catch;0.961743608607688;0.0007438033457352715;0.1891891891891892
bn:00032118n;14656;14664;exception;0.9012875536480687;5.9743240621306944e-05;0.042042042042042045
bn:00031485n;14672;14677;erreur;0.0;0.0;0.0
bn:15206318n;14692;14693;ul;0.0;0.0;0.0
bn:00011776n;14695;14698;body;0.7426326129666012;0.0001075378331183525;0.06306306306306306
bn:00068799n;14705;14712;sécurité;0.0;0.0;0.0
bn:00091458v;14716;14720;passe;0.0;0.0;0.0
bn:00006911n;14732;14733;or;0.8050650557620818;0.0004928817351257823;0.16516516516516516
bn:03885719n;14737;14738;id;0.9334774491500443;0.0013513352045295619;0.22822822822822822
bn:00075813n;14745;14749;table;0.0;0.0;0.0
bn:00054378n;14751;14754;test;0.0;0.0;0.0
bn:00054378n;14797;14800;test;0.0;0.0;0.0
bn:00054378n;14808;14811;test;0.0;0.0;0.0
bn:00054378n;14831;14834;test;0.0;0.0;0.0
bn:00054378n;14842;14845;test;0.0;0.0;0.0
bn:00054378n;14862;14865;test;0.0;0.0;0.0
bn:00054378n;14873;14876;test;0.0;0.0;0.0
bn:03885719n;14878;14879;id;0.9334774491500443;0.0013513352045295619;0.22822822822822822
bn:00054378n;14896;14899;test;0.0;0.0;0.0
bn:00054378n;14907;14910;test;0.0;0.0;0.0
bn:04706477n;14915;14918;drop;1.0;2.8449162200622356e-07;0.003003003003003003
bn:00075813n;14920;14924;table;0.0;0.0;0.0
bn:00054378n;14926;14929;test;0.0;0.0;0.0
bn:00006362n;14931;14938;requêtes;0.0;0.0;0.0
bn:00064167n;14951;14961;préparation;0.0;0.0;0.0
bn:00006362n;14963;14970;requêtes;0.0;0.0;0.0
bn:00037689n;14972;14981;génériques;0.0;0.0;0.0
bn:00005603n;15009;15017;arguments;0.7229914098029308;0.0017109773282350004;0.2260061919504644
bn:00115880r;15021;15024;plus;0.0;0.0;0.0
bn:00107791a;15043;15052;précédente;0.0;0.0;0.0
bn:00016287n;15054;15057;mise;0.9494175841710547;0.0014230241966729455;0.21671826625386997
bn:00014484n;15059;15063;cache;0.9983666802776644;0.004093287248076885;0.32507739938080493
bn:00115880r;15065;15068;plus;0.0;0.0;0.0
bn:00108815a;15070;15077;portable;0.0;0.0;0.0
bn:00099802a;15079;15083;clair;0.0;0.0;0.0
bn:00082705v;15085;15092;utiliser;0.0;0.0;0.0
bn:04726979n;15094;15096;req;1.0;2.1524735747994134e-06;0.009287925696594427
bn:00054378n;15117;15120;test;0.0;0.0;0.0
bn:03885719n;15122;15123;id;0.8573913043478261;0.0007074463149174072;0.15789473684210525
bn:00054378n;15125;15128;test;0.0;0.0;0.0
bn:00079476n;15130;15132;val;1.0;0.00010905866112317027;0.058823529411764705
bn:00054378n;15139;15142;test;0.0;0.0;0.0
bn:00054378n;15150;15153;test;0.0;0.0;0.0
bn:00054378n;15162;15165;test;0.0;0.0;0.0
bn:00079476n;15167;15169;val;1.0;0.00010905866112317027;0.058823529411764705
bn:04726979n;15171;15173;req;1.0;2.1524735747994134e-06;0.009287925696594427
bn:00020977n;15191;15199;remarques;0.0;0.0;0.0
bn:00102969a;15201;15207;finales;0.8448275862068966;1.1719022796130139e-05;0.021671826625386997
bn:00086468v;15213;15219;limiter;0.0;0.0;0.0
bn:00106517a;15221;15227;maximum;1.0;3.587455957999022e-06;0.009287925696594427
bn:00109848a;15229;15234;droits;0.0;0.0;0.0
bn:00079373n;15236;15246;utilisateur;0.8861270448268537;0.0029926557601627846;0.30030959752321984
bn:00025314n;15248;15254;données;0.8220746110754609;0.01133636082727691;0.46439628482972134
bn:00019764n;15267;15272;client;0.8309915696507427;0.0024753446110193254;0.23219814241486067
bn:00101187a;15274;15280;fiables;0.0;0.0;0.0
bn:03211312n;15288;15296;injection;0.8831596269884805;0.0003850536061585617;0.10835913312693499
bn:00055423n;15300;15309;javascript;1.0;0.006924029162668647;0.4055727554179567
bn:03211312n;15311;15319;injection;0.8831596269884805;0.0003850536061585617;0.10835913312693499
bn:00094868v;15321;15326;tenter;0.0;0.0;0.0
bn:00090224v;15332;15337;mettre;0.0;0.0;0.0
bn:00055423n;15339;15348;javascript;1.0;0.006924029162668647;0.4055727554179567
bn:00114251r;15368;15375;toujours;0.0;0.0;0.0
bn:00094890v;15377;15382;tester;0.0;0.0;0.0
bn:00009676n;15384;15392;existence;0.9834577365341941;0.0023318463726993647;0.24148606811145512
bn:01651507n;15394;15401;validité;0.0;0.0;0.0
bn:00021475n;15403;15409;fichier;0.9207466666666667;0.014451229253742195;0.5139318885448917
bn:00089662v;15416;15422;inclure;0.0;0.0;0.0
bn:00084662v;15424;15431;regarder;0.0;0.0;0.0
bn:00116424r;15433;15445;régulièrement;0.0;0.0;0.0
bn:00016413n;15464;15468;types;0.7591333227898149;0.004591943626238749;0.29721362229102166
bn:00025314n;15470;15476;données;0.8220746110754609;0.01133636082727691;0.46439628482972134
bn:14981519n;15496;15499;text;1.0;0.000484306554329868;0.1393188854489164
bn:03603649n;15510;15518;timestamp;1.0;0.0007088812973006068;0.1609907120743034
bn:02324948n;15524;15527;enum;1.0;0.00024490366006606657;0.09907120743034056
bn:00070697n;15545;15552;ensemble;0.0;0.0;0.0
bn:00088052v;15554;15557;fixé;0.0;0.0;0.0
bn:00029680n;15559;15565;valeurs;0.0;0.0;0.0
bn:00025336n;15587;15590;date;0.0;0.0;0.0
bn:00000127n;15592;15596;heure;0.0;0.0;0.0
bn:00079165n;15606;15609;unix;1.0;0.0139408538527842;0.5386996904024768
bn:00114047r;15627;15634;beaucoup;0.0;0.0;0.0
bn:00059127n;15649;15658;opérations;0.0;0.0;0.0
bn:00023652n;15662;15669;création;0.0;0.0;0.0
bn:00008786n;15671;15675;bases;0.0;0.0;0.0
bn:00024147n;15696;15706;suppression;0.0;0.0;0.0
bn:00008786n;15708;15712;bases;0.0;0.0;0.0
bn:00025314n;15714;15720;données;0.8220746110754609;0.01133636082727691;0.46439628482972134
bn:00025333n;15734;15741;database;1.0;0.018060688274950276;0.5758513931888545
bn:00056758n;15743;15745;nom;0.0;0.0;0.0
bn:15683405n;15747;15748;bd;0.941213258286429;0.0007198828289051372;0.13312693498452013
bn:00025333n;15750;15757;database;1.0;0.018060688274950276;0.5758513931888545
bn:00039869n;15759;15760;if;0.0;0.0;0.0
bn:00056758n;15769;15771;nom;0.0;0.0;0.0
bn:15683405n;15773;15774;bd;0.941213258286429;0.0007198828289051372;0.13312693498452013
bn:00082954v;15783;15787;évite;0.0;0.0;0.0
bn:00031485n;15789;15794;erreur;0.0;0.0;0.0
bn:00008786n;15796;15799;base;0.0;0.0;0.0
bn:00083184v;15801;15806;existe;1.0;2.1524735747994134e-06;0.009287925696594427
bn:00030627n;15808;15818;utilisation;0.0;0.0;0.0
bn:00008786n;15820;15823;base;0.0;0.0;0.0
bn:00095687v;15835;15837;use;0.0;0.0;0.0
bn:00056758n;15839;15841;nom;0.0;0.0;0.0
bn:00008786n;15846;15849;base;0.0;0.0;0.0
bn:00011197n;15870;15875;défaut;0.0;0.0;0.0
bn:00059127n;15883;15892;opérations;0.0;0.0;0.0
bn:00075813n;15903;15907;table;0.0;0.0;0.0
bn:00082537v;15909;15914;permet;0.0;0.0;0.0
bn:00086008v;15916;15920;créer;0.0;0.0;0.0
bn:00107267a;15922;15929;nouvelle;0.0;0.0;0.0
bn:00075813n;15931;15935;table;0.0;0.0;0.0
bn:00008786n;15937;15940;base;0.0;0.0;0.0
bn:00025314n;15942;15948;données;0.8220746110754609;0.01133636082727691;0.46439628482972134
bn:00103325a;15950;15957;courante;0.0;0.0;0.0
bn:00075813n;15968;15972;table;0.0;0.0;0.0
bn:00034274n;15983;15987;champ;0.7535483870967742;0.002374417516734286;0.2260061919504644
bn:00007309n;15991;15994;auto;0.9487063095778484;0.001999408787258122;0.23529411764705882
bn:00022154n;16006;16012;contenu;0.0;0.0;0.0
bn:00114825r;16025;16039;automatiquement;0.9649122807017544;2.6308010358659496e-05;0.030959752321981424
bn:02234787n;16054;16062;insertion;0.9364161849710982;7.748904869277888e-05;0.05572755417956656
bn:15770009n;16074;16076;key;1.0;2.1524735747994134e-06;0.009287925696594427
bn:00048985n;16078;16080;clé;0.0;0.0;0.0
bn:00035811n;16082;16086;index;0.0;0.0;0.0
bn:00109012a;16088;16095;primaire;0.0;0.0;0.0
bn:00110682a;16097;16102;unique;0.0;0.0;0.0
bn:00075813n;16111;16115;table;0.0;0.0;0.0
bn:00054378n;16117;16120;test;0.0;0.0;0.0
bn:00054378n;16122;16125;test;0.0;0.0;0.0
bn:03885719n;16127;16128;id;0.8573913043478261;0.0007074463149174072;0.15789473684210525
bn:00007309n;16143;16146;auto;0.9487063095778484;0.001999408787258122;0.23529411764705882
bn:00054378n;16170;16173;test;0.0;0.0;0.0
bn:00079476n;16175;16177;val;1.0;0.00010905866112317027;0.058823529411764705
bn:15898583n;16187;16190;null;0.84977870346264;0.0007806304164605873;0.15789473684210525
bn:00059127n;16198;16207;opérations;0.0;0.0;0.0
bn:00024147n;16211;16221;suppression;0.0;0.0;0.0
bn:00075813n;16223;16227;table;0.0;0.0;0.0
bn:00075813n;16238;16242;table;0.0;0.0;0.0
bn:00003127n;16262;16269;modifier;1.0;5.357267563945207e-05;0.043343653250773995
bn:00022071n;16271;16279;structure;0.0;0.0;0.0
bn:00075813n;16281;16285;table;0.0;0.0;0.0
bn:00075813n;16305;16309;table;0.0;0.0;0.0
bn:00073184n;16326;16329;spec;1.0;8.370730568664385e-06;0.015479876160990712
bn:00073184n;16337;16340;spec;1.0;8.370730568664385e-06;0.015479876160990712
bn:01225760n;16342;16346;mysql;1.0;0.004805038510143891;0.34365325077399383
bn:00059127n;16348;16357;opérations;0.0;0.0;0.0
bn:00087681v;16361;16367;insérer;0.0;0.0;0.0
bn:00107267a;16369;16376;nouveaux;0.0;0.0;0.0
bn:00017991n;16378;16391;enregistrement;0.0;0.0;0.0
bn:00006121n;16405;16411;article;0.0;0.0;0.0
bn:00034274n;16413;16417;champ;0.7535483870967742;0.002374417516734286;0.2260061919504644
bn:00034274n;16419;16423;champ;0.7535483870967742;0.002374417516734286;0.2260061919504644
bn:00054378n;16432;16435;test;0.0;0.0;0.0
bn:00092816v;16439;16447;remplacer;0.0;0.0;0.0
bn:00017991n;16449;16462;enregistrement;0.0;0.0;0.0
bn:00006121n;16477;16483;article;0.0;0.0;0.0
bn:00034274n;16485;16489;champ;0.7535483870967742;0.002374417516734286;0.2260061919504644
bn:00034274n;16491;16495;champ;0.7535483870967742;0.002374417516734286;0.2260061919504644
bn:00054378n;16504;16507;test;0.0;0.0;0.0
bn:00059127n;16515;16524;opérations;0.0;0.0;0.0
bn:00001410n;16528;16539;modification;0.0;0.0;0.0
bn:00029680n;16541;16547;valeurs;0.0;0.0;0.0
bn:00075813n;16556;16560;table;0.0;0.0;0.0
bn:15455143n;16571;16576;column;0.0;0.0;0.0
bn:16919748n;16594;16600;section;0.0;0.0;0.0
bn:00084856v;16602;16610;condition;0.0;0.0;0.0
bn:00024147n;16620;16630;suppression;0.0;0.0;0.0
bn:00017991n;16632;16646;enregistrements;0.0;0.0;0.0
bn:00941697n;16648;16653;delete;1.0;0.0014086743728409495;0.19195046439628483
bn:00075813n;16660;16664;table;0.0;0.0;0.0
bn:00059127n;16694;16703;opérations;0.0;0.0;0.0
bn:00057001n;16707;16715;sélection;0.0;0.0;0.0
bn:00017991n;16717;16730;enregistrement;0.0;0.0;0.0
bn:00101602a;16739;16746;distinct;0.0;0.0;0.0
bn:00006386n;16752;16761;expression;0.0;0.0;0.0
bn:00057001n;16763;16771;selection;0.0;0.0;0.0
bn:00075813n;16778;16783;tables;0.0;0.0;0.0
bn:00006386n;16791;16800;expression;0.0;0.0;0.0
bn:00032100n;16870;16877;exemples;0.0;0.0;0.0
bn:00006121n;16891;16897;article;0.0;0.0;0.0
bn:00179783n;16931;16933;avg;1.0;9.566549221330726e-05;0.06191950464396285
bn:00006121n;16948;16954;article;0.0;0.0;0.0
bn:00032100n;16974;16980;exemple;0.0;0.0;0.0
bn:00100162a;16982;16988;complet;0.0;0.0;0.0
bn:00110649a;16990;16995;simple;0.0;0.0;0.0
bn:00063584n;17010;17015;public;0.0;0.0;0.0
bn:15232677n;17019;17021;dtd;1.0;0.0008287023262977741;0.17027863777089783
bn:00045088n;17036;17039;http;0.9633610161211529;0.005659570519339257;0.3591331269349845
bn:02269311n;17047;17049;org;1.0;2.1046408286927597e-05;0.02476780185758514
bn:03561884n;17051;17052;tr;1.0;0.00039222851807455976;0.1238390092879257
bn:15232677n;17060;17062;dtd;1.0;0.0008287023262977741;0.17027863777089783
bn:01163644n;17064;17068;xhtml;1.0;0.0025183940825153138;0.25077399380804954
bn:15232677n;17077;17079;dtd;1.0;0.0008287023262977741;0.17027863777089783
bn:02338897n;17086;17089;head;0.9216589861751152;0.0001434982383199609;0.07430340557275542
bn:00047172n;17097;17100;site;0.9729115900541768;0.009835369254450119;0.4613003095975232
bn:00068915n;17102;17106;vente;0.0;0.0;0.0
bn:00014457n;17108;17112;ligne;0.0;0.0;0.0
bn:02338897n;17120;17123;head;0.9216589861751152;0.0001434982383199609;0.07430340557275542
bn:00011776n;17125;17128;body;0.876984126984127;0.00010571036889570453;0.05263157894736842
bn:01199383n;17147;17149;div;1.0;9.566549221330725e-07;0.006191950464396285
bn:00043309n;17154;17159;header;1.0;0.0010618869635677106;0.18575851393188855
bn:15206318n;17161;17162;ul;0.0;0.0;0.0
bn:00021485n;17171;17174;menu;0.853083109919571;0.0003805094952784296;0.11455108359133127
bn:00045513n;17179;17182;href;1.0;0.0034030607217578725;0.28792569659442724
bn:00035811n;17184;17188;index;0.0;0.0;0.0
bn:01753580n;17190;17192;php;1.0;0.007682178188459106;0.3993808049535604
bn:00035811n;17194;17198;index;0.0;0.0;0.0
bn:00045513n;17206;17209;href;1.0;0.0034030607217578725;0.28792569659442724
bn:00093455v;17211;17220;rechercher;0.0;0.0;0.0
bn:01753580n;17222;17224;php;1.0;0.007682178188459106;0.3993808049535604
bn:00093455v;17226;17235;rechercher;0.0;0.0;0.0
bn:00045513n;17243;17246;href;1.0;0.0034030607217578725;0.28792569659442724
bn:02047722n;17248;17256;commander;1.0;3.82661968853229e-06;0.01238390092879257
bn:01753580n;17258;17260;php;1.0;0.007682178188459106;0.3993808049535604
bn:02047722n;17262;17270;commander;1.0;3.82661968853229e-06;0.01238390092879257
bn:15206318n;17275;17276;ul;0.0;0.0;0.0
bn:01199383n;17278;17280;div;1.0;9.566549221330725e-07;0.006191950464396285
bn:00043309n;17282;17287;header;1.0;0.0010618869635677106;0.18575851393188855
bn:03885719n;17293;17294;id;0.8573913043478261;0.0007074463149174072;0.15789473684210525
bn:00027675n;17301;17309;affichage;0.0;0.0;0.0
bn:00016652n;17311;17319;catalogue;0.7269853812722245;0.0004400612641812134;0.1238390092879257
bn:00085322v;17321;17326;venant;0.0;0.0;0.0
bn:00008786n;17328;17331;base;0.0;0.0;0.0
bn:01199383n;17350;17352;div;1.0;9.566549221330725e-07;0.006191950464396285
bn:03261868n;17366;17374;copyright;0.0;0.0;0.0
bn:14086525n;17376;17379;copy;0.9615384615384616;5.979093263331704e-06;0.015479876160990712
bn:00109848a;17392;17397;droits;0.0;0.0;0.0
bn:01199383n;17410;17412;div;1.0;9.566549221330725e-07;0.006191950464396285
bn:00011776n;17435;17438;body;0.876984126984127;0.00010571036889570453;0.05263157894736842
bn:01753580n;17452;17454;php;1.0;0.007682178188459106;0.3993808049535604
bn:01753580n;17456;17458;php;1.0;0.007682178188459106;0.3993808049535604
bn:03751534n;17460;17466;session;0.9566020313942751;0.001486641748994795;0.22910216718266255
bn:00095687v;17474;17477;user;0.0;0.0;0.0
bn:00168023n;17479;17482;root;0.9958847736625515;0.00046302098231240717;0.13622291021671826
bn:01846442n;17488;17491;host;0.9895901106050748;0.00036376803414110085;0.12074303405572756
bn:00054378n;17497;17500;test;0.0;0.0;0.0
bn:15725790n;17502;17504;try;1.0;9.566549221330725e-07;0.006191950464396285
bn:01225760n;17518;17522;mysql;1.0;0.004805038510143891;0.34365325077399383
bn:01846442n;17524;17527;host;0.9895901106050748;0.00036376803414110085;0.12074303405572756
bn:01846442n;17529;17532;host;0.9895901106050748;0.00036376803414110085;0.12074303405572756
bn:00037180n;17554;17558;catch;0.984375;0.0006328272309910275;0.13003095975232198
bn:00032118n;17560;17568;exception;0.8327137546468402;5.357267563945207e-05;0.02476780185758514
bn:00031485n;17576;17581;erreur;0.0;0.0;0.0
bn:00021485n;17596;17599;menu;0.853083109919571;0.0003805094952784296;0.11455108359133127
bn:00035811n;17607;17611;index;0.0;0.0;0.0
bn:01753580n;17613;17615;php;1.0;0.007682178188459106;0.3993808049535604
bn:00035811n;17617;17621;index;0.0;0.0;0.0
bn:00093455v;17623;17632;rechercher;0.0;0.0;0.0
bn:01753580n;17634;17636;php;1.0;0.007682178188459106;0.3993808049535604
bn:00093455v;17638;17647;rechercher;0.0;0.0;0.0
bn:02047722n;17649;17657;commander;1.0;3.82661968853229e-06;0.01238390092879257
bn:01753580n;17659;17661;php;1.0;0.007682178188459106;0.3993808049535604
bn:02047722n;17663;17671;commander;1.0;3.82661968853229e-06;0.01238390092879257
bn:00043309n;17673;17678;header;1.0;0.0010618869635677106;0.18575851393188855
bn:01753580n;17680;17682;php;1.0;0.007682178188459106;0.3993808049535604
bn:01753580n;17684;17686;php;1.0;0.007682178188459106;0.3993808049535604
bn:01753580n;17708;17710;php;1.0;0.007682178188459106;0.3993808049535604
bn:00063584n;17725;17730;public;0.0;0.0;0.0
bn:15232677n;17734;17736;dtd;1.0;0.0008287023262977741;0.17027863777089783
bn:00045088n;17751;17754;http;0.9633610161211529;0.005659570519339257;0.3591331269349845
bn:02269311n;17762;17764;org;1.0;2.1046408286927597e-05;0.02476780185758514
bn:03561884n;17766;17767;tr;1.0;0.00039222851807455976;0.1238390092879257
bn:15232677n;17775;17777;dtd;1.0;0.0008287023262977741;0.17027863777089783
bn:01163644n;17779;17783;xhtml;1.0;0.0025183940825153138;0.25077399380804954
bn:15232677n;17792;17794;dtd;1.0;0.0008287023262977741;0.17027863777089783
bn:02338897n;17801;17804;head;0.9216589861751152;0.0001434982383199609;0.07430340557275542
bn:00047172n;17812;17815;site;0.9729115900541768;0.009835369254450119;0.4613003095975232
bn:00068915n;17817;17821;vente;0.0;0.0;0.0
bn:00014457n;17823;17827;ligne;0.0;0.0;0.0
bn:02338897n;17835;17838;head;0.9216589861751152;0.0001434982383199609;0.07430340557275542
bn:00011776n;17840;17843;body;0.876984126984127;0.00010571036889570453;0.05263157894736842
bn:01199383n;17862;17864;div;1.0;9.566549221330725e-07;0.006191950464396285
bn:00043309n;17869;17874;header;1.0;0.0010618869635677106;0.18575851393188855
bn:15206318n;17876;17877;ul;0.0;0.0;0.0
bn:03543983n;17882;17884;top;0.7313432835820896;1.1719022796130139e-05;0.021671826625386997
bn:00021485n;17886;17889;menu;0.853083109919571;0.0003805094952784296;0.11455108359133127
bn:01753580n;17891;17893;php;1.0;0.007682178188459106;0.3993808049535604
bn:03463379n;17895;17901;foreach;1.0;0.0006844865967862134;0.16408668730650156
bn:00021485n;17903;17906;menu;0.853083109919571;0.0003805094952784296;0.11455108359133127
bn:00060158n;17908;17911;page;0.0;0.0;0.0
bn:00079080n;17913;17915;url;1.0;0.0052348157339121735;0.35294117647058826
bn:00091387v;17917;17920;page;0.0;0.0;0.0
bn:00045513n;17936;17939;href;1.0;0.0034030607217578725;0.28792569659442724
bn:00060158n;17941;17944;page;0.0;0.0;0.0
bn:00079080n;17946;17948;url;1.0;0.0052348157339121735;0.35294117647058826
bn:00091387v;17950;17953;page;0.0;0.0;0.0
bn:15206318n;17964;17965;ul;0.0;0.0;0.0
bn:01199383n;17967;17969;div;1.0;9.566549221330725e-07;0.006191950464396285
bn:00043309n;17971;17976;header;1.0;0.0010618869635677106;0.18575851393188855
bn:00042759n;17985;17988;main;0.0;0.0;0.0
bn:01753580n;17997;17999;php;1.0;0.007682178188459106;0.3993808049535604
bn:01199383n;18010;18012;div;1.0;9.566549221330725e-07;0.006191950464396285
bn:03261868n;18026;18034;copyright;0.0;0.0;0.0
bn:14086525n;18036;18039;copy;0.9615384615384616;5.979093263331704e-06;0.015479876160990712
bn:00029245n;18041;18043;dvd;1.0;0.0012053852018876715;0.17337461300309598
bn:00008141n;18045;18048;club;0.0;0.0;0.0
bn:00109848a;18055;18060;droits;0.0;0.0;0.0
bn:01199383n;18073;18075;div;1.0;9.566549221330725e-07;0.006191950464396285
bn:00011776n;18098;18101;body;0.8752475247524752;0.00010571036889570453;0.05263157894736842
bn:00101268a;18115;18120;autres;0.0;0.0;0.0
bn:00060158n;18122;18126;pages;0.0;0.0;0.0
bn:00023652n;18128;18135;création;0.0;0.0;0.0
bn:00116285r;18137;18142;autant;1.0;3.82661968853229e-06;0.01238390092879257
bn:00060158n;18144;18148;pages;0.0;0.0;0.0
bn:00107182a;18150;18159;nécessaire;0.8045977011494253;1.674146113732877e-05;0.021671826625386997
bn:00001410n;18169;18180;modification;0.0;0.0;0.0
bn:00035680n;18189;18192;pied;0.0;0.0;0.0
bn:00060158n;18194;18197;page;0.0;0.0;0.0
bn:00021475n;18203;18210;fichiers;0.9207466666666667;0.014451229253742195;0.5139318885448917
bn:00043309n;18212;18217;header;1.0;0.0010618869635677106;0.18575851393188855
bn:01753580n;18219;18221;php;1.0;0.007682178188459106;0.3993808049535604
bn:01753580n;18230;18232;php;1.0;0.007682178188459106;0.3993808049535604
bn:00001410n;18234;18245;modification;0.0;0.0;0.0
bn:00021901n;18260;18268;connexion;0.0;0.0;0.0
bn:00021475n;18274;18280;fichier;0.9207466666666667;0.014451229253742195;0.5139318885448917
bn:00085719v;18293;18297;reste;0.0;0.0;0.0
bn:00090884v;18299;18306;modifier;0.0;0.0;0.0
bn:00021475n;18308;18315;fichiers;0.9207466666666667;0.014451229253742195;0.5139318885448917
bn:00043309n;18317;18322;header;1.0;0.0010618869635677106;0.18575851393188855
bn:00087107v;18331;18335;faire;0.0;0.0;0.0
bn:01753580n;18343;18345;php;1.0;0.007682178188459106;0.3993808049535604
bn:00043309n;18355;18360;header;1.0;0.0010618869635677106;0.18575851393188855
bn:01753580n;18362;18364;php;1.0;0.007682178188459106;0.3993808049535604
bn:00027675n;18366;18374;affichage;0.0;0.0;0.0
bn:00016652n;18376;18384;catalogue;0.7269853812722245;0.0004400612641812134;0.1238390092879257
bn:00085322v;18386;18391;venant;0.0;0.0;0.0
bn:00008786n;18393;18396;base;0.0;0.0;0.0
bn:01753580n;18406;18408;php;1.0;0.007682178188459106;0.3993808049535604
bn:00054378n;18440;18443;test;0.0;0.0;0.0
bn:00029621n;18493;18496;echo;0.0;0.0;0.0
bn:00021961n;18517;18524;résultat;0.0;0.0;0.0
bn:00087905v;18552;18556;aller;0.0;0.0;0.0
bn:00115880r;18558;18561;plus;0.0;0.0;0.0
bn:00115329r;18558;18566;plus loin;0.0;0.0;0.0
bn:00102778a;18563;18566;loin;0.0;0.0;0.0
bn:00095682v;18570;18573;faut;0.0;0.0;0.0
bn:00116086r;18575;18581;ensuite;0.0;0.0;0.0
bn:00082281v;18583;18591;apprendre;0.0;0.0;0.0
bn:00036821n;18604;18612;fonctions;0.0;0.0;0.0
bn:00008786n;18614;18617;base;0.0;0.0;0.0
bn:00111488a;18619;18633;supplémentaires;0.8275862068965517;4.017950672958905e-05;0.03715170278637771
bn:00116326r;18637;18642;jamais;0.0;0.0;0.0
bn:00087107v;18644;18648;faire;0.0;0.0;0.0
bn:00083095v;18644;18658;faire confiance;0.8888888888888888;3.061295750825832e-05;0.02476780185758514
bn:00006565n;18650;18658;confiance;0.0;0.0;0.0
bn:00019764n;18660;18665;client;0.8262153747904526;0.0024753446110193254;0.23219814241486067
bn:00053116n;18669;18675;gestion;0.0;0.0;0.0
bn:00058442n;18677;18682;objets;0.0;0.0;0.0
bn:01753580n;18684;18686;php;1.0;0.007682178188459106;0.3993808049535604
bn:01641329n;18690;18697;méthodes;0.7246267246267246;0.0018339074857291002;0.21981424148606812
bn:00021493n;18699;18711;programmation;0.8413773638159752;0.008555364968636068;0.4086687306501548
bn:00053116n;18726;18732;gestion;0.0;0.0;0.0
