bn:01753580n;0;2;php;1.0;0.00508836248013386;0.4484536082474227
bn:00050344n;10;21;introduction;0.0;0.0;0.0
bn:00060158n;28;31;page;0.0;0.0;0.0
bn:00083187v;43;46;être;0.0;0.0;0.0
bn:00024712n;57;64;internet;0.9879873910203618;0.014603541551217371;0.7319587628865979
bn:00076732n;66;70;texte;0.9416388647685207;0.0028829296744398076;0.35051546391752575
bn:00087013v;72;79;afficher;0.95;2.52557176391179e-05;0.04896907216494845
bn:00020945n;83;94;instructions;0.0;0.0;0.0
bn:00060158n;101;104;page;0.0;0.0;0.0
bn:00020945n;106;117;instructions;0.0;0.0;0.0
bn:00014694n;119;124;calcul;0.0;0.0;0.0
bn:00047235n;126;136;traitements;0.0;0.0;0.0
bn:00100214a;138;150;conditionnels;0.0;0.0;0.0
bn:00047172n;154;158;sites;0.9865514536575491;0.005455444891359487;0.48195876288659795
bn:00115880r;160;163;plus;0.0;0.0;0.0
bn:00115880r;165;168;plus;0.0;0.0;0.0
bn:00109833a;170;175;riches;0.0;0.0;0.0
bn:00046698n;177;188;informations;0.0;0.0;0.0
bn:00057131n;190;198;nécessité;0.0;0.0;0.0
bn:00100641a;200;209;croissante;1.0;2.7984174669382716e-07;0.005154639175257732
bn:00082573v;211;219;améliorer;0.0;0.0;0.0
bn:00022154n;221;227;contenu;0.0;0.0;0.0
bn:00047172n;229;233;sites;0.9865514536575491;0.005455444891359487;0.48195876288659795
bn:00000086n;243;246;jour;0.0;0.0;0.0
bn:00106403a;248;256;manuelles;0.0;0.0;0.0
bn:00115274r;258;261;trop;0.7252747252747253;2.770433292268889e-05;0.04639175257731959
bn:00100148a;263;271;complexes;0.8131776480400333;6.821142575662038e-05;0.06443298969072164
bn:00032100n;275;281;exemple;0.0;0.0;0.0
bn:00090884v;283;290;modifier;0.0;0.0;0.0
bn:00060158n;309;312;page;0.0;0.0;0.0
bn:00057164n;314;319;besoin;0.0;0.0;0.0
bn:00004451n;321;328;réponses;0.0;0.0;0.0
bn:00111001a;330;340;spécifiques;0.0;0.0;0.0
bn:00007708n;348;349;bd;0.0;0.0;0.0
bn:00032100n;351;357;exemple;0.0;0.0;0.0
bn:00060872n;359;365;passage;0.0;0.0;0.0
bn:00047172n;367;371;sites;0.9865514536575491;0.005455444891359487;0.48195876288659795
bn:00111112a;373;381;statiques;0.719626168224299;1.0773907247712345e-05;0.028350515463917526
bn:00047172n;383;387;sites;0.9865514536575491;0.005455444891359487;0.48195876288659795
bn:00101917a;389;398;dynamiques;0.0;0.0;0.0
bn:00080778n;400;402;web;0.0;0.0;0.0
bn:00101917a;404;412;dynamique;0.0;0.0;0.0
bn:00019764n;419;424;client;0.8537313432835821;0.0021609379679697334;0.3015463917525773
bn:00013447n;433;442;navigateur;0.9960980094503004;0.006518703607922683;0.5231958762886598
bn:00021961n;446;454;résultats;0.0;0.0;0.0
bn:00113501a;456;464;variables;0.0;0.0;0.0
bn:00036821n;466;473;fonction;0.0;0.0;0.0
bn:00013447n;475;484;navigateur;0.9960980094503004;0.006518703607922683;0.5231958762886598
bn:00057131n;486;494;nécessité;0.0;0.0;0.0
bn:00054378n;496;500;tests;0.0;0.0;0.0
bn:00104680a;502;511;importants;0.0;0.0;0.0
bn:00104928a;513;523;indépendant;0.0;0.0;0.0
bn:00080344n;527;533;serveur;0.0;0.0;0.0
bn:00091387v;548;551;page;0.0;0.0;0.0
bn:00032655n;558;561;fait;0.0;0.0;0.0
bn:00106110a;563;567;local;0.7058823529411765;2.5185757202444447e-06;0.015463917525773196
bn:00006565n;569;577;confiance;0.0;0.0;0.0
bn:00040284n;581;587;sources;0.0;0.0;0.0
bn:00023295n;589;597;programme;0.0;0.0;0.0
bn:00097846a;599;609;disponibles;0.0;0.0;0.0
bn:00080344n;628;634;serveur;0.0;0.0;0.0
bn:15865575n;628;642;serveur fiables;1.0;0.00020764257604681977;0.13659793814432988
bn:00101187a;636;642;fiables;0.0;0.0;0.0
bn:00008786n;646;649;base;0.0;0.0;0.0
bn:00019764n;672;677;client;0.8537313432835821;0.0021609379679697334;0.3015463917525773
bn:00013447n;672;681;client web;0.8922436081585752;0.006518703607922683;0.5231958762886598
bn:00080778n;679;681;web;0.0;0.0;0.0
bn:00101917a;683;691;dynamique;0.0;0.0;0.0
bn:00080344n;698;704;serveur;0.0;0.0;0.0
bn:00047199n;706;719;interprétation;0.0;0.0;0.0
bn:00080344n;730;736;serveur;0.0;0.0;0.0
bn:00104928a;740;750;indépendant;0.0;0.0;0.0
bn:00052556n;752;758;machine;0.0;0.0;0.0
bn:00013447n;760;769;navigateur;0.9960980094503004;0.006518703607922683;0.5231958762886598
bn:00100126a;773;782;compatible;0.0;0.0;0.0
bn:00013447n;789;799;navigateurs;0.9960980094503004;0.006518703607922683;0.5231958762886598
bn:00032125n;805;812;échanges;0.0;0.0;0.0
bn:00083240v;814;823;concernent;0.7706532663316583;0.00026822831420603334;0.13917525773195877
bn:00101268a;835;839;autre;0.0;0.0;0.0
bn:00040284n;841;847;sources;0.0;0.0;0.0
bn:00080344n;849;855;serveur;0.0;0.0;0.0
bn:00105385a;857;866;invisibles;0.9695817490494296;1.7839911351731484e-05;0.03865979381443299
bn:00057164n;868;873;besoin;0.0;0.0;0.0
bn:00032125n;875;882;échanges;0.0;0.0;0.0
bn:00013447n;890;899;navigateur;0.9960980094503004;0.006518703607922683;0.5231958762886598
bn:00080344n;901;907;serveur;0.0;0.0;0.0
bn:00091387v;929;932;page;0.0;0.0;0.0
bn:00001410n;941;952;modification;0.0;0.0;0.0
bn:00080778n;954;956;web;0.0;0.0;0.0
bn:00101917a;958;966;dynamique;0.0;0.0;0.0
bn:00019764n;968;973;client;0.8537313432835821;0.0021609379679697334;0.3015463917525773
bn:03496583n;968;981;client serveur;1.0;0.0024223801198184416;0.32216494845360827
bn:00080344n;975;981;serveur;0.0;0.0;0.0
bn:00095682v;985;988;faut;0.0;0.0;0.0
bn:01431715n;997;1002;script;0.8899009722992105;0.004155649938403333;0.4252577319587629
bn:03689253n;997;1014;script côté client;1.0;0.0012441764058007557;0.29381443298969073
bn:00110607a;1004;1007;côté;0.0;0.0;0.0
bn:03163702n;1004;1014;côté client;1.0;0.0014412549559098835;0.2809278350515464
bn:00019764n;1009;1014;client;0.8537313432835821;0.0021609379679697334;0.3015463917525773
bn:00055423n;1016;1025;javascript;1.0;0.005228843036974161;0.47680412371134023
bn:00014694n;1027;1033;calculs;0.0;0.0;0.0
bn:00047235n;1035;1044;traitement;0.0;0.0;0.0
bn:00110649a;1046;1052;simples;0.0;0.0;0.0
bn:00080778n;1069;1071;web;0.0;0.0;0.0
bn:00591140n;1078;1089;rechargement;0.0;0.0;0.0
bn:01431715n;1100;1105;script;0.8899009722992105;0.004155649938403333;0.4252577319587629
bn:00032604n;1107;1110;côté;0.0;0.0;0.0
bn:03816678n;1107;1118;côté serveur;1.0;0.0012951076036990322;0.26804123711340205
bn:00080344n;1112;1118;serveur;0.0;0.0;0.0
bn:01753580n;1120;1122;php;1.0;0.00508836248013386;0.4484536082474227
bn:00101268a;1124;1128;autre;0.0;0.0;0.0
bn:00014694n;1130;1136;calculs;0.0;0.0;0.0
bn:00047235n;1138;1148;traitements;0.0;0.0;0.0
bn:00115880r;1150;1153;plus;0.0;0.0;0.0
bn:00006362n;1169;1176;requêtes;0.0;0.0;0.0
bn:00008786n;1183;1186;base;0.0;0.0;0.0
bn:00025314n;1188;1194;données;0.8256446991404012;0.006450911944786104;0.5824742268041238
bn:00059127n;1196;1205;opérations;0.0;0.0;0.0
bn:00049910n;1218;1224;langage;0.7418619986811342;0.006926083230672222;0.5670103092783505
bn:00044268n;1230;1237;histoire;0.8709299179218905;0.002702151906075595;0.35051546391752575
bn:01753580n;1245;1270;php hypertext preprocessor;1.0;0.00508836248013386;0.4484536082474227
bn:04725264n;1249;1257;hypertext;1.0;1.3992087334691359e-06;0.010309278350515464
bn:00103006a;1272;1279;première;0.7365356622998545;3.539998095676914e-05;0.05670103092783505
bn:00044514n;1302;1311;home pages;1.0;0.0015640355222718;0.27835051546391754
bn:00060158n;1307;1311;pages;0.0;0.0;0.0
bn:00087845v;1313;1316;sort;0.0;0.0;0.0
bn:00108977a;1326;1333;actuelle;0.0;0.0;0.0
bn:00032242n;1335;1340;sortie;0.0;0.0;0.0
bn:00115880r;1352;1355;plus;0.0;0.0;0.0
bn:00007140n;1374;1377;août;0.0;0.0;0.0
bn:00114073r;1379;1385;environ;0.0;0.0;0.0
bn:00047172n;1387;1391;sites;0.9865514536575491;0.005455444891359487;0.48195876288659795
bn:00047172n;1387;1395;sites web;1.0;0.005510923517641538;0.4845360824742268
bn:00937946n;1387;1406;sites web dynamiques;1.0;0.0017316607285414027;0.28865979381443296
bn:00082705v;1408;1416;utilisent;0.0;0.0;0.0
bn:01753580n;1418;1420;php;1.0;0.00508836248013386;0.4484536082474227
bn:00049910n;1422;1428;langage;0.7418619986811342;0.006926083230672222;0.5670103092783505
bn:00049910n;1438;1444;langage;0.7418619986811342;0.006926083230672222;0.5670103092783505
bn:00023652n;1446;1453;création;0.0;0.0;0.0
bn:02246184n;1455;1470;applications web;1.0;0.002892444293827398;0.35051546391752575
bn:00019966n;1472;1480;exécution;0.0;0.0;0.0
bn:00080344n;1487;1493;serveur;0.0;0.0;0.0
bn:00104928a;1497;1507;indépendant;0.0;0.0;0.0
bn:00103058a;1509;1513;plate;0.0;0.0;0.0
bn:00035908n;1515;1519;forme;0.0;0.0;0.0
bn:00101973a;1530;1535;facile;0.0;0.0;0.0
bn:00085317v;1537;1544;combiner;0.0;0.0;0.0
bn:00080344n;1546;1552;serveur;0.0;0.0;0.0
bn:02705179n;1546;1556;serveur web;0.7600309637466134;0.002472821594660004;0.35309278350515466
bn:00080778n;1554;1556;web;0.0;0.0;0.0
bn:00021497n;1561;1569;logiciels;0.0;0.0;0.0
bn:00098097a;1601;1607;gratuit;0.0;0.0;0.0
bn:00020354n;1609;1612;code;0.8626085595806275;0.0030852552572994446;0.3788659793814433
bn:00072947n;1609;1619;code source;0.9998152515296087;0.006436360173958025;0.5154639175257731
bn:00040284n;1614;1619;source;0.0;0.0;0.0
bn:00097846a;1621;1630;disponible;0.0;0.0;0.0
bn:00081714n;1632;1639;ecriture;0.9818984047969227;0.0018215598896667946;0.2551546391752577
bn:01431715n;1641;1647;scripts;0.8324049201187614;0.004118990669586442;0.422680412371134
bn:00110649a;1649;1655;simples;0.0;0.0;0.0
bn:00017049n;1657;1665;inclusion;0.0;0.0;0.0
bn:00101411a;1667;1673;directe;0.0;0.0;0.0
bn:01753580n;1675;1677;php;1.0;0.00508836248013386;0.4484536082474227
bn:00049910n;1684;1690;langage;0.7418619986811342;0.006926083230672222;0.5670103092783505
bn:01753580n;1692;1694;php;1.0;0.00508836248013386;0.4484536082474227
bn:00023295n;1696;1704;programme;0.0;0.0;0.0
bn:00087823v;1706;1714;exécutant;0.0;0.0;0.0
bn:00110607a;1716;1719;côté;0.0;0.0;0.0
bn:03816678n;1716;1727;côté serveur;1.0;0.0012951076036990322;0.26804123711340205
bn:00080344n;1721;1727;serveur;0.0;0.0;0.0
bn:02705179n;1721;1731;serveur web;0.7600309637466134;0.002472821594660004;0.35309278350515466
bn:00032412n;1733;1741;extension;0.0;0.0;0.0
bn:01753580n;1743;1745;php;1.0;0.00508836248013386;0.4484536082474227
bn:00060158n;1747;1750;page;0.0;0.0;0.0
bn:00021475n;1756;1763;fichiers;0.8886828206265371;0.006168271780625338;0.5309278350515464
bn:13601970v;1765;1771;pouvant;0.0;0.0;0.0
bn:00114246r;1773;1777;aussi;0.0;0.0;0.0
bn:00083225v;1779;1786;contenir;0.0;0.0;0.0
bn:00021475n;1793;1800;fichiers;0.8886828206265371;0.006168271780625338;0.5309278350515464
bn:01753580n;1802;1804;php;1.0;0.00508836248013386;0.4484536082474227
bn:00080344n;1814;1820;serveur;0.0;0.0;0.0
bn:00079080n;1831;1833;url;1.0;0.0036954501859653346;0.39690721649484534
bn:00045088n;1835;1838;http;0.8957493457811726;0.0035441957218773214;0.38402061855670105
bn:03137879n;1844;1846;lip;0.0;0.0;0.0
bn:00060158n;1851;1854;page;0.0;0.0;0.0
bn:00051677n;1860;1869;chargement;0.0;0.0;0.0
bn:00079080n;1871;1873;url;1.0;0.0036954501859653346;0.39690721649484534
bn:00082408v;1875;1882;provoque;0.0;0.0;0.0
bn:00019966n;1884;1892;exécution;0.0;0.0;0.0
bn:00110607a;1894;1897;côté;0.0;0.0;0.0
bn:03816678n;1894;1905;côté serveur;1.0;0.0012951076036990322;0.26804123711340205
bn:00080344n;1899;1905;serveur;0.0;0.0;0.0
bn:01431715n;1907;1912;script;0.8899009722992105;0.004155649938403333;0.4252577319587629
bn:01753580n;1914;1916;php;1.0;0.00508836248013386;0.4484536082474227
bn:00093013v;1918;1919;va;0.0;0.0;0.0
bn:00114778r;1921;1932;généralement;0.9467996674979219;0.00031873974948426915;0.17268041237113402
bn:00086008v;1934;1938;créer;0.0;0.0;0.0
bn:00032100n;1945;1951;exemple;0.0;0.0;0.0
bn:00086682v;1955;1958;veut;0.0;0.0;0.0
bn:00086008v;1960;1964;créer;0.0;0.0;0.0
bn:00091387v;1966;1969;page;0.0;0.0;0.0
bn:00080778n;1966;1973;page web;1.0;0.004779836954403915;0.45618556701030927
bn:00080778n;1971;1973;web;0.0;0.0;0.0
bn:00114401r;1978;1984;dessous;1.0;2.5185757202444447e-06;0.015463917525773196
bn:00058285n;1988;1993;nombre;0.8715866214747074;0.0019069815828450852;0.30412371134020616
bn:00097433a;1995;2004;quelconque;1.0;4.477467947101235e-06;0.020618556701030927
bn:00029680n;2006;2012;valeurs;0.0;0.0;0.0
bn:00085322v;2014;2019;venant;0.0;0.0;0.0
bn:14352118n;2021;2030;formulaire;0.0;0.0;0.0
bn:00032100n;2032;2038;exemple;0.0;0.0;0.0
bn:00011776n;2045;2048;body;0.7254464285714286;9.094856767549384e-05;0.06443298969072164
bn:00012593n;2050;2051;br;1.0;6.296439300611112e-07;0.007731958762886598
bn:00012593n;2053;2054;br;1.0;6.296439300611112e-07;0.007731958762886598
bn:00012593n;2056;2057;br;1.0;6.296439300611112e-07;0.007731958762886598
bn:00011776n;2059;2062;body;0.7254464285714286;9.094856767549384e-05;0.06443298969072164
bn:02234787n;2090;2098;insertion;0.9882988298829883;0.00023044967840236667;0.13917525773195877
bn:00055423n;2100;2109;javascript;1.0;0.005228843036974161;0.47680412371134023
bn:00947370n;2111;2116;balise;0.0;0.0;0.0
bn:01431715n;2118;2123;script;0.8899009722992105;0.004155649938403333;0.4252577319587629
bn:00029423n;2125;2130;boucle;0.0;0.0;0.0
bn:03237322n;2125;2134;boucle for;1.0;0.0009696516522941112;0.2706185567010309
bn:00099753a;2136;2144;classique;0.0;0.0;0.0
bn:00010421n;2148;2156;affichage;0.8580111430018572;0.00035553893917450745;0.17010309278350516
bn:00083225v;2158;2164;contenu;0.0;0.0;0.0
bn:00028015n;2170;2177;document;0.0;0.0;0.0
bn:00074685n;2199;2205;chaînes;0.949370091817125;0.0027994668734883737;0.38917525773195877
bn:00053450n;2207;2211;signe;0.0;0.0;0.0
bn:00087823v;2219;2225;exécuté;0.0;0.0;0.0
bn:00013447n;2227;2236;navigateur;0.9960980094503004;0.006518703607922683;0.5231958762886598
bn:00011776n;2243;2246;body;0.7254464285714286;9.094856767549384e-05;0.06443298969072164
bn:00016413n;2255;2258;type;0.7296322728467867;0.0027179629647637966;0.3865979381443299
bn:14981519n;2260;2263;text;1.0;0.0007052012016684444;0.24742268041237114
bn:00055423n;2265;2274;javascript;1.0;0.005228843036974161;0.47680412371134023
bn:00028015n;2291;2298;document;0.0;0.0;0.0
bn:00012593n;2312;2313;br;1.0;6.296439300611112e-07;0.007731958762886598
bn:01431715n;2315;2320;script;0.8899009722992105;0.004155649938403333;0.4252577319587629
bn:00011776n;2322;2325;body;0.7254464285714286;9.094856767549384e-05;0.06443298969072164
bn:02234787n;2346;2354;insertion;0.9882988298829883;0.00023044967840236667;0.13917525773195877
bn:01753580n;2356;2358;php;1.0;0.00508836248013386;0.4484536082474227
bn:00947370n;2360;2365;balise;0.0;0.0;0.0
bn:01753580n;2367;2369;php;1.0;0.00508836248013386;0.4484536082474227
bn:00029423n;2371;2376;boucle;0.0;0.0;0.0
bn:03237322n;2371;2380;boucle for;1.0;0.0009696516522941112;0.2706185567010309
bn:00099753a;2382;2390;classique;0.0;0.0;0.0
bn:00010421n;2392;2400;affichage;0.8580111430018572;0.00035553893917450745;0.17010309278350516
bn:00083225v;2402;2408;contenu;0.0;0.0;0.0
bn:00029621n;2414;2417;echo;0.0;0.0;0.0
bn:03489514n;2419;2431;concaténation;1.0;0.0012174515189914952;0.2912371134020619
bn:00074685n;2433;2439;chaînes;0.949370091817125;0.0027994668734883737;0.38917525773195877
bn:00053450n;2441;2445;signe;0.0;0.0;0.0
bn:00087823v;2451;2457;exécuté;0.0;0.0;0.0
bn:00080344n;2459;2465;serveur;0.0;0.0;0.0
bn:01149930n;2467;2469;pui;1.0;6.996043667345679e-08;0.002577319587628866
bn:00093485v;2471;2476;envoyé;0.0;0.0;0.0
bn:00013447n;2478;2487;navigateur;0.9960980094503004;0.006518703607922683;0.5231958762886598
bn:00011776n;2494;2497;body;0.7254464285714286;9.094856767549384e-05;0.06443298969072164
bn:00029621n;2515;2518;echo;0.0;0.0;0.0
bn:00012593n;2526;2527;br;1.0;6.296439300611112e-07;0.007731958762886598
bn:00011776n;2529;2532;body;0.7254464285714286;9.094856767549384e-05;0.06443298969072164
bn:00027022n;2539;2548;différence;0.0;0.0;0.0
bn:00055423n;2556;2565;javascript;1.0;0.005228843036974161;0.47680412371134023
bn:01753580n;2567;2569;php;1.0;0.00508836248013386;0.4484536082474227
bn:00055423n;2573;2582;javascript;1.0;0.005228843036974161;0.47680412371134023
bn:00013447n;2584;2593;navigateur;0.9960980094503004;0.006518703607922683;0.5231958762886598
bn:00082817v;2595;2601;demande;0.0;0.0;0.0
bn:00021475n;2603;2609;fichier;0.8886828206265371;0.006168271780625338;0.5309278350515464
bn:00021475n;2616;2622;fichier;0.8886828206265371;0.006168271780625338;0.5309278350515464
bn:00083225v;2629;2637;contenant;0.0;0.0;0.0
bn:00055423n;2639;2648;javascript;1.0;0.005228843036974161;0.47680412371134023
bn:00031082n;2650;2655;envoyé;0.8;4.477467947101235e-06;0.020618556701030927
bn:00013447n;2657;2666;navigateur;0.9960980094503004;0.006518703607922683;0.5231958762886598
bn:00087823v;2668;2674;exécute;0.0;0.0;0.0
bn:00010421n;2687;2695;affichage;0.8580111430018572;0.00035553893917450745;0.17010309278350516
bn:00087107v;2697;2700;fait;0.0;0.0;0.0
bn:00033729n;2702;2708;manière;0.8024244794212533;0.0011484705284314667;0.27835051546391754
bn:00101917a;2710;2718;dynamique;0.0;0.0;0.0
bn:00013447n;2726;2735;navigateur;0.9960980094503004;0.006518703607922683;0.5231958762886598
bn:00082817v;2737;2743;demande;0.0;0.0;0.0
bn:00021475n;2745;2751;fichier;0.8886828206265371;0.006168271780625338;0.5309278350515464
bn:01753580n;2753;2755;php;1.0;0.00508836248013386;0.4484536082474227
bn:00080344n;2757;2763;serveur;0.0;0.0;0.0
bn:00087823v;2765;2771;exécute;0.0;0.0;0.0
bn:01753580n;2778;2780;php;1.0;0.00508836248013386;0.4484536082474227
bn:00093485v;2782;2787;envoie;0.0;0.0;0.0
bn:00021961n;2789;2796;résultat;0.0;0.0;0.0
bn:00060158n;2798;2801;page;0.0;0.0;0.0
bn:00013447n;2811;2820;navigateur;0.9960980094503004;0.006518703607922683;0.5231958762886598
bn:00020354n;2831;2834;code;0.8626085595806275;0.0030852552572994446;0.3788659793814433
bn:00101268a;2840;2844;autre;0.0;0.0;0.0
bn:00096872a;2854;2859;seules;0.0;0.0;0.0
bn:00021395n;2861;2867;parties;0.0;0.0;0.0
bn:00117371r;2869;2876;purement;0.908256880733945;6.926083230672222e-06;0.023195876288659795
bn:00101917a;2878;2887;dynamiques;0.0;0.0;0.0
bn:00087107v;2889;2894;faites;0.0;0.0;0.0
bn:01753580n;2896;2898;php;1.0;0.00508836248013386;0.4484536082474227
bn:00085719v;2905;2909;reste;0.0;0.0;0.0
bn:00008786n;2916;2919;base;0.0;0.0;0.0
bn:00115917r;2921;2929;forcément;0.0;0.0;0.0
bn:00116789r;2931;2934;très;0.0;0.0;0.0
bn:00105857a;2936;2942;lisible;0.0;0.0;0.0
bn:00011776n;2949;2952;body;0.7254464285714286;9.094856767549384e-05;0.06443298969072164
bn:01753580n;2970;2972;php;1.0;0.00508836248013386;0.4484536082474227
bn:00029621n;2974;2977;echo;0.0;0.0;0.0
bn:01753580n;2982;2984;php;1.0;0.00508836248013386;0.4484536082474227
bn:00029621n;2986;2989;echo;0.0;0.0;0.0
bn:00012593n;2995;2996;br;1.0;6.296439300611112e-07;0.007731958762886598
bn:01753580n;2998;3000;php;1.0;0.00508836248013386;0.4484536082474227
bn:00011776n;3002;3005;body;0.7254464285714286;9.094856767549384e-05;0.06443298969072164
bn:00020354n;3012;3015;code;0.8626085595806275;0.0030852552572994446;0.3788659793814433
bn:00101268a;3021;3025;autre;0.0;0.0;0.0
bn:00021475n;3040;3046;fichier;0.8886828206265371;0.006168271780625338;0.5309278350515464
bn:00086008v;3053;3056;créé;0.0;0.0;0.0
bn:01753580n;3058;3060;php;1.0;0.00508836248013386;0.4484536082474227
bn:00062118n;3062;3068;syntaxe;0.0;0.0;0.0
bn:00115313r;3070;3074;assez;0.0;0.0;0.0
bn:00104051a;3076;3081;lourde;0.0;0.0;0.0
bn:01753580n;3083;3085;php;1.0;0.00508836248013386;0.4484536082474227
bn:00029621n;3087;3090;echo;0.0;0.0;0.0
bn:00029621n;3097;3100;echo;0.0;0.0;0.0
bn:00011776n;3102;3105;body;0.7254464285714286;9.094856767549384e-05;0.06443298969072164
bn:00029621n;3119;3122;echo;0.0;0.0;0.0
bn:00012593n;3130;3131;br;1.0;6.296439300611112e-07;0.007731958762886598
bn:00029621n;3133;3136;echo;0.0;0.0;0.0
bn:00011776n;3138;3141;body;0.7254464285714286;9.094856767549384e-05;0.06443298969072164
bn:00029621n;3143;3146;echo;0.0;0.0;0.0
bn:01753580n;3153;3155;php;1.0;0.00508836248013386;0.4484536082474227
bn:00062118n;3157;3163;syntaxe;0.0;0.0;0.0
bn:00079582n;3165;3173;variables;0.0;0.0;0.0
bn:00079582n;3175;3183;variables;0.0;0.0;0.0
bn:00113501a;3185;3192;variable;0.0;0.0;0.0
bn:00114251r;3194;3201;toujours;0.0;0.0;0.0
bn:00016413n;3214;3218;types;0.7296322728467867;0.0027179629647637966;0.3865979381443299
bn:00113501a;3226;3233;variable;0.0;0.0;0.0
bn:00084386v;3235;3241;appelle;0.0;0.0;0.0
bn:00103393a;3245;3251;entiers;0.0;0.0;0.0
bn:00096401a;3253;3257;réels;0.0;0.0;0.0
bn:00074685n;3259;3265;chaînes;0.949370091817125;0.0027994668734883737;0.38917525773195877
bn:00017748n;3267;3276;caractères;0.0;0.0;0.0
bn:00058442n;3278;3283;objets;0.0;0.0;0.0
bn:00074033n;3285;3295;déclaration;0.0;0.0;0.0
bn:02806034n;3307;3317;affectation;0.9798699287705172;0.0011067741081740865;0.2912371134020619
bn:00029680n;3319;3324;valeur;0.0;0.0;0.0
bn:00088429v;3326;3331;suffit;0.0;0.0;0.0
bn:02806034n;3337;3347;affectation;0.9798699287705172;0.0011067741081740865;0.2912371134020619
bn:00029680n;3349;3354;valeur;0.0;0.0;0.0
bn:02806034n;3358;3368;affectation;0.9798699287705172;0.0011067741081740865;0.2912371134020619
bn:00063236n;3370;3378;référence;0.0;0.0;0.0
bn:00113501a;3380;3387;variable;0.0;0.0;0.0
bn:00003125n;3395;3404;changement;0.0;0.0;0.0
bn:00016413n;3406;3409;type;0.7296322728467867;0.0027179629647637966;0.3865979381443299
bn:00097823a;3411;3421;automatique;0.0;0.0;0.0
bn:00001410n;3425;3436;modification;0.0;0.0;0.0
bn:00090884v;3441;3447;modifie;0.0;0.0;0.0
bn:03222272n;3455;3463;pointeurs;0.7443086953064957;0.0019648388639740342;0.35309278350515466
bn:00023158n;3465;3472;compteur;0.8012679162072768;0.0002033749894097389;0.13144329896907217
bn:00103006a;3474;3480;premier;0.7735583684950773;3.847824017040124e-05;0.05670103092783505
bn:00029680n;3482;3487;valeur;0.0;0.0;0.0
bn:00011197n;3489;3494;défaut;0.0;0.0;0.0
bn:00103359a;3496;3500;avant;1.0;3.4980218336728395e-06;0.01288659793814433
bn:02806034n;3502;3512;affectation;0.9798699287705172;0.0011067741081740865;0.2912371134020619
bn:00007020n;3514;3522;attention;0.0;0.0;0.0
bn:00082844v;3524;3529;essaye;0.7250268528464017;9.444658950916667e-05;0.07731958762886598
bn:00066357n;3531;3534;lire;0.9858212948100589;0.0002578042091416883;0.14175257731958762
bn:00022154n;3536;3542;contenu;0.0;0.0;0.0
bn:00079582n;3544;3552;variables;0.0;0.0;0.0
bn:00113501a;3554;3561;variable;0.0;0.0;0.0
bn:00106110a;3563;3568;locale;0.7058823529411765;2.5185757202444447e-06;0.015463917525773196
bn:00110277a;3574;3580;visible;0.0;0.0;0.0
bn:00114626r;3582;3591;uniquement;0.845724907063197;6.366399737284568e-05;0.06701030927835051
bn:00046891n;3593;3601;intérieur;0.0;0.0;0.0
bn:00022168n;3603;3610;contexte;0.0;0.0;0.0
bn:00030627n;3612;3622;utilisation;0.0;0.0;0.0
bn:00113501a;3624;3631;variable;0.0;0.0;0.0
bn:00103624a;3633;3639;globale;0.8571428571428571;1.679050480162963e-06;0.010309278350515464
bn:00110277a;3645;3651;visible;0.0;0.0;0.0
bn:00114203r;3653;3656;tout;0.7659574468085106;3.777863580366667e-05;0.05154639175257732
bn:01431715n;3658;3663;script;0.8899009722992105;0.004155649938403333;0.4252577319587629
bn:00030627n;3665;3675;utilisation;0.0;0.0;0.0
bn:00020945n;3677;3687;instruction;0.0;0.0;0.0
bn:00103624a;3689;3694;global;0.8571428571428571;1.679050480162963e-06;0.010309278350515464
bn:00082209v;3696;3702;accéder;0.0;0.0;0.0
bn:00113501a;3704;3711;variable;0.0;0.0;0.0
bn:00103624a;3713;3719;globale;0.8;4.151926635124203e-06;0.027777777777777776
bn:00051746n;3731;3736;locaux;0.0;0.0;0.0
bn:00054378n;3751;3754;test;0.0;0.0;0.0
bn:00103624a;3756;3761;global;0.8;4.151926635124203e-06;0.027777777777777776
bn:00029621n;3767;3770;echo;0.0;0.0;0.0
bn:00074685n;3776;3782;chaînes;0.7251030199030828;0.0024912805388735758;0.49166666666666664
bn:00017748n;3784;3793;caractères;0.0;0.0;0.0
bn:00023652n;3795;3802;création;0.0;0.0;0.0
bn:02806034n;3804;3814;affectation;0.9852095316351684;0.0007965056056822271;0.30277777777777776
bn:00047350n;3822;3831;guillemets;0.0;0.0;0.0
bn:03489514n;3837;3849;concaténation;0.9898553334533886;0.0006846527021319811;0.2361111111111111
bn:00053450n;3851;3855;signe;0.0;0.0;0.0
bn:00054378n;3861;3864;test;0.0;0.0;0.0
bn:00054378n;3866;3869;test;0.0;0.0;0.0
bn:00043620n;3871;3877;bonjour;0.0;0.0;0.0
bn:00092618v;3879;3884;revoir;0.0;0.0;0.0
bn:00108829a;3900;3907;possible;0.0;0.0;0.0
bn:00079582n;3909;3917;variables;0.0;0.0;0.0
bn:00104728a;3919;3927;intérieur;0.0;0.0;0.0
bn:00074685n;3929;3934;chaîne;0.7251030199030828;0.0024912805388735758;0.49166666666666664
bn:00054378n;3942;3945;test;0.0;0.0;0.0
bn:00096782a;3949;3957;similaire;0.0;0.0;0.0
bn:00054378n;3961;3964;test;0.0;0.0;0.0
bn:03342494n;3968;3979;substitution;0.0;0.0;0.0
bn:00054378n;3997;4000;test;0.0;0.0;0.0
bn:00054378n;4006;4009;test;0.0;0.0;0.0
bn:00017748n;4023;4032;caractères;0.0;0.0;0.0
bn:00102635a;4034;4041;spéciaux;0.0;0.0;0.0
bn:00100173a;4043;4053;obligatoire;0.0;0.0;0.0
bn:00023652n;4063;4070;création;0.0;0.0;0.0
bn:00113501a;4072;4080;variables;0.0;0.0;0.0
bn:00101917a;4082;4091;dynamiques;0.0;0.0;0.0
bn:00063739n;4093;4103;possibilité;0.0;0.0;0.0
bn:00086008v;4105;4109;créer;0.0;0.0;0.0
bn:00113501a;4111;4118;variable;0.0;0.0;0.0
bn:00101917a;4120;4128;dynamique;0.0;0.0;0.0
bn:00023652n;4132;4139;création;0.0;0.0;0.0
bn:00022154n;4148;4154;contenu;0.0;0.0;0.0
bn:00101268a;4156;4160;autre;0.0;0.0;0.0
bn:00079582n;4162;4169;variable;0.0;0.0;0.0
bn:00054378n;4175;4178;test;0.0;0.0;0.0
bn:00054378n;4184;4187;test;0.0;0.0;0.0
bn:00096782a;4189;4197;similaire;0.0;0.0;0.0
bn:00054378n;4199;4202;test;0.0;0.0;0.0
bn:00054378n;4204;4207;test;0.0;0.0;0.0
bn:00029621n;4209;4212;echo;0.0;0.0;0.0
bn:00054378n;4218;4221;test;0.0;0.0;0.0
bn:15173511n;4227;4233;affiche;0.9273323053199691;0.0005992475712474762;0.14166666666666666
bn:00054378n;4235;4238;test;0.0;0.0;0.0
bn:00054378n;4240;4243;test;0.0;0.0;0.0
bn:00054378n;4245;4248;test;0.0;0.0;0.0
bn:00096782a;4250;4258;similaire;0.0;0.0;0.0
bn:00011012n;4260;4267;tableaux;0.0;0.0;0.0
bn:00056758n;4269;4271;nom;0.0;0.0;0.0
bn:00113501a;4273;4280;variable;0.0;0.0;0.0
bn:00079476n;4292;4294;val;1.0;6.863134727860308e-05;0.08055555555555556
bn:00056758n;4296;4298;nom;0.0;0.0;0.0
bn:00113501a;4300;4307;variable;0.0;0.0;0.0
bn:00059127n;4311;4320;opérations;0.0;0.0;0.0
bn:00074685n;4322;4328;chaînes;0.7251030199030828;0.0024912805388735758;0.49166666666666664
bn:00050662n;4330;4337;longueur;0.0;0.0;0.0
bn:00074685n;4339;4344;chaîne;0.7251030199030828;0.0024912805388735758;0.49166666666666664
bn:00071671n;4368;4378;comparaison;0.0;0.0;0.0
bn:03489514n;4386;4398;concaténation;0.9898553334533886;0.0006846527021319811;0.2361111111111111
bn:00107028a;4406;4415;nombreuses;0.0;0.0;0.0
bn:00036821n;4417;4425;fonctions;0.0;0.0;0.0
bn:00042822n;4427;4438;manipulation;0.8571428571428571;1.2704895503480062e-05;0.04722222222222222
bn:00097846a;4440;4450;disponibles;0.9452054794520548;1.7188976269414203e-05;0.05
bn:00036821n;4452;4460;fonctions;0.0;0.0;0.0
bn:00074685n;4462;4468;chaînes;0.7251030199030828;0.0024912805388735758;0.49166666666666664
bn:00087013v;4470;4477;afficher;0.0;0.0;0.0
bn:00074685n;4479;4484;chaîne;0.7251030199030828;0.0024912805388735758;0.49166666666666664
bn:00017748n;4486;4495;caractères;0.0;0.0;0.0
bn:00089884v;4499;4507;retourner;0.0;0.0;0.0
bn:00062297n;4509;4515;morceau;0.0;0.0;0.0
bn:00074685n;4517;4522;chaîne;0.7251030199030828;0.0024912805388735758;0.49166666666666664
bn:00017487n;4531;4536;chaine;0.0;0.0;0.0
bn:01247692n;4538;4542;debut;1.0;4.151926635124203e-06;0.027777777777777776
bn:00050662n;4544;4551;longueur;0.0;0.0;0.0
bn:01247692n;4559;4563;debut;1.0;4.151926635124203e-06;0.027777777777777776
bn:00084450v;4565;4568;peut;0.9815950920245399;6.643082616198725e-05;0.1111111111111111
bn:00083187v;4570;4573;être;0.0;0.0;0.0
bn:00107201a;4575;4581;négatif;0.0;0.0;0.0
bn:00088939v;4583;4589;partant;0.0;0.0;0.0
bn:00030720n;4591;4593;fin;0.0;0.0;0.0
bn:00050662n;4595;4602;longueur;0.0;0.0;0.0
bn:00107939a;4604;4613;facultatif;0.0;0.0;0.0
bn:00105751a;4621;4623;fin;0.0;0.0;0.0
bn:00074685n;4625;4630;chaîne;0.7251030199030828;0.0024912805388735758;0.49166666666666664
bn:00086178v;4642;4647;couper;0.0;0.0;0.0
bn:00074685n;4649;4654;chaîne;0.7251030199030828;0.0024912805388735758;0.49166666666666664
bn:00062297n;4656;4663;morceaux;0.0;0.0;0.0
bn:03371342n;4665;4674;délimiteur;1.0;0.0004034427111350188;0.21944444444444444
bn:00029621n;4678;4681;echo;0.0;0.0;0.0
bn:00017487n;4683;4688;chaine;0.0;0.0;0.0
bn:00011012n;4690;4696;tableau;0.0;0.0;0.0
bn:00017487n;4717;4722;chaine;0.0;0.0;0.0
bn:00020945n;4724;4735;instructions;0.0;0.0;0.0
bn:00020945n;4737;4748;instructions;0.0;0.0;0.0
bn:00100214a;4750;4764;conditionnelles;0.8516377649325626;1.835151572724898e-05;0.03611111111111111
bn:00025928n;4779;4788;définition;0.999603256470887;0.0026152155489320332;0.48333333333333334
bn:00102635a;4790;4797;spéciale;0.0;0.0;0.0
bn:00100173a;4807;4817;obligatoire;0.0;0.0;0.0
bn:00110561a;4852;4857;courte;0.0;0.0;0.0
bn:00064921n;4859;4867;condition;0.0;0.0;0.0
bn:00020945n;4905;4916;instructions;0.0;0.0;0.0
bn:00100214a;4918;4932;conditionnelles;0.8516377649325626;1.835151572724898e-05;0.03611111111111111
bn:01071927n;4934;4939;switch;0.9086547112097403;0.0006290168852213168;0.28055555555555556
bn:01071927n;4946;4951;switch;0.9086547112097403;0.0006290168852213168;0.28055555555555556
bn:00006386n;4953;4962;expression;0.0;0.0;0.0
bn:00029423n;5005;5011;boucles;0.0;0.0;0.0
bn:00029423n;5013;5019;boucles;0.0;0.0;0.0
bn:03595585n;5021;5023;for;0.0;0.0;0.0
bn:03595585n;5025;5027;for;0.0;0.0;0.0
bn:00046781n;5031;5044;initialisation;1.0;0.00018351515727248977;0.18055555555555555
bn:00064921n;5046;5054;condition;0.0;0.0;0.0
bn:00029423n;5066;5072;boucles;0.0;0.0;0.0
bn:00047734n;5074;5078;while;1.0;0.0012645522952597786;0.36944444444444446
bn:00064921n;5088;5096;condition;0.0;0.0;0.0
bn:00064921n;5109;5117;condition;0.0;0.0;0.0
bn:00020945n;5119;5130;instructions;0.0;0.0;0.0
bn:00100214a;5132;5146;conditionnelles;0.8516377649325626;1.835151572724898e-05;0.03611111111111111
bn:00012411n;5148;5151;saut;0.0;0.0;0.0
bn:00112485a;5153;5166;inconditionnel;0.7567567567567568;2.325078915669554e-06;0.011111111111111112
bn:00027507n;5172;5176;arrêt;0.0;0.0;0.0
bn:00112485a;5178;5191;inconditionnel;0.7567567567567568;2.325078915669554e-06;0.011111111111111112
bn:00100385a;5193;5200;continue;0.0;0.0;0.0
bn:00047735n;5210;5218;itération;0.0;0.0;0.0
bn:00103325a;5220;5227;courante;0.0;0.0;0.0
bn:00029423n;5229;5234;boucle;0.0;0.0;0.0
bn:03498501n;5236;5240;break;1.0;4.318003700529171e-06;0.022222222222222223
bn:00029423n;5250;5255;boucle;0.0;0.0;0.0
bn:00114203r;5257;5268;complètement;0.0;0.0;0.0
bn:00027507n;5270;5274;arrêt;0.0;0.0;0.0
bn:00019966n;5276;5284;exécution;0.0;0.0;0.0
bn:00085475v;5298;5304;termine;0.0;0.0;0.0
bn:01431715n;5306;5311;script;0.7433281433527275;0.0022596860711663475;0.4861111111111111
bn:00085714v;5334;5341;continue;0.0;0.0;0.0
bn:00029621n;5343;5346;echo;0.0;0.0;0.0
bn:00012593n;5350;5351;br;1.0;4.151926635124203e-08;0.002777777777777778
bn:00029621n;5380;5383;echo;0.0;0.0;0.0
bn:00012593n;5387;5388;br;1.0;4.151926635124203e-08;0.002777777777777778
bn:00087013v;5390;5396;affiche;0.0;0.0;0.0
bn:00029680n;5398;5404;valeurs;0.0;0.0;0.0
bn:00087013v;5411;5417;affiche;0.0;0.0;0.0
bn:00083102v;5426;5430;exclu;0.0;0.0;0.0
bn:00011012n;5432;5439;tableaux;0.0;0.0;0.0
bn:00011012n;5441;5448;tableaux;0.0;0.0;0.0
bn:00023652n;5450;5457;création;0.0;0.0;0.0
bn:00002155n;5459;5462;aide;0.0;0.0;0.0
bn:00036821n;5464;5471;fonction;0.0;0.0;0.0
bn:00011012n;5481;5487;tableau;0.0;0.0;0.0
bn:00011012n;5502;5509;tableaux;0.0;0.0;0.0
bn:00027152n;5511;5519;dimension;0.0;0.0;0.0
bn:00021394n;5521;5528;éléments;0.0;0.0;0.0
bn:00084450v;5530;5536;peuvent;0.9815950920245399;6.643082616198725e-05;0.1111111111111111
bn:00083187v;5538;5541;être;0.0;0.0;0.0
bn:00016413n;5554;5558;types;0.0;0.0;0.0
bn:00035811n;5560;5564;index;0.0;0.0;0.0
bn:00011012n;5566;5572;tableau;0.0;0.0;0.0
bn:00083342v;5574;5581;commence;0.0;0.0;0.0
bn:00036821n;5585;5592;fonction;0.0;0.0;0.0
bn:00089240v;5602;5606;avoir;0.0;0.0;0.0
bn:00058285n;5608;5613;nombre;0.8014229837504042;0.005453057404039426;0.5388888888888889
bn:00021394n;5615;5622;éléments;0.0;0.0;0.0
bn:00011012n;5624;5630;tableau;0.0;0.0;0.0
bn:00011012n;5632;5639;tableaux;0.0;0.0;0.0
bn:00110649a;5641;5647;simples;0.0;0.0;0.0
bn:00006539n;5649;5659;association;0.0;0.0;0.0
bn:00058286n;5661;5666;numéro;0.0;0.0;0.0
bn:00029680n;5668;5673;valeur;0.0;0.0;0.0
bn:00023652n;5675;5682;création;0.0;0.0;0.0
bn:00011012n;5684;5690;tableau;0.0;0.0;0.0
bn:00011012n;5692;5698;tableau;0.0;0.0;0.0
bn:00029680n;5706;5711;valeur;0.0;0.0;0.0
bn:00029680n;5713;5718;valeur;0.0;0.0;0.0
bn:02806034n;5728;5738;affectation;0.9852095316351684;0.0007965056056822271;0.30277777777777776
bn:00021394n;5740;5746;élément;0.0;0.0;0.0
bn:00011012n;5748;5754;tableau;0.0;0.0;0.0
bn:00029680n;5763;5768;valeur;0.0;0.0;0.0
bn:00019621n;5770;5781;récupération;0.0;0.0;0.0
bn:00021394n;5783;5789;élément;0.0;0.0;0.0
bn:00113501a;5791;5798;variable;0.0;0.0;0.0
bn:00011012n;5800;5806;tableau;0.0;0.0;0.0
bn:00046423n;5808;5813;indice;0.0;0.0;0.0
bn:00088968v;5815;5822;parcours;0.9230769230769231;4.982311962149044e-07;0.008333333333333333
bn:00011012n;5846;5852;tableau;0.0;0.0;0.0
bn:00029621n;5858;5861;echo;0.0;0.0;0.0
bn:00011012n;5865;5871;tableau;0.0;0.0;0.0
bn:00012593n;5875;5876;br;1.0;4.151926635124203e-08;0.002777777777777778
bn:03468087n;5878;5885;parcours;0.8738149722131415;0.0002219619979137399;0.18333333333333332
bn:03463379n;5895;5901;foreach;1.0;0.0003320710922772338;0.2388888888888889
bn:00011012n;5903;5909;tableau;0.0;0.0;0.0
bn:00029680n;5911;5916;valeur;0.0;0.0;0.0
bn:00029680n;5923;5928;valeur;0.0;0.0;0.0
bn:00012593n;5930;5931;br;1.0;4.151926635124203e-08;0.002777777777777778
bn:00011012n;5933;5940;tableaux;0.0;0.0;0.0
bn:03848413n;5933;5952;tableaux associatifs;1.0;0.0012611477154189767;0.3472222222222222
bn:00097619a;5942;5952;associatifs;1.0;1.370135789590987e-06;0.008333333333333333
bn:00006539n;5954;5965;associations;0.0;0.0;0.0
bn:00048985n;5967;5969;clé;0.0;0.0;0.0
bn:00029680n;5977;5982;valeur;0.0;0.0;0.0
bn:00023652n;5984;5991;création;0.0;0.0;0.0
bn:00011012n;5993;5999;tableau;0.0;0.0;0.0
bn:00011012n;6001;6007;tableau;0.0;0.0;0.0
bn:04756252n;6015;6017;cle;1.0;0.00020340288585473472;0.19166666666666668
bn:00079476n;6019;6021;val;1.0;6.863134727860308e-05;0.08055555555555556
bn:04756252n;6023;6025;cle;1.0;0.00020340288585473472;0.19166666666666668
bn:00079476n;6027;6029;val;1.0;6.863134727860308e-05;0.08055555555555556
bn:02806034n;6041;6051;affectation;0.9852095316351684;0.0007965056056822271;0.30277777777777776
bn:00021394n;6053;6059;élément;0.0;0.0;0.0
bn:00011012n;6061;6067;tableau;0.0;0.0;0.0
bn:04756252n;6069;6071;cle;1.0;0.00020340288585473472;0.19166666666666668
bn:00029680n;6073;6078;valeur;0.0;0.0;0.0
bn:00019621n;6080;6091;récupération;0.0;0.0;0.0
bn:00021394n;6093;6099;élément;0.0;0.0;0.0
bn:00113501a;6101;6108;variable;0.0;0.0;0.0
bn:00011012n;6110;6116;tableau;0.0;0.0;0.0
bn:04756252n;6118;6120;cle;1.0;0.00020340288585473472;0.19166666666666668
bn:03468087n;6122;6129;parcours;0.8738149722131415;0.0002219619979137399;0.18333333333333332
bn:03463379n;6139;6145;foreach;1.0;0.0003320710922772338;0.2388888888888889
bn:00011012n;6147;6153;tableau;0.0;0.0;0.0
bn:04756252n;6155;6157;cle;1.0;0.00020340288585473472;0.19166666666666668
bn:00029680n;6159;6164;valeur;0.0;0.0;0.0
bn:00029621n;6166;6169;echo;0.0;0.0;0.0
bn:04756252n;6171;6173;cle;1.0;0.00020340288585473472;0.19166666666666668
bn:00029680n;6175;6180;valeur;0.0;0.0;0.0
bn:00012593n;6182;6183;br;1.0;4.151926635124203e-08;0.002777777777777778
bn:00088968v;6185;6192;parcours;0.9230769230769231;4.982311962149044e-07;0.008333333333333333
bn:00011012n;6208;6214;tableau;0.0;0.0;0.0
bn:04720346n;6222;6225;list;1.0;0.000203278328055681;0.18888888888888888
bn:04756252n;6227;6229;cle;1.0;0.00020340288585473472;0.19166666666666668
bn:00029680n;6231;6236;valeur;0.0;0.0;0.0
bn:00011012n;6243;6249;tableau;0.0;0.0;0.0
bn:00029621n;6251;6254;echo;0.0;0.0;0.0
bn:04756252n;6256;6258;cle;1.0;0.00020340288585473472;0.19166666666666668
bn:00029680n;6260;6265;valeur;0.0;0.0;0.0
bn:00012593n;6267;6268;br;1.0;4.151926635124203e-08;0.002777777777777778
bn:00011012n;6270;6277;tableaux;0.0;0.0;0.0
bn:01641329n;6298;6304;méthode;0.7647645831443346;0.0014000296613638813;0.3333333333333333
bn:00023652n;6306;6313;création;0.0;0.0;0.0
bn:00011012n;6333;6340;tableaux;0.0;0.0;0.0
bn:00023652n;6342;6349;création;0.0;0.0;0.0
bn:00011012n;6351;6357;tableau;0.0;0.0;0.0
bn:00027152n;6364;6373;dimensions;0.0;0.0;0.0
bn:00198350n;6375;6377;tab;1.0;2.0344440512108597e-06;0.019444444444444445
bn:00079476n;6385;6387;val;1.0;6.863134727860308e-05;0.08055555555555556
bn:00079476n;6389;6391;val;1.0;6.863134727860308e-05;0.08055555555555556
bn:00198350n;6398;6400;tab;1.0;2.0344440512108597e-06;0.019444444444444445
bn:00079476n;6408;6410;val;1.0;6.863134727860308e-05;0.08055555555555556
bn:00079476n;6412;6414;val;1.0;6.863134727860308e-05;0.08055555555555556
bn:00011012n;6421;6427;tableau;0.0;0.0;0.0
bn:00198350n;6435;6437;tab;1.0;2.0344440512108597e-06;0.019444444444444445
bn:00198350n;6439;6441;tab;1.0;2.0344440512108597e-06;0.019444444444444445
bn:02806034n;6443;6453;affectation;0.9852095316351684;0.0007965056056822271;0.30277777777777776
bn:00021394n;6455;6461;élément;0.0;0.0;0.0
bn:00011012n;6463;6469;tableau;0.0;0.0;0.0
bn:00046423n;6471;6476;indice;0.0;0.0;0.0
bn:00113501a;6485;6492;variable;0.0;0.0;0.0
bn:00019621n;6494;6505;récupération;0.0;0.0;0.0
bn:00021394n;6507;6513;élément;0.0;0.0;0.0
bn:00113501a;6515;6522;variable;0.0;0.0;0.0
bn:00011012n;6524;6530;tableau;0.0;0.0;0.0
bn:03468087n;6546;6553;parcours;0.8738149722131415;0.0002219619979137399;0.18333333333333332
bn:00011012n;6569;6575;tableau;0.0;0.0;0.0
bn:00011012n;6589;6595;tableau;0.0;0.0;0.0
bn:00029621n;6599;6602;echo;0.0;0.0;0.0
bn:00011012n;6606;6612;tableau;0.0;0.0;0.0
bn:00012593n;6616;6617;br;1.0;4.151926635124203e-08;0.002777777777777778
bn:00036821n;6619;6627;fonctions;0.0;0.0;0.0
bn:00011012n;6629;6636;tableaux;0.0;0.0;0.0
bn:00080339n;6638;6643;taille;0.0;0.0;0.0
bn:00011012n;6645;6651;tableau;0.0;0.0;0.0
bn:00085859v;6655;6661;compter;0.0;0.0;0.0
bn:00058285n;6663;6668;nombre;0.8014229837504042;0.005453057404039426;0.5388888888888889
bn:04746651n;6670;6680;occurrences;0.0;0.0;0.0
bn:00029680n;6682;6688;valeurs;0.0;0.0;0.0
bn:00011012n;6690;6696;tableau;0.0;0.0;0.0
bn:00198350n;6704;6706;tab;1.0;2.0344440512108597e-06;0.019444444444444445
bn:03435545n;6714;6716;map;1.0;0.0003945991074022043;0.24444444444444444
bn:00036821n;6718;6725;fonction;0.0;0.0;0.0
bn:00198350n;6727;6729;tab;1.0;2.0344440512108597e-06;0.019444444444444445
bn:00259585n;6731;6738;filtrage;0.9996914532551682;0.00026904484595604834;0.2
bn:00036821n;6740;6747;fonction;0.0;0.0;0.0
bn:00082643v;6749;6756;supprime;0.0;0.0;0.0
bn:00021394n;6758;6765;éléments;0.0;0.0;0.0
bn:00084848v;6767;6775;vérifiant;0.0;0.0;0.0
bn:00023853n;6777;6783;critère;0.7518413987746954;0.0004534734270882655;0.2388888888888889
bn:00087845v;6789;6792;sort;0.0;0.0;0.0
bn:00198350n;6794;6796;tab;1.0;2.0344440512108597e-06;0.019444444444444445
bn:00029680n;6804;6810;valeurs;0.0;0.0;0.0
bn:00198350n;6818;6820;tab;1.0;2.0344440512108597e-06;0.019444444444444445
bn:00019683n;6828;6832;clefs;0.0;0.0;0.0
bn:00036821n;6842;6849;fonction;0.0;0.0;0.0
bn:00084595v;6851;6858;applique;0.0;0.0;0.0
bn:00036821n;6860;6867;fonction;0.0;0.0;0.0
bn:00021394n;6874;6881;éléments;0.0;0.0;0.0
bn:00198350n;6887;6889;tab;1.0;2.0344440512108597e-06;0.019444444444444445
bn:00198350n;6910;6912;tab;1.0;2.0344440512108597e-06;0.019444444444444445
bn:00198350n;6928;6930;tab;1.0;2.0344440512108597e-06;0.019444444444444445
bn:00198350n;6945;6947;tab;1.0;2.0344440512108597e-06;0.019444444444444445
bn:00036821n;6949;6956;fonction;0.0;0.0;0.0
bn:00019683n;6970;6974;clefs;0.0;0.0;0.0
bn:00029680n;6976;6982;valeurs;0.0;0.0;0.0
bn:00198350n;6984;6986;tab;1.0;2.0344440512108597e-06;0.019444444444444445
bn:00198350n;6999;7001;tab;1.0;2.0344440512108597e-06;0.019444444444444445
bn:00036821n;7003;7011;fonctions;0.0;0.0;0.0
bn:00036821n;7013;7021;fonctions;0.0;0.0;0.0
bn:00005600n;7030;7038;arguments;0.0;0.0;0.0
bn:00029680n;7040;7045;valeur;0.0;0.0;0.0
bn:00046318n;7047;7052;retour;0.0;0.0;0.0
bn:00108829a;7068;7075;possible;0.0;0.0;0.0
bn:01753580n;7077;7079;php;1.0;0.004228778797140352;0.49722222222222223
bn:00025928n;7081;7090;définition;0.999603256470887;0.0026152155489320332;0.48333333333333334
bn:00036821n;7092;7099;fonction;0.0;0.0;0.0
bn:00102700a;7101;7111;factorielle;1.0;1.3452242297802418e-05;0.05
bn:00102700a;7122;7132;factorielle;1.0;1.3452242297802418e-05;0.05
bn:00102700a;7156;7166;factorielle;1.0;1.3452242297802418e-05;0.05
bn:00005019n;7168;7172;appel;0.0;0.0;0.0
bn:00036821n;7174;7181;fonction;0.0;0.0;0.0
bn:00021961n;7194;7201;résultat;0.0;0.0;0.0
bn:00029621n;7203;7206;echo;0.0;0.0;0.0
bn:00102700a;7208;7218;factorielle;1.0;1.3452242297802418e-05;0.05
bn:00036821n;7220;7228;fonctions;0.0;0.0;0.0
bn:00029680n;7230;7236;valeurs;0.0;0.0;0.0
bn:00011197n;7238;7243;défaut;0.0;0.0;0.0
bn:00108829a;7245;7253;possibles;0.0;0.0;0.0
bn:00005600n;7255;7263;arguments;0.0;0.0;0.0
bn:00005600n;7274;7282;arguments;0.0;0.0;0.0
bn:00084450v;7284;7290;peuvent;0.9815950920245399;6.643082616198725e-05;0.1111111111111111
bn:00089240v;7292;7296;avoir;0.0;0.0;0.0
bn:00029680n;7298;7304;valeurs;0.0;0.0;0.0
bn:00011197n;7306;7311;défaut;0.0;0.0;0.0
bn:00068246n;7322;7327;racine;0.0;0.0;0.0
bn:00068246n;7331;7336;racine;0.0;0.0;0.0
bn:00005019n;7338;7342;appel;0.0;0.0;0.0
bn:00068246n;7344;7349;racine;0.0;0.0;0.0
bn:00068246n;7354;7359;racine;0.0;0.0;0.0
bn:00029680n;7361;7367;valeurs;0.0;0.0;0.0
bn:00011197n;7369;7374;défaut;0.0;0.0;0.0
bn:00114626r;7376;7385;uniquement;0.7385554425228891;3.0142987371001715e-05;0.06111111111111111
bn:00105773a;7387;7394;derniers;0.0;0.0;0.0
bn:00005600n;7396;7404;arguments;0.0;0.0;0.0
bn:00068246n;7406;7411;racine;0.0;0.0;0.0
bn:00005380n;7415;7419;degre;0.0;0.0;0.0
bn:00104687a;7421;7430;impossible;0.8571428571428571;2.9571448824143523e-05;0.034383954154727794
bn:00096872a;7432;7435;seul;0.0;0.0;0.0
bn:00005600n;7437;7444;argument;0.0;0.0;0.0
bn:00117250r;7446;7450;alors;0.0;0.0;0.0
bn:00005380n;7452;7456;degre;0.0;0.0;0.0
bn:13601354v;7458;7461;vaut;0.0;0.0;0.0
bn:00011197n;7463;7468;défaut;0.0;0.0;0.0
bn:00068246n;7479;7484;racine;0.0;0.0;0.0
bn:00005380n;7488;7492;degre;0.0;0.0;0.0
bn:00063925n;7501;7503;pow;1.0;4.348742474138753e-06;0.014326647564469915
bn:00005380n;7507;7511;degre;0.0;0.0;0.0
bn:00068246n;7513;7518;racine;0.0;0.0;0.0
bn:00089884v;7520;7527;retourne;0.0;0.0;0.0
bn:00068246n;7529;7534;racine;0.0;0.0;0.0
bn:00024262n;7529;7542;racine cubique;0.0;0.0;0.0
bn:00100752a;7536;7542;cubique;1.0;5.218490968966504e-06;0.017191977077363897
bn:00068246n;7544;7549;racine;0.0;0.0;0.0
bn:00089884v;7551;7558;retourne;0.0;0.0;0.0
bn:00068246n;7560;7565;racine;0.0;0.0;0.0
bn:00073727n;7560;7572;racine carrée;0.9746386000507228;0.002228295643748697;0.24068767908309455
bn:00111084a;7567;7572;carrée;0.9186602870813397;2.783195183448802e-05;0.034383954154727794
bn:00036821n;7574;7582;fonctions;0.0;0.0;0.0
bn:00058285n;7584;7589;nombre;0.8606362707464582;0.009035092322353146;0.4498567335243553
bn:00005600n;7591;7599;arguments;0.0;0.0;0.0
bn:00079168n;7601;7607;inconnu;0.9997748254897546;0.0012872277723450709;0.21203438395415472
bn:00058285n;7625;7630;nombre;0.8606362707464582;0.009035092322353146;0.4498567335243553
bn:00005600n;7632;7640;arguments;0.0;0.0;0.0
bn:00005600n;7657;7664;argument;0.0;0.0;0.0
bn:00088939v;7678;7683;partir;0.0;0.0;0.0
bn:00036821n;7685;7692;fonction;0.0;0.0;0.0
bn:00086013v;7704;7710;produit;0.0;0.0;0.0
bn:00005600n;7717;7725;arguments;0.0;0.0;0.0
bn:00086013v;7736;7742;produit;0.0;0.0;0.0
bn:00086013v;7811;7817;produit;0.0;0.0;0.0
bn:00036821n;7819;7827;fonctions;0.0;0.0;0.0
bn:00060872n;7829;7835;passage;0.0;0.0;0.0
bn:00060585n;7837;7846;paramètres;0.0;0.0;0.0
bn:00029680n;7848;7853;valeur;0.0;0.0;0.0
bn:00082705v;7859;7865;utilise;0.0;0.0;0.0
bn:00022526n;7867;7871;copie;0.0;0.0;0.0
bn:00060585n;7873;7882;paramètres;0.0;0.0;0.0
bn:00005019n;7884;7888;appel;0.0;0.0;0.0
bn:00060872n;7890;7896;passage;0.0;0.0;0.0
bn:00060585n;7898;7906;paramètre;0.0;0.0;0.0
bn:00063236n;7908;7916;référence;0.0;0.0;0.0
bn:00082705v;7922;7928;utilise;0.0;0.0;0.0
bn:00115031r;7930;7940;directement;0.0;0.0;0.0
bn:00060585n;7942;7951;paramètres;0.0;0.0;0.0
bn:00005019n;7953;7957;appel;0.0;0.0;0.0
bn:00106840a;7959;7968;modifiable;0.7133757961783439;1.623530523678468e-05;0.022922636103151862
bn:00060872n;7970;7976;passage;0.0;0.0;0.0
bn:00060585n;7978;7986;paramètre;0.0;0.0;0.0
bn:00101724a;7997;8002;double;0.0;0.0;0.0
bn:00079476n;8004;8006;val;1.0;1.4350850164657886e-05;0.025787965616045846
bn:00079476n;8008;8010;val;1.0;1.4350850164657886e-05;0.025787965616045846
bn:00079476n;8019;8021;val;1.0;1.4350850164657886e-05;0.025787965616045846
bn:00087169v;8028;8033;double;0.0;0.0;0.0
bn:00087169v;8042;8047;double;0.0;0.0;0.0
bn:00079582n;8053;8061;variables;0.0;0.0;0.0
bn:00098003a;8063;8070;globales;0.7241379310344828;6.0882394637942544e-06;0.017191977077363897
bn:00102102a;8072;8080;statiques;0.0;0.0;0.0
bn:16860016n;8084;8089;static;1.0;3.6239520617822942e-06;0.014326647564469915
bn:00082537v;8091;8096;permet;0.0;0.0;0.0
bn:00091983v;8098;8106;conserver;0.0;0.0;0.0
bn:00113501a;8108;8115;variable;0.0;0.0;0.0
bn:00036821n;8117;8124;fonction;0.0;0.0;0.0
bn:00054378n;8137;8140;test;0.0;0.0;0.0
bn:00098003a;8142;8147;global;0.7241379310344828;6.0882394637942544e-06;0.017191977077363897
bn:00113501a;8151;8158;variable;0.0;0.0;0.0
bn:00098003a;8160;8166;globale;0.7241379310344828;6.0882394637942544e-06;0.017191977077363897
bn:16860016n;8168;8173;static;1.0;3.6239520617822942e-06;0.014326647564469915
bn:00113501a;8177;8184;variable;0.0;0.0;0.0
bn:00102102a;8186;8193;statique;0.0;0.0;0.0
bn:00029621n;8199;8202;echo;0.0;0.0;0.0
bn:00054378n;8209;8212;test;0.0;0.0;0.0
bn:00087013v;8214;8220;affiche;0.0;0.0;0.0
bn:00054378n;8222;8225;test;0.0;0.0;0.0
bn:00087013v;8227;8233;affiche;0.0;0.0;0.0
bn:00005019n;8235;8239;appel;0.0;0.0;0.0
bn:00101917a;8241;8249;dynamique;0.0;0.0;0.0
bn:00096782a;8251;8259;similaire;0.0;0.0;0.0
bn:00079582n;8261;8269;variables;0.0;0.0;0.0
bn:00101917a;8271;8280;dynamiques;0.0;0.0;0.0
bn:00043620n;8291;8297;bonjour;0.0;0.0;0.0
bn:00029621n;8299;8302;echo;0.0;0.0;0.0
bn:00043620n;8304;8310;bonjour;0.0;0.0;0.0
bn:00029621n;8336;8339;echo;0.0;0.0;0.0
bn:00023652n;8352;8359;création;0.0;0.0;0.0
bn:00113501a;8361;8368;variable;0.0;0.0;0.0
bn:00083225v;8370;8378;contenant;0.0;0.0;0.0
bn:00056758n;8380;8382;nom;0.0;0.0;0.0
bn:00036821n;8384;8391;fonction;0.0;0.0;0.0
bn:00066712n;8393;8397;salut;0.0;0.0;0.0
bn:00043620n;8409;8415;bonjour;0.0;0.0;0.0
bn:00066712n;8425;8429;salut;0.0;0.0;0.0
bn:00036821n;8431;8439;fonctions;0.0;0.0;0.0
bn:00036821n;8441;8449;fonctions;0.0;0.0;0.0
bn:00084848v;8451;8457;vérifie;0.0;0.0;0.0
bn:00009676n;8459;8467;existence;0.8666946509954425;0.00209507916595758;0.27793696275071633
bn:00036821n;8469;8476;fonction;0.0;0.0;0.0
bn:00089884v;8480;8487;retourne;0.0;0.0;0.0
bn:00090397v;8489;8493;liste;0.0;0.0;0.0
bn:00036821n;8495;8503;fonctions;0.0;0.0;0.0
bn:00011012n;8518;8524;tableau;0.0;0.0;0.0
bn:00036821n;8559;8566;fonction;0.0;0.0;0.0
bn:00087823v;8568;8575;exécuter;0.0;0.0;0.0
bn:00030720n;8577;8579;fin;0.0;0.0;0.0
bn:01431715n;8581;8586;script;0.9153217828778157;0.004694467500832784;0.3638968481375358
bn:00036821n;8608;8615;fonction;0.0;0.0;0.0
bn:15427877n;8626;8633;shutdown;0.0;0.0;0.0
bn:00036821n;8644;8651;fonction;0.0;0.0;0.0
bn:00036821n;8653;8661;fonctions;0.0;0.0;0.0
bn:00104094a;8663;8668;utiles;0.0;0.0;0.0
bn:00043309n;8670;8675;header;1.0;0.000903233811878619;0.19197707736389685
bn:00082537v;8679;8684;permet;0.0;0.0;0.0
bn:00090884v;8686;8693;modifier;0.0;0.0;0.0
bn:00021227n;8702;8710;protocole;0.0;0.0;0.0
bn:00045088n;8702;8715;protocole http;1.0;0.001311145855952834;0.19197707736389685
bn:00045088n;8712;8715;http;0.9608865710560626;0.0012820092813761045;0.18911174785100288
bn:00030627n;8717;8727;utilisation;0.0;0.0;0.0
bn:00099598a;8729;8738;principale;0.0;0.0;0.0
bn:03480632n;8740;8750;redirection;0.0;0.0;0.0
bn:00101268a;8757;8761;autre;0.0;0.0;0.0
bn:00060158n;8763;8766;page;0.0;0.0;0.0
bn:00082705v;8783;8786;user;0.7498594716132658;0.00019337408201670323;0.0830945558739255
bn:00043309n;8788;8793;header;1.0;0.000903233811878619;0.19197707736389685
bn:00067131n;8795;8802;location;0.8814814814814815;3.450002362816744e-05;0.04011461318051576
bn:00027988n;8804;8810;accueil;0.0;0.0;0.0
bn:01753580n;8812;8814;php;1.0;0.008261740952368804;0.46131805157593125
bn:00043309n;8821;8826;header;1.0;0.000903233811878619;0.19197707736389685
bn:00067131n;8828;8835;location;0.8814814814814815;3.450002362816744e-05;0.04011461318051576
bn:01753580n;8843;8845;php;1.0;0.008261740952368804;0.46131805157593125
bn:00026699n;8859;8870;exploitation;0.0;0.0;0.0
bn:14352118n;8872;8881;formulaire;0.0;0.0;0.0
bn:00000663n;8893;8897;accès;0.0;0.0;0.0
bn:00060158n;8899;8902;page;0.0;0.0;0.0
bn:14352118n;8904;8913;formulaire;0.0;0.0;0.0
bn:03416628n;8915;8925;remplissage;0.0;0.0;0.0
bn:00001410n;8927;8938;modification;0.0;0.0;0.0
bn:00034265n;8940;8945;champs;0.0;0.0;0.0
bn:00031082n;8947;8951;envoi;0.0;0.0;0.0
bn:14352118n;8953;8962;formulaire;0.0;0.0;0.0
bn:00019621n;8971;8982;récupération;0.0;0.0;0.0
bn:14352118n;8984;8993;formulaire;0.0;0.0;0.0
bn:00094538v;8995;9000;soumis;0.0;0.0;0.0
bn:00047235n;9002;9011;traitement;0.0;0.0;0.0
bn:14352118n;9013;9022;formulaire;0.0;0.0;0.0
bn:00014694n;9024;9030;calculs;0.0;0.0;0.0
bn:00077991n;9032;9046;transformations;0.0;0.0;0.0
bn:00000663n;9048;9052;accès;0.0;0.0;0.0
bn:00007708n;9054;9055;bd;0.0;0.0;0.0
bn:00019764n;9059;9064;client;0.7837037037037037;0.0006134626050185068;0.1318051575931232
bn:00031082n;9066;9070;envoi;0.0;0.0;0.0
bn:00004451n;9072;9078;réponse;0.0;0.0;0.0
bn:00019764n;9080;9085;client;0.7837037037037037;0.0006134626050185068;0.1318051575931232
bn:03496583n;9080;9093;client serveur;1.0;0.0006740550834915068;0.14326647564469913
bn:00044916n;9087;9093;serveur;0.8188534473309218;0.0054144742964676905;0.46131805157593125
bn:00019621n;9095;9106;récupération;0.0;0.0;0.0
bn:00060585n;9108;9117;paramètres;0.0;0.0;0.0
bn:00060585n;9121;9130;paramètres;0.0;0.0;0.0
bn:00011012n;9142;9148;tableau;0.0;0.0;0.0
bn:00056758n;9155;9157;nom;0.0;0.0;0.0
bn:00054625n;9159;9165;méthode;0.0;0.0;0.0
bn:00031082n;9167;9171;envoi;0.0;0.0;0.0
bn:01500184n;9173;9176;post;0.9979497693490518;0.0002822333865716051;0.09455587392550144
bn:00056758n;9182;9184;nom;0.0;0.0;0.0
bn:00054625n;9186;9192;méthode;0.0;0.0;0.0
bn:00031082n;9194;9198;envoi;0.0;0.0;0.0
bn:00001130n;9221;9226;action;0.0;0.0;0.0
bn:00032100n;9228;9234;exemple;0.0;0.0;0.0
bn:14352118n;9238;9247;formulaire;0.0;0.0;0.0
bn:00056758n;9260;9262;nom;0.0;0.0;0.0
bn:00085750v;9266;9273;récupère;0.0;0.0;0.0
bn:00022154n;9275;9281;contenu;0.0;0.0;0.0
bn:01753580n;9283;9285;php;1.0;0.008261740952368804;0.46131805157593125
bn:00056758n;9292;9294;nom;0.0;0.0;0.0
bn:00056758n;9300;9302;nom;0.0;0.0;0.0
bn:00085714v;9304;9312;continuer;0.0;0.0;0.0
bn:00115880r;9314;9317;plus;0.0;0.0;0.0
bn:00110649a;9319;9324;simple;0.0;0.0;0.0
bn:00082727v;9326;9335;comprendre;0.0;0.0;0.0
bn:00082705v;9337;9344;utiliser;0.0;0.0;0.0
bn:00054625n;9346;9352;méthode;0.0;0.0;0.0
bn:00045088n;9346;9356;méthode get;1.0;0.001311145855952834;0.19197707736389685
bn:00091458v;9358;9363;passer;0.0;0.0;0.0
bn:00005600n;9365;9373;arguments;0.0;0.0;0.0
bn:00084662v;9375;9382;regarder;0.0;0.0;0.0
bn:00079080n;9384;9386;url;1.0;0.0011002318459571046;0.18911174785100288
bn:00045088n;9396;9399;http;0.9608865710560626;0.0012820092813761045;0.18911174785100288
bn:00080772n;9401;9403;www;1.0;0.0065213742142184745;0.4670487106017192
bn:00054378n;9405;9408;test;0.0;0.0;0.0
bn:00054378n;9414;9417;test;0.0;0.0;0.0
bn:01753580n;9419;9421;php;1.0;0.008261740952368804;0.46131805157593125
bn:00034265n;9423;9427;champ;0.0;0.0;0.0
bn:00029680n;9429;9434;valeur;0.0;0.0;0.0
bn:00101350a;9436;9445;différents;0.0;0.0;0.0
bn:00060585n;9447;9456;paramètres;0.0;0.0;0.0
bn:00029680n;9466;9471;valeur;0.0;0.0;0.0
bn:00110277a;9473;9480;visibles;0.0;0.0;0.0
bn:00115641r;9482;9484;ici;0.0;0.0;0.0
bn:00034265n;9490;9494;champ;0.0;0.0;0.0
bn:13601354v;9496;9499;vaut;0.0;0.0;0.0
bn:00029680n;9501;9506;valeur;0.0;0.0;0.0
bn:01149930n;9508;9510;pui;1.0;7.102946041093297e-06;0.02005730659025788
bn:00082705v;9512;9519;utiliser;0.0;0.0;0.0
bn:01500184n;9521;9524;post;0.9979497693490518;0.0002822333865716051;0.09455587392550144
bn:00082727v;9530;9536;compris;0.0;0.0;0.0
bn:00073219n;9538;9549;spécificités;0.0;0.0;0.0
bn:00016413n;9557;9561;types;0.0;0.0;0.0
bn:00020125n;9569;9574;cocher;0.0;0.0;0.0
bn:00035908n;9590;9594;forme;0.0;0.0;0.0
bn:00011012n;9596;9602;tableau;0.0;0.0;0.0
bn:00032100n;9604;9610;exemple;0.0;0.0;0.0
bn:00001130n;9628;9633;action;0.0;0.0;0.0
bn:00094890v;9635;9638;test;0.0;0.0;0.0
bn:01753580n;9640;9642;php;1.0;0.008261740952368804;0.46131805157593125
bn:00016413n;9650;9653;type;0.0;0.0;0.0
bn:14981519n;9655;9658;text;1.0;0.0001056744421215717;0.07736389684813753
bn:00034265n;9665;9669;champ;0.0;0.0;0.0
bn:00076732n;9677;9681;texte;0.809600150886458;0.00248893027603208;0.28939828080229224
bn:00034265n;9700;9704;champ;0.0;0.0;0.0
bn:00020518n;9706;9709;cols;0.0;0.0;0.0
bn:03611246n;9711;9714;rows;1.0;0.00030006323071557397;0.12893982808022922
bn:00076732n;9716;9720;texte;0.809600150886458;0.00248893027603208;0.28939828080229224
bn:00034265n;9746;9750;champ;0.0;0.0;0.0
bn:00059228n;9752;9757;option;0.0;0.0;0.0
bn:00059228n;9765;9770;option;0.0;0.0;0.0
bn:00059228n;9772;9777;option;0.0;0.0;0.0
bn:00059228n;9779;9784;option;0.0;0.0;0.0
bn:00059228n;9786;9791;option;0.0;0.0;0.0
bn:00059228n;9799;9804;option;0.0;0.0;0.0
bn:00059228n;9824;9829;option;0.0;0.0;0.0
bn:00059228n;9831;9836;option;0.0;0.0;0.0
bn:00016413n;9854;9857;type;0.0;0.0;0.0
bn:03157691n;9859;9866;checkbox;1.0;0.00017525432170779177;0.08882521489971347
bn:00034265n;9873;9877;champ;0.0;0.0;0.0
bn:00016413n;9920;9923;type;0.0;0.0;0.0
bn:03157691n;9925;9932;checkbox;1.0;0.00017525432170779177;0.08882521489971347
bn:00034265n;9939;9943;champ;0.0;0.0;0.0
bn:00016413n;9986;9989;type;0.0;0.0;0.0
bn:00065899n;9991;9995;radio;0.9147659063625451;0.001656870882646865;0.25787965616045844
bn:00034265n;10002;10006;champ;0.0;0.0;0.0
bn:00065899n;10019;10023;radio;0.9147659063625451;0.001656870882646865;0.25787965616045844
bn:00016413n;10034;10037;type;0.0;0.0;0.0
bn:00065899n;10039;10043;radio;0.9147659063625451;0.001656870882646865;0.25787965616045844
bn:00034265n;10050;10054;champ;0.0;0.0;0.0
bn:00065899n;10067;10071;radio;0.9147659063625451;0.001656870882646865;0.25787965616045844
bn:00016413n;10082;10085;type;0.0;0.0;0.0
bn:00065899n;10087;10091;radio;0.9147659063625451;0.001656870882646865;0.25787965616045844
bn:00034265n;10098;10102;champ;0.0;0.0;0.0
bn:00065899n;10115;10119;radio;0.9147659063625451;0.001656870882646865;0.25787965616045844
bn:00016413n;10130;10133;type;0.0;0.0;0.0
bn:00074932n;10147;10156;soumission;0.0;0.0;0.0
bn:00094538v;10164;10172;soumettre;0.0;0.0;0.0
bn:00054378n;10179;10182;test;0.0;0.0;0.0
bn:01753580n;10184;10186;php;1.0;0.008261740952368804;0.46131805157593125
bn:00034265n;10188;10192;champ;0.0;0.0;0.0
bn:00076732n;10194;10198;texte;0.809600150886458;0.00248893027603208;0.28939828080229224
bn:00034265n;10200;10204;champ;0.0;0.0;0.0
bn:00076732n;10206;10210;texte;0.809600150886458;0.00248893027603208;0.28939828080229224
bn:00034265n;10212;10216;champ;0.0;0.0;0.0
bn:00059228n;10218;10223;option;0.0;0.0;0.0
bn:00034265n;10225;10229;champ;0.0;0.0;0.0
bn:00034265n;10236;10240;champ;0.0;0.0;0.0
bn:00034265n;10247;10251;champ;0.0;0.0;0.0
bn:00074932n;10258;10267;soumission;0.0;0.0;0.0
bn:00094538v;10269;10277;soumettre;0.0;0.0;0.0
bn:00032100n;10279;10285;exemple;0.0;0.0;0.0
bn:00019621n;10287;10298;récupération;0.0;0.0;0.0
bn:00017985n;10306;10317;vérification;0.0;0.0;0.0
bn:00009676n;10319;10327;existence;0.8666946509954425;0.00209507916595758;0.27793696275071633
bn:00113501a;10329;10336;variable;0.0;0.0;0.0
bn:00007020n;10350;10358;attention;0.0;0.0;0.0
bn:00083225v;10360;10366;contenu;0.0;0.0;0.0
bn:00076925n;10368;10373;choses;0.0;0.0;0.0
bn:00107028a;10384;10393;nombreuses;0.0;0.0;0.0
bn:00012898n;10395;10401;failles;0.8994594594594595;0.00012060512461611476;0.07449856733524356
bn:00087107v;10403;10406;fait;0.0;0.0;0.0
bn:00007020n;10408;10416;attention;0.0;0.0;0.0
bn:00027675n;10418;10426;affichage;0.0;0.0;0.0
bn:00096798a;10428;10431;tous;1.0;8.668493331783248e-05;0.0659025787965616
bn:00034265n;10433;10438;champs;0.0;0.0;0.0
bn:14352118n;10450;10459;formulaire;0.0;0.0;0.0
bn:00034265n;10474;10478;champ;0.0;0.0;0.0
bn:00034265n;10496;10500;champ;0.0;0.0;0.0
bn:00034265n;10518;10522;champ;0.0;0.0;0.0
bn:00034265n;10547;10551;champ;0.0;0.0;0.0
bn:00034265n;10570;10574;champ;0.0;0.0;0.0
bn:00034265n;10594;10598;champ;0.0;0.0;0.0
bn:00034265n;10613;10617;champ;0.0;0.0;0.0
bn:00029621n;10622;10625;echo;0.0;0.0;0.0
bn:00036836n;10636;10650;fonctionnalités;1.0;0.0002029413154598085;0.08022922636103152
bn:00111488a;10652;10666;supplémentaires;0.0;0.0;0.0
bn:00025336n;10668;10671;date;0.0;0.0;0.0
bn:00000127n;10673;10677;heure;0.0;0.0;0.0
bn:00089884v;10679;10687;retourner;0.0;0.0;0.0
bn:00025336n;10689;10692;date;0.0;0.0;0.0
bn:00107963a;10694;10701;courante;0.9254498714652957;5.218490968966504e-05;0.05157593123209169
bn:00074685n;10703;10708;chaîne;0.7576919869924122;0.003951702286249885;0.335243553008596
bn:00017748n;10710;10719;caractères;0.0;0.0;0.0
bn:03482967n;10721;10726;chaine;0.7448453608247423;4.1892885834203324e-05;0.04871060171919771
bn:00025336n;10728;10731;date;0.0;0.0;0.0
bn:01156328n;10733;10738;format;0.0;0.0;0.0
bn:00058285n;10740;10745;nombre;0.8708364690470217;0.009057850741301138;0.4498567335243553
bn:03482967n;10749;10754;chaine;0.7448453608247423;4.1892885834203324e-05;0.04871060171919771
bn:00025336n;10756;10759;date;0.0;0.0;0.0
bn:00089884v;10761;10768;retourne;0.0;0.0;0.0
bn:00011012n;10779;10785;tableau;0.0;0.0;0.0
bn:03848413n;10779;10796;tableau associatif;0.0;0.0;0.0
bn:00097619a;10787;10796;associatif;1.0;2.3193293195406685e-06;0.011461318051575931
bn:00011012n;10802;10808;tableau;0.0;0.0;0.0
bn:00058285n;10818;10823;nombre;0.8529565098093017;0.009012333903405152;0.4498567335243553
bn:00017985n;10825;10836;vérification;0.0;0.0;0.0
bn:01651507n;10838;10845;validité;0.0;0.0;0.0
bn:00025336n;10847;10850;date;0.0;0.0;0.0
bn:00014710n;10864;10867;mois;0.0;0.0;0.0
bn:00000086n;10869;10872;jour;0.7704280155642024;0.0006888408079035785;0.13753581661891118
bn:00006662n;10874;10878;année;0.0;0.0;0.0
bn:00024131n;10880;10886;cookies;0.0;0.0;0.0
bn:00092123v;10888;10893;écrire;0.0;0.0;0.0
bn:00024131n;10895;10901;cookies;0.0;0.0;0.0
bn:00036821n;10903;10910;fonction;0.0;0.0;0.0
bn:00066712n;10936;10940;salut;0.0;0.0;0.0
bn:03389905n;10942;10945;time;0.786046511627907;9.799166375059324e-05;0.07449856733524356
bn:00068672n;10959;10966;secondes;0.7955016277005031;0.001168941977048497;0.20630372492836677
bn:00101350a;10968;10976;différent;0.0;0.0;0.0
bn:00055423n;10978;10987;javascript;1.0;0.008320448975769676;0.45558739255014324
bn:00087823v;10989;10996;exécuter;0.0;0.0;0.0
bn:00114403r;11004;11007;tout;0.0;0.0;0.0
bn:00101268a;11009;11013;autre;0.0;0.0;0.0
bn:00031082n;11015;11019;envoi;0.0;0.0;0.0
bn:00044916n;11026;11032;serveur;0.8188534473309218;0.0054144742964676905;0.46131805157593125
bn:00031082n;11034;11039;envoyé;0.952755905511811;1.7539927979026303e-05;0.03151862464183381
bn:00024131n;11048;11053;cookie;0.0;0.0;0.0
bn:00116350r;11055;11057;non;0.0;0.0;0.0
bn:00110277a;11059;11065;visible;0.0;0.0;0.0
bn:00097396a;11073;11080;prochain;0.0;0.0;0.0
bn:00051677n;11082;11091;chargement;0.0;0.0;0.0
bn:00060158n;11093;11096;page;0.0;0.0;0.0
bn:00066372n;11098;11104;lecture;0.0;0.0;0.0
bn:00024131n;11108;11113;cookie;0.0;0.0;0.0
bn:00066712n;11153;11157;salut;0.0;0.0;0.0
bn:03389905n;11159;11162;time;0.7549096622152396;0.00014182098738103123;0.09451219512195122
bn:00024131n;11173;11178;cookie;0.0;0.0;0.0
bn:00029621n;11194;11197;echo;0.0;0.0;0.0
bn:00024131n;11199;11204;cookie;0.0;0.0;0.0
bn:00116350r;11206;11208;non;0.0;0.0;0.0
bn:00086464v;11210;11215;défini;0.0;0.0;0.0
bn:00012593n;11217;11218;br;1.0;1.4757646969930408e-07;0.003048780487804878
bn:00024131n;11230;11235;cookie;0.0;0.0;0.0
bn:00012593n;11251;11252;br;1.0;1.4757646969930408e-07;0.003048780487804878
bn:00070689n;11254;11261;sessions;0.0;0.0;0.0
bn:00030721n;11263;11270;objectif;0.0;0.0;0.0
bn:00088428v;11272;11277;garder;0.7745504840940526;0.00016528564606322057;0.0975609756097561
bn:00025314n;11279;11285;données;0.8793329610244555;0.009991812457461082;0.5914634146341463
bn:00086008v;11313;11316;crée;0.0;0.0;0.0
bn:00107267a;11318;11325;nouvelle;0.0;0.0;0.0
bn:00070689n;11327;11333;session;0.0;0.0;0.0
bn:00070689n;11342;11348;session;0.0;0.0;0.0
bn:00114245r;11350;11353;déjà;0.0;0.0;0.0
bn:00070689n;11365;11371;session;0.0;0.0;0.0
bn:00056758n;11373;11375;nom;0.0;0.0;0.0
bn:00029680n;11377;11382;valeur;0.0;0.0;0.0
bn:00082537v;11384;11389;permet;0.0;0.0;0.0
bn:00086008v;11391;11395;créer;0.0;0.0;0.0
bn:00113503a;11397;11404;variable;0.7097791798107256;6.640941136468684e-05;0.054878048780487805
bn:00070689n;11406;11412;session;0.0;0.0;0.0
bn:00070689n;11414;11420;session;0.0;0.0;0.0
bn:00084204v;11430;11436;détruit;0.879492600422833;6.13918113949105e-05;0.04878048780487805
bn:00070689n;11438;11444;session;0.0;0.0;0.0
bn:00023310n;11446;11450;cours;0.0;0.0;0.0
bn:00070689n;11452;11458;session;0.0;0.0;0.0
bn:00070689n;11466;11472;session;0.0;0.0;0.0
bn:00113503a;11474;11481;variable;0.7097791798107256;6.640941136468684e-05;0.054878048780487805
bn:00070689n;11483;11490;sessions;0.0;0.0;0.0
bn:00032100n;11492;11498;exemple;0.0;0.0;0.0
bn:00011776n;11505;11508;body;0.7426326129666012;0.00011156781109267388;0.06402439024390244
bn:01500184n;11522;11525;post;0.9997207873795896;0.0010567950995167166;0.2347560975609756
bn:00001130n;11527;11532;action;0.0;0.0;0.0
bn:00054378n;11534;11537;test;0.0;0.0;0.0
bn:01753580n;11539;11541;php;1.0;0.0081006199982645;0.5213414634146342
bn:00075813n;11543;11547;table;0.0;0.0;0.0
bn:05004918n;11549;11554;border;0.0;0.0;0.0
bn:03561884n;11556;11557;tr;1.0;0.00027286889247401326;0.13109756097560976
bn:00056758n;11562;11564;nom;0.0;0.0;0.0
bn:00016413n;11578;11581;type;0.0;0.0;0.0
bn:14981519n;11583;11586;text;1.0;0.00030548329227755947;0.13719512195121952
bn:00056758n;11593;11595;nom;0.0;0.0;0.0
bn:03561884n;11613;11614;tr;1.0;0.00027286889247401326;0.13109756097560976
bn:03561884n;11616;11617;tr;1.0;0.00027286889247401326;0.13109756097560976
bn:00034788n;11622;11627;prénom;0.0;0.0;0.0
bn:00016413n;11641;11644;type;0.0;0.0;0.0
bn:14981519n;11646;11649;text;1.0;0.00030548329227755947;0.13719512195121952
bn:03561884n;11677;11678;tr;1.0;0.00027286889247401326;0.13109756097560976
bn:03561884n;11680;11681;tr;1.0;0.00027286889247401326;0.13109756097560976
bn:02499134n;11686;11690;email;0.0;0.0;0.0
bn:00016413n;11704;11707;type;0.0;0.0;0.0
bn:14981519n;11709;11712;text;1.0;0.00030548329227755947;0.13719512195121952
bn:02499134n;11719;11723;email;0.0;0.0;0.0
bn:03561884n;11741;11742;tr;1.0;0.00027286889247401326;0.13109756097560976
bn:03561884n;11744;11745;tr;1.0;0.00027286889247401326;0.13109756097560976
bn:00016413n;11764;11767;type;0.0;0.0;0.0
bn:00094538v;11781;11789;soumettre;0.0;0.0;0.0
bn:00093485v;11797;11803;envoyer;0.0;0.0;0.0
bn:03561884n;11808;11809;tr;1.0;0.00027286889247401326;0.13109756097560976
bn:00075813n;11811;11815;table;0.0;0.0;0.0
bn:00011776n;11822;11825;body;0.7426326129666012;0.00011156781109267388;0.06402439024390244
bn:00070689n;11832;11839;sessions;0.0;0.0;0.0
bn:00032100n;11841;11847;exemple;0.0;0.0;0.0
bn:00054378n;11849;11852;test;0.0;0.0;0.0
bn:01753580n;11854;11856;php;1.0;0.0081006199982645;0.5213414634146342
bn:01753580n;11858;11860;php;1.0;0.0081006199982645;0.5213414634146342
bn:00070689n;11862;11868;session;0.0;0.0;0.0
bn:00070689n;11876;11882;session;0.0;0.0;0.0
bn:00056758n;11884;11886;nom;0.0;0.0;0.0
bn:00056758n;11893;11895;nom;0.0;0.0;0.0
bn:00070689n;11897;11903;session;0.0;0.0;0.0
bn:01500184n;11912;11915;post;0.9997207873795896;0.0010567950995167166;0.2347560975609756
bn:00070689n;11924;11930;session;0.0;0.0;0.0
bn:02499134n;11932;11936;email;0.0;0.0;0.0
bn:02499134n;11943;11947;email;0.0;0.0;0.0
bn:00070689n;11949;11956;sessions;0.0;0.0;0.0
bn:00032100n;11958;11964;exemple;0.0;0.0;0.0
bn:00070689n;11966;11972;session;0.0;0.0;0.0
bn:01753580n;11974;11976;php;1.0;0.0081006199982645;0.5213414634146342
bn:00011776n;11983;11986;body;0.7426326129666012;0.00011156781109267388;0.06402439024390244
bn:01753580n;11988;11990;php;1.0;0.0081006199982645;0.5213414634146342
bn:00070689n;11992;11998;session;0.0;0.0;0.0
bn:00029621n;12006;12009;echo;0.0;0.0;0.0
bn:00089574v;12011;12021;identifiant;0.0;0.0;0.0
bn:00070689n;12023;12029;session;0.0;0.0;0.0
bn:03885719n;12031;12032;id;0.9340485957715368;0.0013104790509298203;0.22560975609756098
bn:00012593n;12034;12035;br;1.0;1.4757646969930408e-07;0.003048780487804878
bn:00029621n;12037;12040;echo;0.0;0.0;0.0
bn:00056758n;12042;12044;nom;0.0;0.0;0.0
bn:00070689n;12046;12052;session;0.0;0.0;0.0
bn:00070689n;12054;12060;session;0.0;0.0;0.0
bn:00029621n;12070;12073;echo;0.0;0.0;0.0
bn:00056758n;12075;12077;nom;0.0;0.0;0.0
bn:00070689n;12079;12085;session;0.0;0.0;0.0
bn:00056758n;12087;12089;nom;0.0;0.0;0.0
bn:00012593n;12091;12092;br;1.0;1.4757646969930408e-07;0.003048780487804878
bn:00029621n;12094;12097;echo;0.0;0.0;0.0
bn:00034788n;12099;12104;prénom;0.0;0.0;0.0
bn:00070689n;12106;12112;session;0.0;0.0;0.0
bn:00012593n;12121;12122;br;1.0;1.4757646969930408e-07;0.003048780487804878
bn:00029621n;12124;12127;echo;0.0;0.0;0.0
bn:00070689n;12134;12140;session;0.0;0.0;0.0
bn:02499134n;12142;12146;email;0.0;0.0;0.0
bn:00012593n;12148;12149;br;1.0;1.4757646969930408e-07;0.003048780487804878
bn:00070689n;12151;12157;session;0.0;0.0;0.0
bn:00011776n;12167;12170;body;0.7426326129666012;0.00011156781109267388;0.06402439024390244
bn:00093485v;12177;12183;envoyer;0.0;0.0;0.0
bn:02499134n;12185;12190;emails;0.0;0.0;0.0
bn:00036821n;12192;12199;fonction;0.0;0.0;0.0
bn:13865112n;12211;12219;recipient;0.8666666666666667;6.13918113949105e-05;0.04878048780487805
bn:00521573n;12229;12235;message;0.8776772420112243;0.0011308784873057672;0.24085365853658536
bn:00082822v;12254;12262;nécessite;0.0;0.0;0.0
bn:00044916n;12264;12270;serveur;0.7306549163545096;0.011427879084105011;0.6432926829268293
bn:17354271n;12264;12275;serveur mail;1.0;0.0001875696929878155;0.09451219512195122
bn:00103574a;12277;12286;accessible;0.0;0.0;0.0
bn:00044916n;12288;12294;serveur;0.7306549163545096;0.011427879084105011;0.6432926829268293
bn:01753580n;12298;12300;php;1.0;0.0081006199982645;0.5213414634146342
bn:00054378n;12323;12326;test;0.0;0.0;0.0
bn:00103601a;12328;12334;content;0.0;0.0;0.0
bn:00043620n;12336;12342;bonjour;0.0;0.0;0.0
bn:04760480n;12344;12350;content;1.0;1.4757646969930408e-07;0.003048780487804878
bn:00521573n;12357;12363;message;0.8776772420112243;0.0011308784873057672;0.24085365853658536
bn:00054378n;12365;12368;test;0.0;0.0;0.0
bn:04760480n;12370;12376;content;1.0;1.4757646969930408e-07;0.003048780487804878
bn:00103601a;12403;12409;content;0.0;0.0;0.0
bn:00016413n;12411;12414;type;0.0;0.0;0.0
bn:14981519n;12416;12419;text;1.0;0.00030548329227755947;0.13719512195121952
bn:00016913n;12446;12447;cc;1.0;1.4757646969930408e-07;0.003048780487804878
bn:04760480n;12471;12477;content;1.0;1.4757646969930408e-07;0.003048780487804878
bn:00086008v;12487;12491;créer;0.0;0.0;0.0
bn:00101268a;12493;12497;autre;0.0;0.0;0.0
bn:00076925n;12499;12503;chose;0.0;0.0;0.0
bn:01753580n;12510;12512;php;1.0;0.0081006199982645;0.5213414634146342
bn:13601970v;12514;12517;peut;0.0;0.0;0.0
bn:00086008v;12519;12523;créer;0.0;0.0;0.0
bn:00101268a;12525;12529;autre;0.0;0.0;0.0
bn:00076925n;12531;12535;chose;0.0;0.0;0.0
bn:00045772n;12544;12549;images;0.0;0.0;0.0
bn:00041551n;12551;12555;grand;0.0;0.0;0.0
bn:00018661n;12557;12561;choix;0.0;0.0;0.0
bn:00021475n;12595;12602;fichiers;0.9502155650842982;0.012002099127705003;0.6341463414634146
bn:01745594n;12604;12606;pdf;1.0;0.0022645609275358212;0.3018292682926829
bn:00012141n;12608;12616;librairie;0.0;0.0;0.0
bn:02534750n;12628;12631;word;1.0;2.125101163669979e-05;0.036585365853658534
bn:00022064n;12646;12655;limitation;0.8823529411764706;4.427294090979123e-06;0.01524390243902439
bn:00088429v;12657;12662;suffit;0.7619047619047619;1.1806117575944327e-05;0.024390243902439025
bn:00082811v;12664;12669;savoir;0.8903365906623235;0.0002420254103068587;0.12195121951219512
bn:00003570n;12671;12677;comment;0.9642857142857143;1.5938258727524843e-05;0.027439024390243903
bn:00090884v;12679;12686;modifier;0.0;0.0;0.0
bn:00043309n;12695;12700;header;1.0;0.000586764043524433;0.17073170731707318
bn:00087013v;12706;12713;afficher;0.0;0.0;0.0
bn:00083225v;12715;12721;contenu;0.0;0.0;0.0
bn:00043309n;12729;12734;header;1.0;0.000586764043524433;0.17073170731707318
bn:00103601a;12736;12742;content;0.0;0.0;0.0
bn:00016413n;12744;12747;type;0.0;0.0;0.0
bn:00045772n;12749;12753;image;0.0;0.0;0.0
bn:00054378n;12781;12784;test;0.0;0.0;0.0
bn:01753580n;12820;12822;php;1.0;0.0081006199982645;0.5213414634146342
bn:00008786n;12830;12834;bases;0.0;0.0;0.0
bn:00025314n;12836;12842;données;0.8793329610244555;0.009991812457461082;0.5914634146341463
bn:00064213n;12844;12855;présentation;0.0;0.0;0.0
bn:00055423n;12862;12871;javascript;1.0;0.007537025460482859;0.5121951219512195
bn:00013447n;12875;12884;navigateur;0.9999294267096379;0.012545770842077239;0.6463414634146342
bn:01387235n;12889;12895;firefox;0.9999400865748993;0.009852057540655842;0.5701219512195121
bn:00047235n;12908;12918;traitements;0.0;0.0;0.0
bn:00023652n;12920;12927;création;0.0;0.0;0.0
bn:00060158n;12929;12932;page;0.0;0.0;0.0
bn:01862131n;12954;12956;cgi;1.0;1.4757646969930408e-07;0.003048780487804878
bn:00044916n;12960;12966;serveur;0.7306549163545096;0.011427879084105011;0.6432926829268293
bn:02705179n;12960;12970;serveur web;0.9094511086877499;0.003692215695406889;0.3871951219512195
bn:00080772n;12968;12970;web;0.7250641788241187;0.01196254863382559;0.6402439024390244
bn:00045907n;12979;12981;iis;1.0;5.903058787972163e-07;0.006097560975609756
bn:00025314n;12987;12993;données;0.8793329610244555;0.009991812457461082;0.5914634146341463
bn:00075813n;12995;13000;tables;0.0;0.0;0.0
bn:00044916n;13006;13012;serveur;0.7306549163545096;0.011427879084105011;0.6432926829268293
bn:00007708n;13014;13015;bd;0.0;0.0;0.0
bn:02744817n;13017;13022;access;1.0;6.508122313739311e-05;0.06402439024390244
bn:00008786n;13050;13054;bases;0.0;0.0;0.0
bn:00025314n;13056;13062;données;0.8793329610244555;0.009991812457461082;0.5914634146341463
bn:01753580n;13064;13066;php;1.0;0.0081006199982645;0.5213414634146342
bn:00082537v;13068;13073;permet;0.0;0.0;0.0
bn:00095812v;13075;13084;travailler;0.0;0.0;0.0
bn:00050555n;13097;13103;plupart;1.0;1.7856752833615793e-05;0.03353658536585366
bn:00036821n;13123;13131;fonctions;0.0;0.0;0.0
bn:00102401a;13133;13144;essentielles;0.0;0.0;0.0
bn:01257629n;13167;13172;sybase;1.0;0.0008664214536046143;0.17378048780487804
bn:01165400n;13174;13182;microsoft;1.0;0.012735701758580244;0.6432926829268293
bn:00605043n;13174;13193;microsoft sql server;1.0;0.0022011030455651205;0.2896341463414634
bn:00605043n;13184;13193;sql server;1.0;0.0022011030455651205;0.2896341463414634
bn:01709156n;13195;13204;postgresql;1.0;0.0016599401311777724;0.22560975609756098
bn:00101268a;13206;13211;autres;0.0;0.0;0.0
bn:00016401n;13213;13215;cas;0.0;0.0;0.0
bn:13601970v;13217;13220;peut;0.0;0.0;0.0
bn:00082705v;13222;13229;utiliser;0.0;0.0;0.0
bn:00111001a;13239;13249;spécifiques;0.0;0.0;0.0
bn:00021901n;13251;13259;connexion;0.0;0.0;0.0
bn:00044916n;13261;13267;serveur;0.7306549163545096;0.011427879084105011;0.6432926829268293
bn:00019966n;13269;13277;exécution;0.0;0.0;0.0
bn:00006362n;13279;13285;requête;0.0;0.0;0.0
bn:00053116n;13291;13297;gestion;0.0;0.0;0.0
bn:00021961n;13299;13307;résultats;0.0;0.0;0.0
bn:00093013v;13309;13310;va;0.0;0.0;0.0
bn:00093430v;13312;13315;voir;0.0;0.0;0.0
bn:00036838n;13317;13330;fonctionnement;0.7304710793082886;0.00018078117538164752;0.10670731707317073
bn:01753580n;13332;13334;php;1.0;0.0081006199982645;0.5213414634146342
bn:01753580n;13332;13347;php data objects;1.0;0.0081006199982645;0.5213414634146342
bn:00104928a;13351;13361;indépendant;0.0;0.0;0.0
bn:00116535r;13363;13375;partiellement;1.0;2.9515293939860816e-07;0.003048780487804878
bn:00082705v;13382;13388;utilisé;0.0;0.0;0.0
bn:01753580n;13396;13398;php;1.0;0.0081006199982645;0.5213414634146342
bn:00021901n;13400;13408;connexion;0.0;0.0;0.0
bn:00021901n;13410;13418;connexion;0.0;0.0;0.0
bn:00023652n;13420;13427;création;0.0;0.0;0.0
bn:00058442n;13429;13433;objet;0.0;0.0;0.0
bn:00082338v;13447;13453;adresse;0.7322743122820612;0.0005578390554633694;0.18292682926829268
bn:00008786n;13455;13458;base;0.0;0.0;0.0
bn:00056758n;13460;13462;nom;0.0;0.0;0.0
bn:00075813n;13464;13468;table;0.0;0.0;0.0
bn:00056758n;13470;13472;nom;0.0;0.0;0.0
bn:00079373n;13474;13484;utilisateur;0.8800425758382118;0.0024403245029476924;0.3231707317073171
bn:00071918n;13490;13494;passe;0.0;0.0;0.0
bn:00026163n;13508;13518;destruction;0.0;0.0;0.0
bn:00058442n;13520;13524;objet;0.0;0.0;0.0
bn:00032579n;13530;13538;ouverture;0.0;0.0;0.0
bn:00021901n;13540;13548;connexion;0.0;0.0;0.0
bn:01846442n;13568;13571;host;0.9995363931386184;0.00031817486867169963;0.13414634146341464
bn:00042918n;13573;13576;port;0.0;0.0;0.0
bn:00054378n;13585;13588;test;0.0;0.0;0.0
bn:00168023n;13590;13593;root;0.9943609022556391;0.00031227180988372744;0.1402439024390244
bn:16858148n;13595;13603;fermeture;0.9655172413793104;0.0006570104431013018;0.16158536585365854
bn:00021901n;13605;13613;connexion;0.0;0.0;0.0
bn:00032118n;13630;13638;exception;0.9012875536480687;6.198211727370772e-05;0.042682926829268296
bn:00031485n;13646;13651;erreur;0.0;0.0;0.0
bn:01225760n;13666;13670;mysql;1.0;0.004589333054708959;0.4451219512195122
bn:01753580n;13672;13674;php;1.0;0.0081006199982645;0.5213414634146342
bn:00006362n;13676;13683;requêtes;0.0;0.0;0.0
bn:00054625n;13685;13691;méthode;0.0;0.0;0.0
bn:00067280n;13699;13708;recherches;0.0;0.0;0.0
bn:00054625n;13710;13716;méthode;0.0;0.0;0.0
bn:15669055n;13718;13721;exec;1.0;0.00017059839897239554;0.10365853658536585
bn:00001410n;13723;13735;modifications;0.0;0.0;0.0
bn:02539565n;13741;13750;libération;0.8535353535353535;2.4940423379182392e-05;0.039634146341463415
bn:00067352n;13752;13761;ressources;0.0;0.0;0.0
bn:01846442n;13795;13798;host;0.9995363931386184;0.00031817486867169963;0.13414634146341464
bn:00054378n;13807;13810;test;0.0;0.0;0.0
bn:00168023n;13812;13815;root;0.9943609022556391;0.00031227180988372744;0.1402439024390244
bn:00054378n;13847;13850;test;0.0;0.0;0.0
bn:00056690n;13852;13853;nb;1.0;4.515839972798705e-05;0.051829268292682924
bn:15669055n;13866;13869;exec;1.0;0.00017059839897239554;0.10365853658536585
bn:00054378n;13878;13881;test;0.0;0.0;0.0
bn:04928161n;13883;13885;set;0.7906724511930586;0.00010758324641079268;0.08231707317073171
bn:00054378n;13887;13890;test;0.0;0.0;0.0
bn:03885719n;13892;13893;id;0.9340485957715368;0.0013104790509298203;0.22560975609756098
bn:15898583n;13919;13922;null;0.7505192107995846;0.00042664357390068814;0.14939024390243902
bn:01753580n;13930;13932;php;1.0;0.0081006199982645;0.5213414634146342
bn:00047235n;13934;13943;traitement;0.0;0.0;0.0
bn:00058285n;13947;13952;nombre;0.7011514154618648;0.0023904436561893276;0.2774390243902439
bn:00004451n;13954;13961;réponses;0.0;0.0;0.0
bn:00047235n;13976;13985;traitement;0.0;0.0;0.0
bn:00004451n;13987;13994;réponses;0.0;0.0;0.0
bn:00089884v;14002;14009;retourne;0.0;0.0;0.0
bn:00021961n;14011;14019;résultats;0.0;0.0;0.0
bn:00089884v;14032;14039;retourne;0.0;0.0;0.0
bn:00011012n;14041;14047;tableau;0.0;0.0;0.0
bn:00021961n;14054;14062;résultats;0.0;0.0;0.0
bn:00029621n;14112;14115;echo;0.0;0.0;0.0
bn:00054378n;14125;14128;test;0.0;0.0;0.0
bn:00054378n;14141;14144;test;0.0;0.0;0.0
bn:00079476n;14146;14148;val;1.0;2.302192927309144e-05;0.036585365853658534
bn:00012593n;14150;14151;br;1.0;1.4757646969930408e-07;0.003048780487804878
bn:00021961n;14169;14176;résultat;0.0;0.0;0.0
bn:00012593n;14178;14179;br;1.0;1.4757646969930408e-07;0.003048780487804878
bn:01753580n;14187;14189;php;1.0;0.0081006199982645;0.5213414634146342
bn:00032100n;14191;14197;exemple;0.0;0.0;0.0
bn:00011776n;14204;14207;body;0.7426326129666012;0.00011156781109267388;0.06402439024390244
bn:15206318n;14209;14210;ul;0.0;0.0;0.0
bn:01846442n;14238;14241;host;0.9995363931386184;0.00031817486867169963;0.13414634146341464
bn:00054378n;14250;14253;test;0.0;0.0;0.0
bn:00054378n;14301;14304;test;0.0;0.0;0.0
bn:00054378n;14312;14315;test;0.0;0.0;0.0
bn:00029621n;14371;14374;echo;0.0;0.0;0.0
bn:00054378n;14387;14390;test;0.0;0.0;0.0
bn:00054378n;14403;14406;test;0.0;0.0;0.0
bn:00079476n;14408;14410;val;1.0;2.302192927309144e-05;0.036585365853658534
bn:00021961n;14434;14441;résultat;0.0;0.0;0.0
bn:00032118n;14481;14489;exception;0.9012875536480687;6.198211727370772e-05;0.042682926829268296
bn:00031485n;14497;14502;erreur;0.0;0.0;0.0
bn:15206318n;14517;14518;ul;0.0;0.0;0.0
bn:00011776n;14520;14523;body;0.7426326129666012;0.00011156781109267388;0.06402439024390244
bn:00068799n;14530;14537;sécurité;0.0;0.0;0.0
bn:00091458v;14539;14543;passe;0.0;0.0;0.0
bn:00075813n;14571;14575;table;0.0;0.0;0.0
bn:00054378n;14577;14580;test;0.0;0.0;0.0
bn:00054378n;14623;14626;test;0.0;0.0;0.0
bn:00054378n;14634;14637;test;0.0;0.0;0.0
bn:00054378n;14657;14660;test;0.0;0.0;0.0
bn:00054378n;14668;14671;test;0.0;0.0;0.0
bn:00054378n;14688;14691;test;0.0;0.0;0.0
bn:00054378n;14699;14702;test;0.0;0.0;0.0
bn:03885719n;14704;14705;id;0.9340485957715368;0.0013104790509298203;0.22560975609756098
bn:00054378n;14722;14725;test;0.0;0.0;0.0
bn:00054378n;14733;14736;test;0.0;0.0;0.0
bn:04706477n;14741;14744;drop;1.0;2.9515293939860816e-07;0.003048780487804878
bn:00075813n;14746;14750;table;0.0;0.0;0.0
bn:00054378n;14752;14755;test;0.0;0.0;0.0
bn:00006362n;14757;14764;requêtes;0.0;0.0;0.0
bn:00064167n;14775;14785;préparation;0.0;0.0;0.0
bn:00006362n;14787;14794;requêtes;0.0;0.0;0.0
bn:00037689n;14796;14805;génériques;0.0;0.0;0.0
bn:00005603n;14833;14841;arguments;0.7151341388490682;0.0017463837678329812;0.2236024844720497
bn:00115880r;14843;14846;plus;0.0;0.0;0.0
bn:00107791a;14865;14874;précédente;0.0;0.0;0.0
bn:00016287n;14876;14879;mise;0.9475512905360688;0.0014320646962169936;0.21428571428571427
bn:00014484n;14881;14885;cache;0.9987193560190267;0.004095149909192545;0.3198757763975155
bn:00115880r;14887;14890;plus;0.0;0.0;0.0
bn:00108815a;14892;14899;portable;0.0;0.0;0.0
bn:00099802a;14901;14905;clair;0.0;0.0;0.0
bn:00082705v;14907;14914;utiliser;0.0;0.0;0.0
bn:04726979n;14916;14918;req;1.0;2.2504945461765223e-06;0.009316770186335404
bn:00054378n;14939;14942;test;0.0;0.0;0.0
bn:03885719n;14944;14945;id;0.8527827648114902;0.000712656606289232;0.15527950310559005
bn:00054378n;14947;14950;test;0.0;0.0;0.0
bn:00079476n;14952;14954;val;1.0;0.00011402505700627713;0.059006211180124224
bn:00054378n;14961;14964;test;0.0;0.0;0.0
bn:00054378n;14972;14975;test;0.0;0.0;0.0
bn:00054378n;14984;14987;test;0.0;0.0;0.0
bn:00079476n;14989;14991;val;1.0;0.00011402505700627713;0.059006211180124224
bn:04726979n;14993;14995;req;1.0;2.2504945461765223e-06;0.009316770186335404
bn:00020977n;15013;15021;remarques;0.0;0.0;0.0
bn:00102969a;15023;15029;finales;0.9245283018867925;1.2252692529183289e-05;0.021739130434782608
bn:00086468v;15031;15037;limiter;0.0;0.0;0.0
bn:00106517a;15039;15045;maximum;1.0;3.750824243627537e-06;0.009316770186335404
bn:00109848a;15047;15052;droits;0.0;0.0;0.0
bn:00079373n;15054;15064;utilisateur;0.88706091596265;0.002993157746414775;0.2950310559006211
bn:00025314n;15066;15072;données;0.8120636482318885;0.010732358435766259;0.4503105590062112
bn:00019764n;15085;15090;client;0.828926777036488;0.002516553012524502;0.22981366459627328
bn:00101187a;15092;15098;fiables;0.0;0.0;0.0
bn:03211312n;15106;15114;injection;0.8831596269884805;0.0004025884688160223;0.10869565217391304
bn:00055423n;15116;15125;javascript;1.0;0.007151571557849837;0.40372670807453415
bn:03211312n;15127;15135;injection;0.8831596269884805;0.0004025884688160223;0.10869565217391304
bn:00094868v;15137;15142;tenter;0.0;0.0;0.0
bn:00090224v;15146;15151;mettre;0.0;0.0;0.0
bn:00055423n;15153;15162;javascript;1.0;0.007151571557849837;0.40372670807453415
bn:00114251r;15182;15189;toujours;0.0;0.0;0.0
bn:00094890v;15191;15196;tester;0.0;0.0;0.0
bn:00009676n;15198;15206;existence;0.9837140019860973;0.0024770443304916257;0.2422360248447205
bn:01651507n;15208;15215;validité;0.0;0.0;0.0
bn:00021475n;15217;15223;fichier;0.9213256074648309;0.014591706527509421;0.5062111801242236
bn:00089662v;15230;15236;inclure;0.0;0.0;0.0
bn:00084662v;15238;15245;regarder;0.0;0.0;0.0
bn:00116424r;15247;15259;régulièrement;0.0;0.0;0.0
bn:00016413n;15278;15282;types;0.7452128308330285;0.00458350722571285;0.2919254658385093
bn:00025314n;15284;15290;données;0.8120636482318885;0.010732358435766259;0.4503105590062112
bn:14981519n;15310;15313;text;1.0;0.0005063612728897175;0.13975155279503104
bn:03603649n;15324;15332;timestamp;1.0;0.0007141569359866831;0.15838509316770186
bn:02324948n;15338;15341;enum;1.0;0.0002560562683649732;0.09937888198757763
bn:00070697n;15357;15364;ensemble;0.0;0.0;0.0
bn:00088052v;15366;15369;fixé;0.0;0.0;0.0
bn:00029680n;15371;15377;valeurs;0.0;0.0;0.0
bn:00025336n;15397;15400;date;0.0;0.0;0.0
bn:00000127n;15402;15406;heure;0.0;0.0;0.0
bn:00079165n;15416;15419;unix;1.0;0.01415336020090415;0.531055900621118
bn:00114047r;15437;15444;beaucoup;0.0;0.0;0.0
bn:00059127n;15459;15468;opérations;0.0;0.0;0.0
bn:00023652n;15470;15477;création;0.0;0.0;0.0
bn:00008786n;15479;15482;base;0.0;0.0;0.0
bn:00024147n;15503;15513;suppression;0.0;0.0;0.0
bn:00008786n;15515;15518;base;0.0;0.0;0.0
bn:00025333n;15540;15547;database;1.0;0.01835803417801062;0.5714285714285714
bn:00056758n;15549;15551;nom;0.0;0.0;0.0
bn:15683405n;15553;15554;bd;0.9373750832778148;0.0007036546281045259;0.13043478260869565
bn:00025333n;15556;15563;database;1.0;0.01835803417801062;0.5714285714285714
bn:00039869n;15565;15566;if;0.0;0.0;0.0
bn:00056758n;15575;15577;nom;0.0;0.0;0.0
bn:15683405n;15579;15580;bd;0.9373750832778148;0.0007036546281045259;0.13043478260869565
bn:00082954v;15589;15593;évite;0.0;0.0;0.0
bn:00031485n;15595;15600;erreur;0.0;0.0;0.0
bn:00008786n;15602;15605;base;0.0;0.0;0.0
bn:00083184v;15607;15612;existe;1.0;2.2504945461765223e-06;0.009316770186335404
bn:00030627n;15614;15624;utilisation;0.0;0.0;0.0
bn:00008786n;15626;15629;base;0.0;0.0;0.0
bn:00095687v;15639;15641;use;0.0;0.0;0.0
bn:00056758n;15643;15645;nom;0.0;0.0;0.0
bn:00008786n;15650;15653;base;0.0;0.0;0.0
bn:00011197n;15674;15679;défaut;0.0;0.0;0.0
bn:00059127n;15687;15696;opérations;0.0;0.0;0.0
bn:00075813n;15705;15709;table;0.0;0.0;0.0
bn:00082537v;15711;15716;permet;0.0;0.0;0.0
bn:00086008v;15718;15722;créer;0.0;0.0;0.0
bn:00107267a;15724;15731;nouvelle;0.0;0.0;0.0
bn:00075813n;15733;15737;table;0.0;0.0;0.0
bn:00008786n;15739;15742;base;0.0;0.0;0.0
bn:00025314n;15744;15750;données;0.8120636482318885;0.010732358435766259;0.4503105590062112
bn:00103325a;15752;15759;courante;0.0;0.0;0.0
bn:00075813n;15768;15772;table;0.0;0.0;0.0
bn:00034274n;15783;15787;champ;0.7570621468926554;0.002412530153501232;0.2236024844720497
bn:00007309n;15789;15792;auto;0.9106362311801846;0.002344265152267211;0.2329192546583851
bn:00022154n;15804;15810;contenu;0.0;0.0;0.0
bn:00114450r;15823;15837;automatiquement;0.0;0.0;0.0
bn:02234787n;15852;15860;insertion;0.9292604501607717;7.226588042722388e-05;0.052795031055900624
bn:15770009n;15870;15872;key;1.0;2.2504945461765223e-06;0.009316770186335404
bn:03542434n;15874;15876;clé;0.7073976221928666;0.0026780885099500617;0.21739130434782608
bn:00035811n;15878;15882;index;0.0;0.0;0.0
bn:00109012a;15884;15891;primaire;0.0;0.0;0.0
bn:00110682a;15893;15898;unique;0.0;0.0;0.0
bn:00075813n;15907;15911;table;0.0;0.0;0.0
bn:00054378n;15913;15916;test;0.0;0.0;0.0
bn:00054378n;15918;15921;test;0.0;0.0;0.0
bn:03885719n;15923;15924;id;0.8527827648114902;0.000712656606289232;0.15527950310559005
bn:00007309n;15939;15942;auto;0.9106362311801846;0.002344265152267211;0.2329192546583851
bn:00054378n;15966;15969;test;0.0;0.0;0.0
bn:00079476n;15971;15973;val;1.0;0.00011402505700627713;0.059006211180124224
bn:15898583n;15983;15986;null;0.8342161016949152;0.0007876730911617828;0.15527950310559005
bn:00059127n;15994;16003;opérations;0.0;0.0;0.0
bn:00024147n;16007;16017;suppression;0.0;0.0;0.0
bn:00075813n;16019;16023;table;0.0;0.0;0.0
bn:00075813n;16034;16038;table;0.0;0.0;0.0
bn:00003127n;16058;16065;modifier;1.0;5.601230870483789e-05;0.043478260869565216
bn:00022071n;16067;16075;structure;0.0;0.0;0.0
bn:00075813n;16077;16081;table;0.0;0.0;0.0
bn:00075813n;16101;16105;table;0.0;0.0;0.0
bn:00073184n;16122;16125;spec;1.0;8.75192323513092e-06;0.015527950310559006
bn:00073184n;16133;16136;spec;1.0;8.75192323513092e-06;0.015527950310559006
bn:01225760n;16138;16142;mysql;1.0;0.0049510880015883494;0.3416149068322981
bn:00059127n;16144;16153;opérations;0.0;0.0;0.0
bn:00087681v;16155;16161;insérer;0.0;0.0;0.0
bn:00107267a;16163;16170;nouveaux;0.0;0.0;0.0
bn:00017991n;16172;16185;enregistrement;0.0;0.0;0.0
bn:00006121n;16199;16205;article;0.0;0.0;0.0
bn:00034274n;16207;16211;champ;0.7570621468926554;0.002412530153501232;0.2236024844720497
bn:00034274n;16213;16217;champ;0.7570621468926554;0.002412530153501232;0.2236024844720497
bn:00054378n;16228;16231;test;0.0;0.0;0.0
bn:00092816v;16233;16241;remplacer;0.0;0.0;0.0
bn:00017991n;16243;16256;enregistrement;0.0;0.0;0.0
bn:00006121n;16271;16277;article;0.0;0.0;0.0
bn:00034274n;16279;16283;champ;0.7570621468926554;0.002412530153501232;0.2236024844720497
bn:00034274n;16285;16289;champ;0.7570621468926554;0.002412530153501232;0.2236024844720497
bn:00054378n;16300;16303;test;0.0;0.0;0.0
bn:00059127n;16311;16320;opérations;0.0;0.0;0.0
bn:00001410n;16322;16333;modification;0.0;0.0;0.0
bn:00029680n;16335;16341;valeurs;0.0;0.0;0.0
bn:00075813n;16350;16354;table;0.0;0.0;0.0
bn:15455143n;16365;16370;column;0.0;0.0;0.0
bn:16919748n;16388;16394;section;0.0;0.0;0.0
bn:00084856v;16396;16404;condition;0.0;0.0;0.0
bn:00024147n;16412;16422;suppression;0.0;0.0;0.0
bn:00017991n;16424;16438;enregistrements;0.0;0.0;0.0
bn:00941697n;16440;16445;delete;1.0;0.001395306618629444;0.18633540372670807
bn:00075813n;16452;16456;table;0.0;0.0;0.0
bn:00059127n;16486;16495;opérations;0.0;0.0;0.0
bn:00057001n;16497;16505;sélection;0.0;0.0;0.0
bn:00017991n;16507;16520;enregistrement;0.0;0.0;0.0
bn:00101602a;16529;16536;distinct;0.0;0.0;0.0
bn:00006386n;16542;16551;expression;0.0;0.0;0.0
bn:00057001n;16553;16561;selection;0.0;0.0;0.0
bn:00075813n;16568;16573;tables;0.0;0.0;0.0
bn:00006386n;16581;16590;expression;0.0;0.0;0.0
bn:00032100n;16660;16667;exemples;0.0;0.0;0.0
bn:00006121n;16681;16687;article;0.0;0.0;0.0
bn:00179783n;16719;16721;avg;1.0;0.00010002197983006765;0.062111801242236024
bn:00006121n;16736;16742;article;0.0;0.0;0.0
bn:00032100n;16760;16766;exemple;0.0;0.0;0.0
bn:00100162a;16768;16774;complet;0.0;0.0;0.0
bn:00110649a;16776;16781;simple;0.0;0.0;0.0
bn:00063584n;16796;16801;public;0.0;0.0;0.0
bn:15232677n;16805;16807;dtd;1.0;0.0008664404002779611;0.17080745341614906
bn:00045088n;16822;16825;http;0.9627020306672193;0.005808776478631179;0.35714285714285715
bn:02269311n;16833;16835;org;1.0;2.2004835562614885e-05;0.024844720496894408
bn:03561884n;16837;16838;tr;1.0;0.0004100901173032774;0.12422360248447205
bn:15232677n;16846;16848;dtd;1.0;0.0008664404002779611;0.17080745341614906
bn:01163644n;16850;16854;xhtml;1.0;0.0025805670796157456;0.2484472049689441
bn:15232677n;16863;16865;dtd;1.0;0.0008664404002779611;0.17080745341614906
bn:02338897n;16872;16875;head;0.9216589861751152;0.0001500329697451015;0.07453416149068323
bn:00047172n;16883;16886;site;0.9727699530516432;0.010103220182635134;0.45962732919254656
bn:00068915n;16888;16892;vente;0.0;0.0;0.0
bn:00014457n;16894;16898;ligne;0.0;0.0;0.0
bn:02338897n;16906;16909;head;0.9216589861751152;0.0001500329697451015;0.07453416149068323
bn:00011776n;16911;16914;body;0.876984126984127;0.00011052428771222476;0.052795031055900624
bn:00022129n;16923;16931;container;0.7060702875399361;0.00022104857542444952;0.08074534161490683
bn:01199383n;16933;16935;div;1.0;1.0002197983006766e-06;0.006211180124223602
bn:00043309n;16940;16945;header;1.0;0.0010769866678202536;0.18322981366459629
bn:15206318n;16947;16948;ul;0.0;0.0;0.0
bn:00021485n;16957;16960;menu;0.8627982646420824;0.0003978374247740941;0.11490683229813664
bn:00045513n;16965;16968;href;1.0;0.003436005062112399;0.2826086956521739
bn:00035811n;16970;16974;index;0.0;0.0;0.0
bn:01753580n;16976;16978;php;1.0;0.007780459756031388;0.3944099378881988
bn:00035811n;16980;16984;index;0.0;0.0;0.0
bn:00045513n;16992;16995;href;1.0;0.003436005062112399;0.2826086956521739
bn:00093455v;16997;17006;rechercher;0.0;0.0;0.0
bn:01753580n;17008;17010;php;1.0;0.007780459756031388;0.3944099378881988
bn:00093455v;17012;17021;rechercher;0.0;0.0;0.0
bn:00045513n;17029;17032;href;1.0;0.003436005062112399;0.2826086956521739
bn:02047722n;17034;17042;commander;1.0;4.000879193202706e-06;0.012422360248447204
bn:01753580n;17044;17046;php;1.0;0.007780459756031388;0.3944099378881988
bn:02047722n;17048;17056;commander;1.0;4.000879193202706e-06;0.012422360248447204
bn:15206318n;17061;17062;ul;0.0;0.0;0.0
bn:01199383n;17064;17066;div;1.0;1.0002197983006766e-06;0.006211180124223602
bn:00043309n;17068;17073;header;1.0;0.0010769866678202536;0.18322981366459629
bn:03885719n;17079;17080;id;0.8527827648114902;0.000712656606289232;0.15527950310559005
bn:00027675n;17087;17095;affichage;0.0;0.0;0.0
bn:00016652n;17097;17105;catalogue;0.7129206481096801;0.0004290942934709903;0.12111801242236025
bn:00085322v;17107;17112;venant;0.0;0.0;0.0
bn:00008786n;17114;17117;base;0.0;0.0;0.0
bn:01199383n;17136;17138;div;1.0;1.0002197983006766e-06;0.006211180124223602
bn:03261868n;17152;17160;copyright;0.0;0.0;0.0
bn:14086525n;17162;17165;copy;0.9615384615384616;6.251373739379228e-06;0.015527950310559006
bn:00109848a;17178;17183;droits;0.0;0.0;0.0
bn:01199383n;17196;17198;div;1.0;1.0002197983006766e-06;0.006211180124223602
bn:00022129n;17211;17219;container;0.7060702875399361;0.00022104857542444952;0.08074534161490683
bn:00011776n;17221;17224;body;0.876984126984127;0.00011052428771222476;0.052795031055900624
bn:01753580n;17238;17240;php;1.0;0.007780459756031388;0.3944099378881988
bn:01753580n;17242;17244;php;1.0;0.007780459756031388;0.3944099378881988
bn:03751534n;17246;17252;session;0.9727082998876224;0.0015150829394759498;0.2267080745341615
bn:00095687v;17260;17263;user;0.0;0.0;0.0
bn:00168023n;17265;17268;root;0.9958847736625515;0.00048410638237752747;0.13664596273291926
bn:01846442n;17274;17277;host;0.9895901106050748;0.0003803335783038323;0.12111801242236025
bn:00054378n;17283;17286;test;0.0;0.0;0.0
bn:15725790n;17288;17290;try;1.0;1.0002197983006766e-06;0.006211180124223602
bn:01225760n;17304;17308;mysql;1.0;0.0049510880015883494;0.3416149068322981
bn:01846442n;17310;17313;host;0.9895901106050748;0.0003803335783038323;0.12111801242236025
bn:01846442n;17315;17318;host;0.9895901106050748;0.0003803335783038323;0.12111801242236025
bn:00032118n;17346;17354;exception;0.8327137546468402;5.601230870483789e-05;0.024844720496894408
bn:00031485n;17362;17367;erreur;0.0;0.0;0.0
bn:00021485n;17382;17385;menu;0.8627982646420824;0.0003978374247740941;0.11490683229813664
bn:00035811n;17393;17397;index;0.0;0.0;0.0
bn:01753580n;17399;17401;php;1.0;0.007780459756031388;0.3944099378881988
bn:00035811n;17403;17407;index;0.0;0.0;0.0
bn:00093455v;17409;17418;rechercher;0.0;0.0;0.0
bn:01753580n;17420;17422;php;1.0;0.007780459756031388;0.3944099378881988
bn:00093455v;17424;17433;rechercher;0.0;0.0;0.0
bn:02047722n;17435;17443;commander;1.0;4.000879193202706e-06;0.012422360248447204
bn:01753580n;17445;17447;php;1.0;0.007780459756031388;0.3944099378881988
bn:02047722n;17449;17457;commander;1.0;4.000879193202706e-06;0.012422360248447204
bn:00043309n;17459;17464;header;1.0;0.0010769866678202536;0.18322981366459629
bn:01753580n;17466;17468;php;1.0;0.007780459756031388;0.3944099378881988
bn:01753580n;17470;17472;php;1.0;0.007780459756031388;0.3944099378881988
bn:01753580n;17494;17496;php;1.0;0.007780459756031388;0.3944099378881988
bn:00063584n;17511;17516;public;0.0;0.0;0.0
bn:15232677n;17520;17522;dtd;1.0;0.0008664404002779611;0.17080745341614906
bn:00045088n;17537;17540;http;0.9627020306672193;0.005808776478631179;0.35714285714285715
bn:02269311n;17548;17550;org;1.0;2.2004835562614885e-05;0.024844720496894408
bn:03561884n;17552;17553;tr;1.0;0.0004100901173032774;0.12422360248447205
bn:15232677n;17561;17563;dtd;1.0;0.0008664404002779611;0.17080745341614906
bn:01163644n;17565;17569;xhtml;1.0;0.0025805670796157456;0.2484472049689441
bn:15232677n;17578;17580;dtd;1.0;0.0008664404002779611;0.17080745341614906
bn:02338897n;17587;17590;head;0.9216589861751152;0.0001500329697451015;0.07453416149068323
bn:00047172n;17598;17601;site;0.9727699530516432;0.010103220182635134;0.45962732919254656
bn:00068915n;17603;17607;vente;0.0;0.0;0.0
bn:00014457n;17609;17613;ligne;0.0;0.0;0.0
bn:02338897n;17621;17624;head;0.9216589861751152;0.0001500329697451015;0.07453416149068323
bn:00011776n;17626;17629;body;0.876984126984127;0.00011052428771222476;0.052795031055900624
bn:00022129n;17638;17646;container;0.7060702875399361;0.00022104857542444952;0.08074534161490683
bn:01199383n;17648;17650;div;1.0;1.0002197983006766e-06;0.006211180124223602
bn:00043309n;17655;17660;header;1.0;0.0010769866678202536;0.18322981366459629
bn:15206318n;17662;17663;ul;0.0;0.0;0.0
bn:03543983n;17668;17670;top;0.7313432835820896;1.2252692529183289e-05;0.021739130434782608
bn:00021485n;17672;17675;menu;0.8627982646420824;0.0003978374247740941;0.11490683229813664
bn:01753580n;17677;17679;php;1.0;0.007780459756031388;0.3944099378881988
bn:03463379n;17681;17687;foreach;1.0;0.0006891514410291661;0.16149068322981366
bn:00021485n;17689;17692;menu;0.8627982646420824;0.0003978374247740941;0.11490683229813664
bn:00060158n;17694;17697;page;0.0;0.0;0.0
bn:00079080n;17699;17701;url;1.0;0.005265157018254762;0.34782608695652173
bn:00091387v;17703;17706;page;0.0;0.0;0.0
bn:00045513n;17722;17725;href;1.0;0.003436005062112399;0.2826086956521739
bn:00060158n;17727;17730;page;0.0;0.0;0.0
bn:00079080n;17732;17734;url;1.0;0.005265157018254762;0.34782608695652173
bn:00091387v;17736;17739;page;0.0;0.0;0.0
bn:15206318n;17750;17751;ul;0.0;0.0;0.0
bn:01199383n;17753;17755;div;1.0;1.0002197983006766e-06;0.006211180124223602
bn:00043309n;17757;17762;header;1.0;0.0010769866678202536;0.18322981366459629
bn:00042759n;17771;17774;main;0.0;0.0;0.0
bn:01753580n;17783;17785;php;1.0;0.007780459756031388;0.3944099378881988
bn:01199383n;17796;17798;div;1.0;1.0002197983006766e-06;0.006211180124223602
bn:03261868n;17812;17820;copyright;0.0;0.0;0.0
bn:14086525n;17822;17825;copy;0.9615384615384616;6.251373739379228e-06;0.015527950310559006
bn:00029245n;17827;17829;dvd;1.0;0.0016753681621536332;0.2080745341614907
bn:00008141n;17831;17834;club;0.0;0.0;0.0
bn:00109848a;17841;17846;droits;0.0;0.0;0.0
bn:01199383n;17859;17861;div;1.0;1.0002197983006766e-06;0.006211180124223602
bn:00022129n;17874;17882;container;0.7060702875399361;0.00022104857542444952;0.08074534161490683
bn:00011776n;17884;17887;body;0.8752475247524752;0.00011052428771222476;0.052795031055900624
bn:00101268a;17901;17906;autres;0.0;0.0;0.0
bn:00060158n;17908;17911;page;0.0;0.0;0.0
bn:00023652n;17913;17920;création;0.0;0.0;0.0
bn:00116285r;17922;17927;autant;1.0;6.251373739379228e-06;0.015527950310559006
bn:00091387v;17929;17932;page;0.0;0.0;0.0
bn:00107182a;17934;17943;nécessaire;0.8045977011494253;1.750384647026184e-05;0.021739130434782608
bn:00001410n;17953;17964;modification;0.0;0.0;0.0
bn:00035680n;17973;17976;pied;0.0;0.0;0.0
bn:00060158n;17978;17981;page;0.0;0.0;0.0
bn:00021475n;17987;17994;fichiers;0.9213256074648309;0.014591706527509421;0.5062111801242236
bn:00043309n;17996;18001;header;1.0;0.0010769866678202536;0.18322981366459629
bn:01753580n;18003;18005;php;1.0;0.007780459756031388;0.3944099378881988
bn:01753580n;18014;18016;php;1.0;0.007780459756031388;0.3944099378881988
bn:00001410n;18018;18029;modification;0.0;0.0;0.0
bn:00021901n;18044;18052;connexion;0.0;0.0;0.0
bn:00021475n;18058;18064;fichier;0.9213256074648309;0.014591706527509421;0.5062111801242236
bn:00085719v;18077;18081;reste;0.0;0.0;0.0
bn:00090884v;18083;18090;modifier;0.0;0.0;0.0
bn:00021475n;18092;18099;fichiers;0.9213256074648309;0.014591706527509421;0.5062111801242236
bn:00043309n;18101;18106;header;1.0;0.0010769866678202536;0.18322981366459629
bn:00087107v;18115;18119;faire;0.0;0.0;0.0
bn:01753580n;18127;18129;php;1.0;0.007780459756031388;0.3944099378881988
bn:00043309n;18139;18144;header;1.0;0.0010769866678202536;0.18322981366459629
bn:01753580n;18146;18148;php;1.0;0.007780459756031388;0.3944099378881988
bn:00027675n;18150;18158;affichage;0.0;0.0;0.0
bn:00016652n;18160;18168;catalogue;0.7129206481096801;0.0004290942934709903;0.12111801242236025
bn:00085322v;18170;18175;venant;0.0;0.0;0.0
bn:00008786n;18177;18180;base;0.0;0.0;0.0
bn:01753580n;18190;18192;php;1.0;0.007780459756031388;0.3944099378881988
bn:00054378n;18224;18227;test;0.0;0.0;0.0
bn:00029621n;18277;18280;echo;0.0;0.0;0.0
bn:00021961n;18301;18308;résultat;0.0;0.0;0.0
bn:00087905v;18336;18340;aller;0.0;0.0;0.0
bn:00115880r;18342;18345;plus;0.0;0.0;0.0
bn:00115329r;18342;18350;plus loin;0.0;0.0;0.0
bn:00102778a;18347;18350;loin;0.0;0.0;0.0
bn:00095682v;18354;18357;faut;0.0;0.0;0.0
bn:00116086r;18359;18365;ensuite;0.0;0.0;0.0
bn:00082281v;18367;18375;apprendre;0.0;0.0;0.0
bn:00036821n;18386;18394;fonctions;0.0;0.0;0.0
bn:00008786n;18396;18399;base;0.0;0.0;0.0
bn:00111488a;18401;18415;supplémentaires;0.8275862068965517;4.200923152862841e-05;0.037267080745341616
bn:00116326r;18419;18424;jamais;0.0;0.0;0.0
bn:00087107v;18426;18430;faire;0.0;0.0;0.0
bn:00083095v;18426;18440;faire confiance;0.9053254437869822;3.8258407285000876e-05;0.027950310559006212
bn:00006565n;18432;18440;confiance;0.0;0.0;0.0
bn:00019764n;18442;18447;client;0.8240399574224188;0.002516553012524502;0.22981366459627328
bn:00053116n;18449;18455;gestion;0.0;0.0;0.0
bn:00058442n;18457;18462;objets;0.0;0.0;0.0
bn:01753580n;18464;18466;php;1.0;0.007780459756031388;0.3944099378881988
bn:01641329n;18470;18477;méthodes;0.7478035143769968;0.0018729115723180169;0.21739130434782608
bn:00021493n;18479;18491;programmation;0.8512810991459339;0.009172015550417204;0.40683229813664595
bn:00053116n;18506;18512;gestion;0.0;0.0;0.0
