bn:00023310n;0;4;Cours;0.0;0.0;0.0
bn:00023310n;15;19;Cours;0.0;0.0;0.0
bn:00023310n;71;75;Cours;0.0;0.0;0.0
bn:00060158n;86;90;Pages;0.0;0.0;0.0
bn:00080778n;86;94;Pages Web;1.0;0.003463471904465209;0.5337837837837838
bn:00080778n;92;94;Web;0.0;0.0;0.0
bn:00060158n;96;100;Pages;0.0;0.0;0.0
bn:00080778n;96;104;Pages Web;1.0;0.003463471904465209;0.5337837837837838
bn:03576307n;96;114;Pages Web statiques;1.0;0.0011517258608074522;0.36486486486486486
bn:00080778n;102;104;Web;0.0;0.0;0.0
bn:00111112a;106;114;statiques;0.8076923076923077;2.0735805107130054e-06;0.02027027027027027
bn:00081608n;116;141;Principe de fonctionnement;1.0;4.937096454078585e-08;0.0033783783783783786
bn:00059128n;128;141;fonctionnement;0.8316597755463674;6.951431807342647e-05;0.10810810810810811
bn:00079373n;148;158;utilisateur;0.8359158599127883;0.0015048269992031526;0.42905405405405406
bn:00026104n;160;166;demande;0.0;0.0;0.0
bn:00000663n;171;175;accès;0.0;0.0;0.0
bn:00060158n;183;186;page;0.0;0.0;0.0
bn:00080778n;183;190;page Web;1.0;0.003463471904465209;0.5337837837837838
bn:00080778n;188;190;Web;0.0;0.0;0.0
bn:00013447n;203;212;navigateur;0.9961533599407654;0.005446604808139494;0.6655405405405406
bn:00074600n;217;223;Adresse;0.0;0.0;0.0
bn:00019756n;233;236;clic;0.0;0.0;0.0
bn:00045513n;245;248;lien;0.0;0.0;0.0
bn:00030627n;252;262;utilisation;0.0;0.0;0.0
bn:00012136n;270;275;signet;1.0;0.0008826047330956286;0.34121621621621623
bn:00013447n;290;299;navigateur;0.9961533599407654;0.005446604808139494;0.6655405405405406
bn:00093485v;301;306;envoie;0.0;0.0;0.0
bn:00026104n;312;318;demande;0.0;0.0;0.0
bn:00080344n;325;331;serveur;0.0;0.0;0.0
bn:02705179n;325;335;serveur Web;0.7321173884591506;0.0021541539248435683;0.4864864864864865
bn:00080778n;333;335;Web;0.0;0.0;0.0
bn:00080344n;343;349;serveur;0.0;0.0;0.0
bn:02705179n;343;353;serveur Web;0.7321173884591506;0.0021541539248435683;0.4864864864864865
bn:00080778n;351;353;Web;0.0;0.0;0.0
bn:00092427v;355;357;lit;0.8965322808006766;0.000156999667239699;0.17905405405405406
bn:00021475n;362;368;fichier;0.8445668645030938;0.005283186915509493;0.6925675675675675
bn:00082817v;370;376;demandé;0.0;0.0;0.0
bn:00027459n;385;390;disque;0.0;0.0;0.0
bn:00073359n;385;394;disque dur;0.7871432454471323;0.004289201286409852;0.6655405405405406
bn:00103937a;392;394;dur;0.0;0.0;0.0
bn:00080344n;402;408;serveur;0.0;0.0;0.0
bn:02705179n;402;412;serveur Web;0.7321173884591506;0.0021541539248435683;0.4864864864864865
bn:00080778n;410;412;Web;0.0;0.0;0.0
bn:00093485v;414;419;envoie;0.0;0.0;0.0
bn:00022154n;424;430;contenu;0.0;0.0;0.0
bn:00021475n;435;441;fichier;0.8445668645030938;0.005283186915509493;0.6925675675675675
bn:00013447n;446;455;navigateur;0.9961533599407654;0.005446604808139494;0.6655405405405406
bn:00013447n;463;472;navigateur;0.9961533599407654;0.005446604808139494;0.6655405405405406
bn:00087013v;474;480;affiche;0.8898978433598184;3.87068361999761e-05;0.0945945945945946
bn:00022154n;485;491;contenu;0.0;0.0;0.0
bn:00060158n;499;502;page;0.0;0.0;0.0
bn:00010421n;515;523;affichage;0.9346954363185029;0.00024167087142714673;0.1858108108108108
bn:00084451v;530;533;peut;0.9790209790209791;2.0735805107130057e-05;0.05067567567567568
bn:00115274r;535;543;également;0.9289099526066351;9.676709049994025e-06;0.0472972972972973
bn:00082817v;545;552;demander;0.0;0.0;0.0
bn:00022154n;557;563;contenu;0.0;0.0;0.0
bn:00101268a;568;573;autres;0.0;0.0;0.0
bn:00021475n;575;581;fichier;0.8445668645030938;0.005283186915509493;0.6925675675675675
bn:00080344n;586;592;serveur;0.0;0.0;0.0
bn:03273105n;596;597;ex;0.0;0.0;0.0
bn:00045772n;601;605;image;0.0;0.0;0.0
bn:00023310n;612;616;Cours;0.0;0.0;0.0
bn:00060158n;627;631;Pages;0.0;0.0;0.0
bn:00080778n;627;635;Pages Web;1.0;0.003463471904465209;0.5337837837837838
bn:00080778n;633;635;Web;0.0;0.0;0.0
bn:00045963n;637;648;Illustration;0.0;0.0;0.0
bn:00051315n;650;654;Poste;0.0;0.0;0.0
bn:00019764n;656;661;client;0.8286981677917068;0.0021213716043884862;0.44256756756756754
bn:03496583n;656;669;client Serveur;1.0;0.001995771870596727;0.4189189189189189
bn:00080344n;663;669;Serveur;0.0;0.0;0.0
bn:00080344n;671;677;Serveur;0.0;0.0;0.0
bn:02705179n;671;681;Serveur Web;0.7321173884591506;0.0021541539248435683;0.4864864864864865
bn:00080778n;679;681;Web;0.0;0.0;0.0
bn:00013447n;683;692;Navigateur;0.9961533599407654;0.005446604808139494;0.6655405405405406
bn:00082817v;702;708;demande;0.0;0.0;0.0
bn:00080778n;725;727;Web;0.0;0.0;0.0
bn:00083225v;737;743;contenu;0.0;0.0;0.0
bn:00083225v;767;773;contenu;0.0;0.0;0.0
bn:00000663n;797;801;accès;0.0;0.0;0.0
bn:00027459n;820;825;Disque;0.0;0.0;0.0
bn:00023310n;827;831;Cours;0.0;0.0;0.0
bn:00060158n;842;845;page;0.0;0.0;0.0
bn:00080778n;842;849;page Web;1.0;0.003463471904465209;0.5337837837837838
bn:00080778n;847;849;Web;0.0;0.0;0.0
bn:00060158n;851;854;page;0.0;0.0;0.0
bn:00080778n;851;858;page Web;1.0;0.003463471904465209;0.5337837837837838
bn:00937946n;851;869;page Web dynamiques;1.0;0.001670713440060193;0.40540540540540543
bn:00080778n;856;858;Web;0.0;0.0;0.0
bn:00101917a;860;869;dynamiques;0.0;0.0;0.0
bn:00060158n;871;874;page;0.0;0.0;0.0
bn:00111112a;876;884;statiques;0.8076923076923077;2.0735805107130054e-06;0.02027027027027027
bn:00082553v;893;899;changer;0.0;0.0;0.0
bn:00022154n;904;910;contenu;0.0;0.0;0.0
bn:00095682v;917;920;faut;0.0;0.0;0.0
bn:00084099v;922;927;éditer;0.0;0.0;0.0
bn:00021475n;932;938;fichier;0.8445668645030938;0.005283186915509493;0.6925675675675675
bn:00045800n;943;946;Idée;0.0;0.0;0.0
bn:00088725v;950;956;générer;0.0;0.0;0.0
bn:00022154n;961;967;contenu;0.0;0.0;0.0
bn:00060158n;975;978;page;0.0;0.0;0.0
bn:00010728n;983;988;moment;0.0;0.0;0.0
bn:00083187v;998;1000;est;0.0;0.0;0.0
bn:00036821n;1016;1023;fonction;0.0;0.0;0.0
bn:00022154n;1030;1036;contenu;0.0;0.0;0.0
bn:00008786n;1045;1048;base;0.0;0.0;0.0
bn:00025333n;1045;1059;base de données;0.9985425337241502;0.006088526089098792;0.6655405405405406
bn:00025314n;1053;1059;données;0.8002994512714733;0.004961189484774488;0.7162162162162162
bn:00060585n;1066;1075;paramètres;0.0;0.0;0.0
bn:00088643v;1077;1083;fournis;0.0;0.0;0.0
bn:00026104n;1093;1099;demande;0.0;0.0;0.0
bn:03273105n;1103;1104;ex;0.0;0.0;0.0
bn:14352118n;1108;1118;formulaires;0.0;0.0;0.0
bn:00023310n;1125;1129;Cours;0.0;0.0;0.0
bn:00060158n;1140;1143;page;0.0;0.0;0.0
bn:00080778n;1140;1147;page Web;1.0;0.003463471904465209;0.5337837837837838
bn:00080778n;1145;1147;Web;0.0;0.0;0.0
bn:00060158n;1149;1153;Pages;0.0;0.0;0.0
bn:00080778n;1149;1157;Pages Web;1.0;0.003463471904465209;0.5337837837837838
bn:00080778n;1155;1157;Web;0.0;0.0;0.0
bn:00059128n;1172;1185;fonctionnement;0.8316597755463674;6.951431807342647e-05;0.10810810810810811
bn:00079373n;1190;1200;utilisateur;0.8359158599127883;0.0015048269992031526;0.42905405405405406
bn:00026104n;1202;1208;demande;0.0;0.0;0.0
bn:00000663n;1213;1217;accès;0.0;0.0;0.0
bn:00060158n;1225;1228;page;0.0;0.0;0.0
bn:00080778n;1225;1232;page Web;1.0;0.003463471904465209;0.5337837837837838
bn:00080778n;1230;1232;Web;0.0;0.0;0.0
bn:00013447n;1245;1254;navigateur;0.9961533599407654;0.005446604808139494;0.6655405405405406
bn:00013447n;1262;1271;navigateur;0.9961533599407654;0.005446604808139494;0.6655405405405406
bn:00088769v;1273;1280;transmet;0.0;0.0;0.0
bn:00093485v;1282;1287;envoie;0.0;0.0;0.0
bn:00026104n;1293;1299;demande;0.0;0.0;0.0
bn:00080344n;1304;1310;serveur;0.0;0.0;0.0
bn:02705179n;1304;1314;serveur web;0.7321173884591506;0.0021541539248435683;0.4864864864864865
bn:00080778n;1312;1314;web;0.0;0.0;0.0
bn:00082727v;1316;1325;comprenant;0.0;0.0;0.0
bn:00056758n;1332;1334;nom;0.0;0.0;0.0
bn:00060158n;1342;1345;page;0.0;0.0;0.0
bn:00082477v;1353;1362;correspond;0.0;0.0;0.0
bn:00087107v;1367;1370;fait;0.0;0.0;0.0
bn:00023295n;1377;1385;programme;0.0;0.0;0.0
bn:00116658r;1389;1402;éventuellement;0.9;4.4433868086707263e-07;0.010135135135135136
bn:00070697n;1407;1414;ensemble;0.0;0.0;0.0
bn:00060585n;1419;1428;paramètres;0.0;0.0;0.0
bn:00080344n;1436;1442;serveur;0.0;0.0;0.0
bn:02705179n;1436;1446;serveur web;0.7321173884591506;0.0021541539248435683;0.4864864864864865
bn:00080778n;1444;1446;web;0.0;0.0;0.0
bn:00093013v;1448;1449;va;0.0;0.0;0.0
bn:00090460v;1451;1458;chercher;0.0;0.0;0.0
bn:00027459n;1467;1472;disque;0.0;0.0;0.0
bn:00020354n;1477;1480;code;0.8883803407538761;0.0018303297684205536;0.44256756756756754
bn:00072947n;1477;1487;code source;0.9991538349037878;0.004722085903503462;0.625
bn:00040284n;1482;1487;source;0.0;0.0;0.0
bn:00023295n;1495;1503;programme;0.0;0.0;0.0
bn:00080344n;1511;1517;serveur;0.0;0.0;0.0
bn:02705179n;1511;1521;serveur web;0.7321173884591506;0.0021541539248435683;0.4864864864864865
bn:00080778n;1519;1521;web;0.0;0.0;0.0
bn:00087823v;1523;1529;exécute;0.0;0.0;0.0
bn:00023295n;1534;1542;programme;0.0;0.0;0.0
bn:00084451v;1548;1551;peut;0.9790209790209791;2.0735805107130057e-05;0.05067567567567568
bn:00082705v;1555;1562;utiliser;0.0;0.0;0.0
bn:00060585n;1568;1577;paramètres;0.0;0.0;0.0
bn:00026104n;1596;1602;demande;0.0;0.0;0.0
bn:00013447n;1607;1616;navigateur;0.9961533599407654;0.005446604808139494;0.6655405405405406
bn:00087905v;1620;1624;aller;0.0;0.0;0.0
bn:00090460v;1626;1633;chercher;0.0;0.0;0.0
bn:00025314n;1639;1645;données;0.8002994512714733;0.004961189484774488;0.7162162162162162
bn:00008786n;1656;1659;base;0.0;0.0;0.0
bn:00025333n;1656;1670;base de données;0.9985425337241502;0.006088526089098792;0.6655405405405406
bn:00025314n;1664;1670;données;0.8002994512714733;0.004961189484774488;0.7162162162162162
bn:00027459n;1682;1687;disque;0.0;0.0;0.0
bn:00019966n;1702;1710;exécution;0.0;0.0;0.0
bn:00023295n;1717;1725;programme;0.0;0.0;0.0
bn:00088725v;1727;1732;génère;0.0;0.0;0.0
bn:00022154n;1737;1743;contenu;0.0;0.0;0.0
bn:00045087n;1745;1748;HTML;1.0;0.0046199867488331174;0.6114864864864865
bn:00022154n;1756;1762;contenu;0.0;0.0;0.0
bn:00045087n;1764;1767;HTML;1.0;0.0046199867488331174;0.6114864864864865
bn:00083187v;1769;1771;est;0.0;0.0;0.0
bn:00093485v;1773;1778;envoyé;0.0;0.0;0.0
bn:00013447n;1783;1792;navigateur;0.9961533599407654;0.005446604808139494;0.6655405405405406
bn:00013447n;1800;1809;navigateur;0.9961533599407654;0.005446604808139494;0.6655405405405406
bn:00087013v;1811;1817;affiche;0.8898978433598184;3.87068361999761e-05;0.0945945945945946
bn:00021961n;1822;1829;résultat;0.0;0.0;0.0
bn:00023310n;1834;1838;Cours;0.0;0.0;0.0
bn:00060158n;1849;1852;page;0.0;0.0;0.0
bn:00080778n;1849;1856;page Web;1.0;0.003463471904465209;0.5337837837837838
bn:00080778n;1854;1856;Web;0.0;0.0;0.0
bn:00045963n;1858;1869;Illustration;0.0;0.0;0.0
bn:05011735n;1879;1888;génération;0.7274774774774775;0.00023920232320010743;0.19256756756756757
bn:00022154n;1893;1899;contenu;0.0;0.0;0.0
bn:00045087n;1901;1904;HTML;1.0;0.0046199867488331174;0.6114864864864865
bn:00006362n;1916;1923;requêtes;0.0;0.0;0.0
bn:00021961n;1928;1936;résultats;0.0;0.0;0.0
bn:00051315n;1938;1942;Poste;0.0;0.0;0.0
bn:00019764n;1944;1949;client;0.8286981677917068;0.0021213716043884862;0.44256756756756754
bn:03496583n;1944;1957;client Serveur;1.0;0.001995771870596727;0.4189189189189189
bn:00080344n;1951;1957;Serveur;0.0;0.0;0.0
bn:00080344n;1959;1965;Serveur;0.0;0.0;0.0
bn:00080344n;1967;1973;Serveur;0.0;0.0;0.0
bn:02705179n;1967;1977;Serveur Web;0.7321173884591506;0.0021541539248435683;0.4864864864864865
bn:00080778n;1975;1977;Web;0.0;0.0;0.0
bn:00013447n;1979;1988;Navigateur;0.9961533599407654;0.005446604808139494;0.6655405405405406
bn:00025335n;1990;1993;Sgbd;0.0;0.0;0.0
bn:00080778n;1995;1997;Web;0.0;0.0;0.0
bn:00022154n;2007;2013;contenu;0.0;0.0;0.0
bn:00045087n;2015;2018;HTML;1.0;0.0046199867488331174;0.6114864864864865
bn:02125104n;2020;2025;Module;0.0;0.0;0.0
bn:01753580n;2027;2029;Php;1.0;0.004553237204773975;0.5912162162162162
bn:00082817v;2039;2045;demande;0.0;0.0;0.0
bn:00060585n;2063;2072;paramètres;0.0;0.0;0.0
bn:00027459n;2074;2079;Disque;0.0;0.0;0.0
bn:00000663n;2089;2093;accès;0.0;0.0;0.0
bn:00072947n;2119;2129;code source;0.9991538349037878;0.004722085903503462;0.625
bn:00040284n;2124;2129;source;0.0;0.0;0.0
bn:00023310n;2144;2148;Cours;0.0;0.0;0.0
bn:00060158n;2159;2163;Pages;0.0;0.0;0.0
bn:00080778n;2159;2167;Pages Web;1.0;0.003463471904465209;0.5337837837837838
bn:00080778n;2165;2167;Web;0.0;0.0;0.0
bn:00049910n;2178;2185;langages;0.8038345146133631;0.003986705386668457;0.6418918918918919
bn:00049910n;2187;2194;Langages;0.8038345146133631;0.003986705386668457;0.6418918918918919
bn:00083225v;2215;2221;contenu;0.0;0.0;0.0
bn:00060158n;2226;2229;page;0.0;0.0;0.0
bn:00025314n;2233;2239;Données;0.8002994512714733;0.004961189484774488;0.7162162162162162
bn:00087013v;2243;2250;afficher;0.9158878504672897;3.87068361999761e-05;0.0945945945945946
bn:00016287n;2252;2255;Mise;0.99767397521449;0.001291741916245121;0.4189189189189189
bn:01681906n;2252;2264;Mise en forme;1.0;0.0018234672043493845;0.39864864864864863
bn:00035908n;2260;2264;forme;0.0;0.0;0.0
bn:00045087n;2268;2271;HTML;1.0;0.0046199867488331174;0.6114864864864865
bn:00055423n;2281;2290;JavaScript;1.0;0.0031631976981281494;0.5033783783783784
bn:00088725v;2310;2316;générer;0.0;0.0;0.0
bn:00022154n;2321;2327;contenu;0.0;0.0;0.0
bn:00060158n;2332;2335;page;0.0;0.0;0.0
bn:00090460v;2345;2352;chercher;0.0;0.0;0.0
bn:00025314n;2358;2364;données;0.8002994512714733;0.004961189484774488;0.7162162162162162
bn:00032594n;2366;2374;Fabriquer;1.0;8.817654266984353e-05;0.12837837837837837
bn:00028015n;2379;2386;document;0.0;0.0;0.0
bn:00037663n;2393;2399;général;0.0;0.0;0.0
bn:00028015n;2404;2411;document;0.0;0.0;0.0
bn:00045087n;2413;2416;HTML;1.0;0.0046199867488331174;0.6114864864864865
bn:01753580n;2422;2424;php;1.0;0.004553237204773975;0.5912162162162162
bn:00115530r;2431;2434;bien;0.0;0.0;0.0
bn:01723165n;2436;2439;Perl;1.0;0.0033694695879795526;0.5135135135135135
bn:01713224n;2443;2448;Python;0.9996551554263757;0.004007342449846506;0.6013513513513513
bn:00048043n;2452;2455;Java;0.8232455481104686;0.005137740053972339;0.6486486486486487
bn:00084423v;2475;2484;interroger;0.0;0.0;0.0
bn:00008786n;2489;2492;base;0.0;0.0;0.0
bn:00006362n;2496;2503;Requêtes;0.0;0.0;0.0
bn:00087491v;2507;2515;effectuer;0.0;0.0;0.0
bn:00008786n;2524;2527;base;0.0;0.0;0.0
bn:02266432n;2534;2536;SQL;1.0;0.0018463753318963092;0.46621621621621623
bn:00023310n;2538;2542;Cours;0.0;0.0;0.0
bn:00060158n;2553;2556;page;0.0;0.0;0.0
bn:00080778n;2553;2560;page Web;1.0;0.003463471904465209;0.5337837837837838
bn:00080778n;2558;2560;Web;0.0;0.0;0.0
bn:00023652n;2562;2569;Création;0.0;0.0;0.0
bn:00060158n;2574;2577;page;0.0;0.0;0.0
bn:00101917a;2579;2588;dynamiques;0.0;0.0;0.0
bn:00062279n;2601;2605;cadre;0.0;0.0;0.0
bn:00086008v;2614;2618;créer;0.0;0.0;0.0
bn:00060158n;2624;2627;page;0.0;0.0;0.0
bn:00101917a;2629;2637;dynamique;0.0;0.0;0.0
bn:00095682v;2644;2647;faut;0.0;0.0;0.0
bn:03692206n;2651;2655;Créer;0.0;0.0;0.0
bn:00023295n;2660;2668;programme;0.0;0.0;0.0
bn:01753580n;2670;2672;Php;1.0;0.004553237204773975;0.5912162162162162
bn:00082477v;2674;2686;correspondant;0.0;0.0;0.0
bn:00060158n;2696;2699;page;0.0;0.0;0.0
bn:00051948n;2704;2707;Plus;0.0;0.0;0.0
bn:00114108r;2709;2719;précisément;0.9322709163346613;2.3105611405087776e-05;0.060810810810810814
bn:00092123v;2723;2728;écrire;0.0;0.0;0.0
bn:00020354n;2733;2736;code;0.8883803407538761;0.0018303297684205536;0.44256756756756754
bn:00072947n;2733;2743;code source;0.9991538349037878;0.004722085903503462;0.625
bn:00040284n;2738;2743;source;0.0;0.0;0.0
bn:00023295n;2751;2759;programme;0.0;0.0;0.0
bn:00014202n;2767;2769;but;0.0;0.0;0.0
bn:00023295n;2777;2785;programme;0.0;0.0;0.0
bn:00083187v;2787;2789;est;0.0;0.0;0.0
bn:00088725v;2794;2800;générer;0.0;0.0;0.0
bn:00083225v;2805;2811;contenu;0.0;0.0;0.0
bn:00060158n;2820;2823;page;0.0;0.0;0.0
bn:00080778n;2820;2827;page Web;1.0;0.003463471904465209;0.5337837837837838
bn:00080778n;2825;2827;Web;0.0;0.0;0.0
bn:05011735n;2853;2862;génération;0.7274774774774775;0.00023920232320010743;0.19256756756756757
bn:00087107v;2867;2870;fait;0.0;0.0;0.0
bn:00116143r;2891;2893;peu;0.875;2.0735805107130054e-06;0.02027027027027027
bn:00117173r;2895;2899;comme;0.8571428571428571;1.5996192511214615e-05;0.060810810810810814
bn:00092123v;2906;2911;écrire;0.0;0.0;0.0
bn:00021475n;2921;2927;fichier;0.8445668645030938;0.005283186915509493;0.6925675675675675
bn:00023295n;2935;2943;programme;0.0;0.0;0.0
bn:00084451v;2945;2948;peut;0.9790209790209791;2.0735805107130057e-05;0.05067567567567568
bn:00116658r;2950;2963;éventuellement;0.9;4.4433868086707263e-07;0.010135135135135136
bn:00082705v;2965;2972;utiliser;0.0;0.0;0.0
bn:00006362n;2978;2985;requêtes;0.0;0.0;0.0
bn:02266432n;2987;2989;SQL;1.0;0.0018463753318963092;0.46621621621621623
bn:00006362n;2998;3005;requêtes;0.0;0.0;0.0
bn:00083187v;3007;3010;sont;0.0;0.0;0.0
bn:00035908n;3025;3029;forme;0.0;0.0;0.0
bn:00017748n;3046;3055;caractères;0.0;0.0;0.0
bn:00036821n;3063;3071;fonctions;0.7548115195504566;0.003360103961228832;0.324
bn:01696534n;3063;3081;fonctions spéciales;1.0;2.5014732635241633e-06;0.012
bn:00102635a;3073;3081;spéciales;0.0;0.0;0.0
bn:00087905v;3087;3090;vont;0.0;0.0;0.0
bn:00088769v;3096;3106;transmettre;0.0;0.0;0.0
bn:00025335n;3111;3114;Sgbd;0.8250438853130486;0.0002939231084640892;0.12
bn:00088210v;3119;3127;récupérer;0.972972972972973;7.504419790572489e-06;0.024
bn:00021961n;3133;3141;résultats;0.0;0.0;0.0
bn:00020977n;3146;3153;Remarque;0.0;0.0;0.0
bn:00041061n;3157;3160;Bien;0.0;0.0;0.0
bn:00060969n;3157;3164;Bien que;1.0;2.0845610529368025e-07;0.004
bn:00030721n;3169;3171;but;0.9320388349514563;0.0003802239360556728;0.152
bn:00099598a;3173;3181;principal;0.0;0.0;0.0
bn:00023295n;3189;3197;programme;0.0;0.0;0.0
bn:01753580n;3199;3201;Php;1.0;0.0022675855133846537;0.296
bn:00083187v;3203;3206;soit;0.0;0.0;0.0
bn:00086013v;3211;3218;produire;0.0;0.0;0.0
bn:00060158n;3223;3226;page;0.0;0.0;0.0
bn:00045087n;3228;3231;HTML;1.0;0.004756134498380609;0.368
bn:00085719v;3240;3244;reste;0.0;0.0;0.0
bn:00023295n;3249;3257;programme;0.0;0.0;0.0
bn:00084451v;3263;3266;peut;1.0;3.126841579405204e-06;0.012
bn:03684159n;3272;3281;conséquent;1.0;6.02438144298736e-05;0.068
bn:00089240v;3283;3287;avoir;0.0;0.0;0.0
bn:00101268a;3292;3297;autres;0.0;0.0;0.0
bn:00029871n;3299;3304;effets;0.0;0.0;0.0
bn:00087681v;3313;3319;insérer;0.0;0.0;0.0
bn:00029680n;3325;3331;valeurs;0.0;0.0;0.0
bn:00008786n;3342;3345;base;0.0;0.0;0.0
bn:03754469n;3350;3353;donn;1.0;2.0845610529368025e-07;0.004
bn:00023310n;3358;3362;Cours;0.0;0.0;0.0
bn:00045087n;3373;3376;HTML;1.0;0.004756134498380609;0.368
bn:00022071n;3378;3386;Structure;0.0;0.0;0.0
bn:03276801n;3378;3394;Structure de base;0.0;0.0;0.0
bn:00008786n;3391;3394;base;0.0;0.0;0.0
bn:00045087n;3396;3399;HTML;1.0;0.004756134498380609;0.368
bn:00021475n;3412;3418;Fichier;0.9033899048370828;0.004294195769049813;0.4
bn:00028018n;3412;3424;Fichier texte;1.0;0.006467142210631136;0.448
bn:00076732n;3420;3424;texte;0.7860637219148595;0.00921104992461185;0.572
bn:00083225v;3426;3434;contenant;0.0;0.0;0.0
bn:00046705n;3440;3451;informations;0.7003721555667086;0.015417413547520591;0.688
bn:14636497n;3456;3468;structuration;0.9947643979057592;0.000158426640023197;0.08
bn:00022071n;3476;3484;structure;0.0;0.0;0.0
bn:00083187v;3486;3488;est;0.0;0.0;0.0
bn:00002155n;3504;3507;aide;0.0;0.0;0.0
bn:00947370n;3512;3518;balises;0.0;0.0;0.0
bn:00056758n;3525;3527;nom;0.0;0.0;0.0
bn:00947370n;3535;3540;balise;0.0;0.0;0.0
bn:00086679v;3542;3548;indique;0.0;0.0;0.0
bn:00016413n;3553;3556;type;0.0;0.0;0.0
bn:01681906n;3561;3573;mise en forme;1.0;0.002059963232512148;0.324
bn:00035908n;3569;3573;forme;0.0;0.0;0.0
bn:00084595v;3577;3585;appliquer;0.0;0.0;0.0
bn:00090224v;3593;3595;met;0.0;0.0;0.0
bn:00947370n;3601;3606;balise;0.0;0.0;0.0
bn:00009633n;3620;3624;début;0.0;0.0;0.0
bn:00062297n;3629;3635;morceau;0.0;0.0;0.0
bn:00076732n;3640;3644;texte;0.7860637219148595;0.00921104992461185;0.572
bn:00083240v;3646;3653;concerné;0.8963414634146342;0.00030643047478171;0.14
bn:00056758n;3658;3660;nom;0.0;0.0;0.0
bn:00947370n;3662;3667;balise;0.0;0.0;0.0
bn:00009633n;3669;3673;début;0.0;0.0;0.0
bn:00076732n;3678;3682;texte;0.7701077073716603;0.009181240701554853;0.572
bn:00090224v;3687;3689;met;0.0;0.0;0.0
bn:00947370n;3695;3700;balise;0.0;0.0;0.0
bn:00030720n;3716;3718;fin;0.0;0.0;0.0
bn:00076732n;3723;3727;texte;0.7701077073716603;0.009181240701554853;0.572
bn:00083240v;3729;3736;concerné;0.8963414634146342;0.00030643047478171;0.14
bn:00030720n;3740;3742;fin;0.0;0.0;0.0
bn:00076732n;3747;3751;texte;0.7860637219148595;0.00921104992461185;0.572
bn:00056758n;3754;3756;nom;0.0;0.0;0.0
bn:00947370n;3758;3763;balise;0.0;0.0;0.0
bn:00947370n;3782;3787;balise;0.0;0.0;0.0
bn:00084451v;3798;3801;peut;1.0;3.126841579405204e-06;0.012
bn:00083225v;3803;3810;contenir;0.0;0.0;0.0
bn:02910696n;3816;3824;attributs;0.0;0.0;0.0
bn:00035908n;3832;3836;forme;0.0;0.0;0.0
bn:00056758n;3838;3840;nom;0.0;0.0;0.0
bn:00029680n;3843;3848;valeur;0.0;0.0;0.0
bn:00056758n;3853;3855;nom;0.0;0.0;0.0
bn:00947370n;3857;3862;balise;0.0;0.0;0.0
bn:00076732n;3895;3899;texte;0.7860637219148595;0.00921104992461185;0.572
bn:01896338n;3901;3903;Les;1.0;4.2525045479910775e-05;0.048
bn:02910696n;3905;3913;attributs;0.0;0.0;0.0
bn:00082537v;3915;3924;permettent;0.0;0.0;0.0
bn:00082412v;3929;3936;préciser;0.0;0.0;0.0
bn:00046698n;3942;3953;informations;0.0;0.0;0.0
bn:00083240v;3955;3964;concernant;0.8957952468007313;0.00030643047478171;0.14
bn:00016287n;3969;3972;mise;0.9709342560553633;0.0005849278314540668;0.184
bn:01681906n;3969;3981;mise en forme;1.0;0.002059963232512148;0.324
bn:00035908n;3977;3981;forme;0.0;0.0;0.0
bn:00947370n;3990;3996;balises;0.0;0.0;0.0
bn:00084451v;3998;4004;peuvent;1.0;3.126841579405204e-06;0.012
bn:00083187v;4006;4009;être;0.0;0.0;0.0
bn:13766755v;4011;4020;imbriquées;0.0;0.0;0.0
bn:00083187v;4028;4030;est;0.0;0.0;0.0
bn:00013447n;4035;4044;navigateur;0.9899803871407862;0.004840142308813962;0.428
bn:00089840v;4050;4059;interprète;0.0;0.0;0.0
bn:00947370n;4065;4071;balises;0.0;0.0;0.0
bn:00087107v;4078;4082;faire;0.0;0.0;0.0
bn:00010421n;4087;4095;affichage;0.94;0.00044088466269613376;0.18
bn:00023310n;4100;4104;Cours;0.0;0.0;0.0
bn:00045087n;4115;4118;HTML;1.0;0.004756134498380609;0.368
bn:00022071n;4120;4128;Structure;0.0;0.0;0.0
bn:03276801n;4120;4136;Structure de base;0.0;0.0;0.0
bn:00008786n;4133;4136;base;0.0;0.0;0.0
bn:00022071n;4138;4146;Structure;0.0;0.0;0.0
bn:00060158n;4169;4172;page;0.0;0.0;0.0
bn:00045087n;4174;4177;HTML;1.0;0.004756134498380609;0.368
bn:00022071n;4184;4192;structure;0.0;0.0;0.0
bn:00103172a;4194;4201;suivante;0.0;0.0;0.0
bn:00043320n;4226;4230;titre;0.0;0.0;0.0
bn:00060158n;4238;4241;page;0.0;0.0;0.0
bn:00021395n;4266;4271;Partie;0.0;0.0;0.0
bn:00013447n;4290;4299;navigateur;0.9899803871407862;0.004840142308813962;0.428
bn:01896338n;4320;4322;Les;1.0;4.2525045479910775e-05;0.048
bn:00020978n;4324;4335;commentaires;0.868481890572823;0.000704790091997933;0.196
bn:00116350r;4339;4341;non;0.0;0.0;0.0
bn:00083187v;4354;4357;sont;0.0;0.0;0.0
bn:00023310n;4392;4396;Cours;0.0;0.0;0.0
bn:00045087n;4407;4410;HTML;1.0;0.004756134498380609;0.368
bn:00022071n;4412;4420;Structure;0.0;0.0;0.0
bn:03276801n;4412;4428;Structure de base;0.0;0.0;0.0
bn:00008786n;4425;4428;base;0.0;0.0;0.0
bn:00022071n;4430;4438;Structure;0.0;0.0;0.0
bn:00060556n;4442;4452;paragraphes;0.0;0.0;0.0
bn:00043320n;4457;4462;titres;0.0;0.0;0.0
bn:00076732n;4467;4471;texte;0.7701077073716603;0.009181240701554853;0.572
bn:00076732n;4477;4481;texte;0.7701077073716603;0.009181240701554853;0.572
bn:00085670v;4483;4487;forme;0.8080464488886282;0.0028721082187363267;0.332
bn:00060556n;4492;4501;paragraphe;0.0;0.0;0.0
bn:00012411n;4505;4508;saut;0.0;0.0;0.0
bn:17065141n;4505;4517;saut de ligne;0.0;0.0;0.0
bn:00014457n;4513;4517;ligne;0.0;0.0;0.0
bn:00076732n;4543;4547;texte;0.7701077073716603;0.009181240701554853;0.572
bn:00076732n;4554;4558;texte;0.7860637219148595;0.00921104992461185;0.572
bn:00083187v;4560;4562;est;0.0;0.0;0.0
bn:00043320n;4567;4571;titre;0.0;0.0;0.0
bn:00104680a;4573;4581;important;0.0;0.0;0.0
bn:00060556n;4585;4594;paragraphe;0.0;0.0;0.0
bn:00010421n;4604;4612;affichage;0.94;0.00044088466269613376;0.18
bn:00115880r;4614;4617;plus;0.0;0.0;0.0
bn:00111826a;4619;4622;gros;0.0;0.0;0.0
bn:00011848n;4629;4632;gras;0.9682954731165223;0.0012351024238650555;0.3
bn:00076732n;4643;4647;texte;0.7701077073716603;0.009181240701554853;0.572
bn:00076732n;4654;4658;texte;0.7701077073716603;0.009181240701554853;0.572
bn:00083187v;4660;4662;est;0.0;0.0;0.0
bn:00043320n;4667;4671;titre;0.0;0.0;0.0
bn:00116104r;4673;4677;moins;0.0;0.0;0.0
bn:00104680a;4679;4687;important;0.0;0.0;0.0
bn:00010421n;4691;4699;affichage;0.94;0.00044088466269613376;0.18
bn:00114044r;4704;4706;peu;0.0;0.0;0.0
bn:00116104r;4708;4712;moins;0.0;0.0;0.0
bn:00111826a;4714;4717;gros;0.0;0.0;0.0
bn:00076732n;4737;4741;texte;0.7860637219148595;0.00921104992461185;0.572
bn:00076732n;4748;4752;texte;0.7701077073716603;0.009181240701554853;0.572
bn:00083187v;4754;4756;est;0.0;0.0;0.0
bn:00106062a;4761;4765;petit;0.0;0.0;0.0
bn:00043320n;4767;4771;titre;0.0;0.0;0.0
bn:00023310n;4776;4780;Cours;0.0;0.0;0.0
bn:00045087n;4791;4794;HTML;1.0;0.004756134498380609;0.368
bn:00022071n;4796;4804;Structure;0.0;0.0;0.0
bn:03276801n;4796;4812;Structure de base;0.0;0.0;0.0
bn:00008786n;4809;4812;base;0.0;0.0;0.0
bn:00032100n;4814;4820;Exemple;0.0;0.0;0.0
bn:00028015n;4825;4832;document;0.0;0.0;0.0
bn:00045087n;4834;4837;HTML;1.0;0.004756134498380609;0.368
bn:00060158n;4863;4866;page;0.0;0.0;0.0
bn:00083187v;4947;4951;était;0.0;0.0;0.0
bn:00032768n;4957;4959;foi;0.9547751518554438;0.011697514348554868;0.58
bn:00080721n;4973;4978;Chemin;0.0;0.0;0.0
bn:00087107v;4980;4986;faisant;0.0;0.0;0.0
bn:01896338n;5001;5003;Les;1.0;4.2525045479910775e-05;0.048
bn:00036538n;5005;5007;ami;0.0;0.0;0.0
bn:00933744n;5039;5045;Casimir;0.8241758241758241;1.563420789702602e-05;0.02
bn:00023310n;5067;5071;Cours;0.0;0.0;0.0
bn:00045087n;5082;5085;HTML;1.0;0.004756134498380609;0.368
bn:00022071n;5087;5095;Structure;0.0;0.0;0.0
bn:03276801n;5087;5103;Structure de base;0.0;0.0;0.0
bn:00008786n;5100;5103;base;0.0;0.0;0.0
bn:00022071n;5105;5113;Structure;0.0;0.0;0.0
bn:00032400n;5117;5122;styles;0.0;0.0;0.0
bn:00110649a;5124;5130;simples;0.0;0.0;0.0
bn:00076732n;5135;5139;texte;0.7701077073716603;0.009181240701554853;0.572
bn:00076732n;5152;5156;texte;0.7701077073716603;0.009181240701554853;0.572
bn:00090224v;5165;5170;mettre;0.0;0.0;0.0
bn:00076732n;5172;5176;texte;0.7701077073716603;0.009181240701554853;0.572
bn:00105495a;5181;5188;italique;0.9032258064516129;3.5020625689338286e-05;0.048
bn:00076732n;5196;5200;texte;0.7701077073716603;0.009181240701554853;0.572
bn:00076732n;5217;5221;texte;0.7701077073716603;0.009181240701554853;0.572
bn:00090224v;5234;5239;mettre;0.0;0.0;0.0
bn:00076732n;5241;5245;texte;0.7701077073716603;0.009181240701554853;0.572
bn:00011848n;5250;5253;gras;0.9682954731165223;0.0012351024238650555;0.3
bn:00076732n;5261;5265;texte;0.7701077073716603;0.009181240701554853;0.572
bn:00082195v;5273;5281;souligner;0.0;0.0;0.0
bn:00076732n;5283;5287;texte;0.7701077073716603;0.009181240701554853;0.572
bn:00076732n;5297;5301;texte;0.7701077073716603;0.009181240701554853;0.572
bn:00090224v;5311;5316;mettre;0.0;0.0;0.0
bn:00076732n;5318;5322;texte;0.7701077073716603;0.009181240701554853;0.572
bn:00115880r;5327;5330;plus;0.0;0.0;0.0
bn:00105743a;5327;5336;plus grand;0.0;0.0;0.0
bn:00111630a;5332;5336;grand;0.0;0.0;0.0
bn:00076732n;5348;5352;texte;0.7701077073716603;0.009181240701554853;0.572
bn:00090224v;5364;5369;mettre;0.0;0.0;0.0
bn:00076732n;5371;5375;texte;0.7701077073716603;0.009181240701554853;0.572
bn:00115880r;5380;5383;plus;0.0;0.0;0.0
bn:00106062a;5385;5389;petit;0.0;0.0;0.0
bn:00023310n;5394;5398;Cours;0.0;0.0;0.0
bn:00045087n;5409;5412;HTML;1.0;0.004756134498380609;0.368
bn:00022071n;5414;5422;Structure;0.0;0.0;0.0
bn:03276801n;5414;5430;Structure de base;0.0;0.0;0.0
bn:00008786n;5427;5430;base;0.0;0.0;0.0
bn:00022071n;5432;5440;Structure;0.0;0.0;0.0
bn:00071253n;5444;5449;listes;0.0;0.0;0.0
bn:00031044n;5460;5465;entrée;0.0;0.0;0.0
bn:00031044n;5478;5483;entrée;0.0;0.0;0.0
bn:00031044n;5496;5501;entrée;0.0;0.0;0.0
bn:00031044n;5540;5545;entrée;0.0;0.0;0.0
bn:00031044n;5558;5563;entrée;0.0;0.0;0.0
bn:00031044n;5576;5581;entrée;0.0;0.0;0.0
bn:00023310n;5611;5615;Cours;0.0;0.0;0.0
bn:00045087n;5626;5629;HTML;1.0;0.004756134498380609;0.368
bn:00022071n;5631;5639;Structure;0.0;0.0;0.0
bn:03276801n;5631;5647;Structure de base;0.0;0.0;0.0
bn:00008786n;5644;5647;base;0.0;0.0;0.0
bn:00022071n;5649;5657;Structure;0.0;0.0;0.0
bn:00011012n;5661;5668;tableaux;0.0;0.0;0.0
bn:00023310n;5773;5777;Cours;0.0;0.0;0.0
bn:00045087n;5788;5791;HTML;1.0;0.004756134498380609;0.368
bn:00022071n;5793;5801;Structure;0.0;0.0;0.0
bn:03276801n;5793;5809;Structure de base;0.0;0.0;0.0
bn:00008786n;5806;5809;base;0.0;0.0;0.0
bn:00022071n;5811;5819;Structure;0.0;0.0;0.0
bn:00011012n;5823;5830;tableaux;0.0;0.0;0.0
bn:00075813n;5837;5841;table;0.0;0.0;0.0
bn:05004918n;5843;5848;border;0.0;0.0;0.0
bn:00023310n;5950;5954;Cours;0.0;0.0;0.0
bn:00045087n;5965;5968;HTML;1.0;0.004756134498380609;0.368
bn:00022071n;5970;5978;Structure;0.0;0.0;0.0
bn:03276801n;5970;5986;Structure de base;0.0;0.0;0.0
bn:00008786n;5983;5986;base;0.0;0.0;0.0
bn:00045513n;5988;5992;Liens;0.0;0.0;0.0
bn:00045513n;5988;6004;Liens hypertextes;1.0;0.0020161874504004756;0.312
bn:00045542n;5994;6004;hypertextes;0.0;0.0;0.0
bn:00045513n;6009;6012;href;1.0;0.0020161874504004756;0.312
bn:00074600n;6015;6021;adresse;0.0;0.0;0.0
bn:00080778n;6023;6025;web;0.0;0.0;0.0
bn:00076732n;6028;6032;texte;0.8187677640265872;0.007366256685202613;0.5252918287937743
bn:00076732n;6038;6042;texte;0.8187677640265872;0.007366256685202613;0.5252918287937743
bn:00083294v;6044;6050;devient;0.0;0.0;0.0
bn:00015038n;6087;6092;clique;0.7384615384615385;2.8993876251720002e-05;0.04669260700389105
bn:00076732n;6098;6102;texte;0.8187677640265872;0.007366256685202613;0.5252918287937743
bn:00093013v;6109;6110;va;0.0;0.0;0.0
bn:00074600n;6117;6123;adresse;0.0;0.0;0.0
bn:00074600n;6133;6139;adresse;0.0;0.0;0.0
bn:05005256n;6133;6143;adresse web;0.0;0.0;0.0
bn:00080778n;6141;6143;web;0.0;0.0;0.0
bn:00045088n;6157;6160;http;0.9406142711329684;0.004082096160606745;0.36186770428015563
bn:00881840n;6189;6201;Documentation;0.0;0.0;0.0
bn:00045087n;6203;6206;HTML;1.0;0.00970086776255465;0.5136186770428015
bn:00076732n;6215;6219;texte;0.8187677640265872;0.007366256685202613;0.5252918287937743
bn:00881840n;6221;6233;Documentation;0.0;0.0;0.0
bn:00045087n;6235;6238;HTML;1.0;0.00970086776255465;0.5136186770428015
bn:00083187v;6240;6242;est;0.0;0.0;0.0
bn:00045513n;6247;6250;lien;0.7314452705316086;0.0034269150958630167;0.35797665369649806
bn:00060158n;6260;6263;page;0.0;0.0;0.0
bn:00080778n;6260;6267;page web;1.0;0.0055776969439246355;0.44357976653696496
bn:00074600n;6277;6283;adresse;0.0;0.0;0.0
bn:00083187v;6285;6287;est;0.0;0.0;0.0
bn:00045513n;6323;6326;href;1.0;0.003482889384737865;0.36186770428015563
bn:00074798n;6344;6348;trucs;0.0;0.0;0.0
bn:00076732n;6357;6361;texte;0.8187677640265872;0.007366256685202613;0.5252918287937743
bn:00074798n;6366;6370;trucs;0.0;0.0;0.0
bn:00083187v;6372;6374;est;0.0;0.0;0.0
bn:00045513n;6379;6382;lien;0.7229939254916954;0.0034269150958630167;0.35797665369649806
bn:00060158n;6392;6395;page;0.0;0.0;0.0
bn:00080778n;6392;6399;page web;1.0;0.0055776969439246355;0.44357976653696496
bn:00062699n;6426;6432;endroit;0.0;0.0;0.0
bn:00060158n;6441;6444;page;0.0;0.0;0.0
bn:00107963a;6446;6453;courante;0.8791208791208791;4.83231270862e-05;0.058365758754863814
bn:00023310n;6458;6462;Cours;0.0;0.0;0.0
bn:00045087n;6473;6476;HTML;1.0;0.00970086776255465;0.5136186770428015
bn:00022071n;6478;6486;Structure;0.0;0.0;0.0
bn:03276801n;6478;6494;Structure de base;0.0;0.0;0.0
bn:00008786n;6491;6494;base;0.0;0.0;0.0
bn:00045772n;6496;6501;Images;0.0;0.0;0.0
bn:00045772n;6515;6519;image;0.0;0.0;0.0
bn:02450504n;6524;6526;img;1.0;1.6107709028733333e-06;0.007782101167315175
bn:04762064n;6528;6530;src;1.0;8.053854514366667e-07;0.007782101167315175
bn:00074600n;6533;6539;adresse;0.0;0.0;0.0
bn:05005256n;6533;6543;adresse web;0.0;0.0;0.0
bn:00080778n;6541;6543;web;0.0;0.0;0.0
bn:00045772n;6545;6549;image;0.0;0.0;0.0
bn:00947370n;6560;6565;balise;0.0;0.0;0.0
bn:00074600n;6587;6593;adresse;0.0;0.0;0.0
bn:05005256n;6587;6597;adresse web;0.0;0.0;0.0
bn:00080778n;6595;6597;web;0.0;0.0;0.0
bn:00045772n;6599;6603;image;0.0;0.0;0.0
bn:00074600n;6607;6613;adresse;0.0;0.0;0.0
bn:05005256n;6607;6617;adresse web;0.0;0.0;0.0
bn:00080778n;6615;6617;web;0.0;0.0;0.0
bn:00085686v;6622;6629;chercher;0.8011869436201781;0.000380544625803825;0.16342412451361868
bn:00045772n;6634;6638;image;0.0;0.0;0.0
bn:00023310n;6643;6647;Cours;0.0;0.0;0.0
bn:00045087n;6658;6661;HTML;1.0;0.00970086776255465;0.5136186770428015
bn:14352118n;6663;6673;Formulaires;0.0;0.0;0.0
bn:14352118n;6675;6685;Formulaires;0.0;0.0;0.0
bn:00030721n;6698;6706;Objectifs;0.0;0.0;0.0
bn:00082209v;6710;6716;accéder;0.0;0.0;0.0
bn:00060158n;6724;6727;page;0.0;0.0;0.0
bn:00101917a;6731;6739;dynamique;0.0;0.0;0.0
bn:00060585n;6760;6769;paramètres;0.0;0.0;0.0
bn:00082537v;6773;6781;permettre;0.0;0.0;0.0
bn:00079373n;6788;6798;utilisateur;0.9512616660905634;0.0011082103811768534;0.2490272373540856
bn:00085207v;6803;6808;saisir;0.0;0.0;0.0
bn:00060585n;6814;6823;paramètres;0.0;0.0;0.0
bn:00003570n;6828;6834;Comment;0.9245283018867925;9.865971780099168e-06;0.027237354085603113
bn:00082705v;6841;6849;utilisant;0.0;0.0;0.0
bn:00034265n;6855;6860;champs;0.0;0.0;0.0
bn:00111786a;6862;6869;textuels;1.0;0.00047054645000187253;0.15953307392996108
bn:00071253n;6877;6882;listes;0.0;0.0;0.0
bn:13717081n;6877;6894;listes déroulantes;0.0;0.0;0.0
bn:03157691n;6902;6915;cases à cocher;1.0;0.0009070653646805458;0.20622568093385213
bn:00020125n;6910;6915;cocher;0.0;0.0;0.0
bn:00021395n;6935;6944;composants;0.0;0.0;0.0
bn:00015774n;6949;6954;saisie;0.0;0.0;0.0
bn:00082477v;6956;6965;correspond;0.0;0.0;0.0
bn:00060585n;6970;6978;paramètre;0.0;0.0;0.0
bn:00023310n;6983;6987;Cours;0.0;0.0;0.0
bn:00045087n;6998;7001;HTML;1.0;0.00970086776255465;0.5136186770428015
bn:14352118n;7003;7013;Formulaires;0.0;0.0;0.0
bn:14352118n;7015;7025;Formulaires;0.0;0.0;0.0
bn:00947370n;7029;7034;balise;0.0;0.0;0.0
bn:00099598a;7036;7045;principale;0.0;0.0;0.0
bn:00001130n;7053;7058;action;0.0;0.0;0.0
bn:00074600n;7061;7067;adresse;0.0;0.0;0.0
bn:05005256n;7061;7071;adresse web;0.0;0.0;0.0
bn:00080778n;7069;7071;web;0.0;0.0;0.0
bn:01500184n;7083;7086;POST;1.0;0.0006433016293350375;0.17509727626459143
bn:00056758n;7096;7098;nom;0.0;0.0;0.0
bn:00022154n;7102;7108;contenu;0.0;0.0;0.0
bn:14352118n;7110;7119;formulaire;0.0;0.0;0.0
bn:00022154n;7129;7135;contenu;0.0;0.0;0.0
bn:14352118n;7137;7146;formulaire;0.0;0.0;0.0
bn:00076732n;7153;7157;texte;0.8187677640265872;0.007366256685202613;0.5252918287937743
bn:00083225v;7159;7167;contenant;0.0;0.0;0.0
bn:00060807n;7172;7182;particulier;0.0;0.0;0.0
bn:00947370n;7187;7193;balises;0.0;0.0;0.0
bn:00085839v;7195;7206;représentant;0.0;0.0;0.0
bn:00101350a;7212;7221;différents;0.0;0.0;0.0
bn:00021395n;7223;7232;composants;0.0;0.0;0.0
bn:00015774n;7237;7242;saisie;0.0;0.0;0.0
bn:00074600n;7246;7252;adresse;0.0;0.0;0.0
bn:05005256n;7246;7256;adresse web;0.0;0.0;0.0
bn:00080778n;7254;7256;web;0.0;0.0;0.0
bn:00074600n;7263;7269;adresse;0.0;0.0;0.0
bn:00060158n;7277;7280;page;0.0;0.0;0.0
bn:00080778n;7277;7284;page web;1.0;0.0055776969439246355;0.44357976653696496
bn:00937946n;7277;7294;page web dynamique;1.0;0.0022619250403598783;0.31906614785992216
bn:00080778n;7282;7284;web;0.0;0.0;0.0
bn:00101917a;7286;7294;dynamique;0.0;0.0;0.0
bn:00095805v;7310;7317;souhaite;0.0;0.0;0.0
bn:00082209v;7319;7325;accéder;0.0;0.0;0.0
bn:14352118n;7334;7343;formulaire;0.0;0.0;0.0
bn:01500184n;7347;7350;POST;1.0;0.0006433016293350375;0.17509727626459143
bn:00054625n;7357;7363;méthode;0.0;0.0;0.0
bn:00078024n;7368;7379;transmission;0.0;0.0;0.0
bn:00060585n;7384;7393;paramètres;0.0;0.0;0.0
bn:13601970v;7400;7403;peut;0.0;0.0;0.0
bn:00116128r;7405;7413;également;0.0;0.0;0.0
bn:00090224v;7415;7420;mettre;0.0;0.0;0.0
bn:02578196n;7422;7424;GET;1.0;3.2215418057466667e-06;0.01556420233463035
bn:00056758n;7430;7432;nom;0.0;0.0;0.0
bn:00056758n;7439;7441;nom;0.0;0.0;0.0
bn:14352118n;7446;7455;formulaire;0.0;0.0;0.0
bn:00107939a;7459;7467;optionnel;1.0;8.456547240085e-06;0.023346303501945526
bn:00023310n;7474;7478;Cours;0.0;0.0;0.0
bn:00045087n;7489;7492;HTML;1.0;0.00970086776255465;0.5136186770428015
bn:14352118n;7494;7504;Formulaires;0.0;0.0;0.0
bn:14352118n;7506;7516;Formulaires;0.0;0.0;0.0
bn:00076732n;7530;7534;texte;0.8187677640265872;0.007366256685202613;0.5252918287937743
bn:00016413n;7543;7546;type;0.0;0.0;0.0
bn:14981519n;7549;7552;text;1.0;0.00036906788312085254;0.1517509727626459
bn:00056758n;7562;7564;nom;0.0;0.0;0.0
bn:00064156n;7568;7572;Créée;1.0;1.8121172657325002e-06;0.011673151750972763
bn:00034265n;7577;7581;champ;0.0;0.0;0.0
bn:15987694n;7577;7584;champ de;1.0;8.053854514366667e-07;0.007782101167315175
bn:03113401n;7577;7591;champ de saisie;1.0;0.001170627753663195;0.22178988326848248
bn:00014457n;7602;7606;ligne;0.0;0.0;0.0
bn:00076732n;7611;7615;texte;0.8187677640265872;0.007366256685202613;0.5252918287937743
bn:00056758n;7620;7622;nom;0.0;0.0;0.0
bn:00083187v;7624;7626;est;0.0;0.0;0.0
bn:00056758n;7631;7633;nom;0.0;0.0;0.0
bn:00060585n;7638;7646;paramètre;0.0;0.0;0.0
bn:00082477v;7648;7660;correspondant;0.0;0.0;0.0
bn:00021395n;7667;7675;composant;0.0;0.0;0.0
bn:13601970v;7683;7686;peut;0.0;0.0;0.0
bn:00082317v;7688;7694;ajouter;0.0;0.0;0.0
bn:02910696n;7700;7708;attributs;0.0;0.0;0.0
bn:00103171a;7710;7717;suivants;0.8944099378881988;2.8993876251720002e-05;0.04669260700389105
bn:03645138n;7721;7724;size;1.0;1.8121172657325e-05;0.03501945525291829
bn:00058285n;7730;7735;nombre;0.7781091468101461;0.00509567375123979;0.44357976653696496
bn:00080339n;7744;7749;taille;0.0;0.0;0.0
bn:00034265n;7754;7758;champ;0.0;0.0;0.0
bn:00017748n;7763;7772;caractères;0.0;0.0;0.0
bn:00029680n;7787;7792;valeur;0.0;0.0;0.0
bn:00076732n;7798;7802;texte;0.8187677640265872;0.007366256685202613;0.5252918287937743
bn:00104094a;7814;7818;utile;0.0;0.0;0.0
bn:00090884v;7825;7832;modifier;0.0;0.0;0.0
bn:00046698n;7838;7849;informations;0.0;0.0;0.0
bn:13601970v;7857;7860;peut;0.0;0.0;0.0
bn:00092816v;7862;7870;remplacer;0.0;0.0;0.0
bn:00016413n;7872;7875;type;0.0;0.0;0.0
bn:14981519n;7878;7881;text;1.0;0.00036906788312085254;0.1517509727626459
bn:00016413n;7889;7892;type;0.0;0.0;0.0
bn:00086682v;7912;7915;veut;0.0;0.0;0.0
bn:00087013v;7917;7924;afficher;0.0;0.0;0.0
bn:00051754n;7935;7938;lieu;0.0;0.0;0.0
bn:00050802n;7943;7949;lettres;0.0;0.0;0.0
bn:00015774n;7962;7967;saisie;0.0;0.0;0.0
bn:00947370n;7979;7984;balise;0.0;0.0;0.0
bn:00023310n;7998;8002;Cours;0.0;0.0;0.0
bn:00045087n;8013;8016;HTML;1.0;0.00970086776255465;0.5136186770428015
bn:14352118n;8018;8028;Formulaires;0.0;0.0;0.0
bn:14352118n;8030;8040;Formulaires;0.0;0.0;0.0
bn:00111630a;8057;8061;grand;0.0;0.0;0.0
bn:00076732n;8063;8067;texte;0.8187677640265872;0.007366256685202613;0.5252918287937743
bn:00056758n;8085;8087;nom;0.0;0.0;0.0
bn:03611246n;8091;8094;rows;1.0;8.879374602089251e-05;0.08171206225680934
bn:00020518n;8101;8104;cols;0.0;0.0;0.0
bn:00022154n;8111;8117;contenu;0.0;0.0;0.0
bn:00085207v;8123;8127;saisi;0.0;0.0;0.0
bn:00064156n;8141;8145;Créée;1.0;1.8121172657325002e-06;0.011673151750972763
bn:00034265n;8150;8154;champ;0.0;0.0;0.0
bn:15987694n;8150;8157;champ de;1.0;8.053854514366667e-07;0.007782101167315175
bn:03113401n;8150;8164;champ de saisie;1.0;0.001170627753663195;0.22178988326848248
bn:00076732n;8174;8178;texte;0.8187677640265872;0.007366256685202613;0.5252918287937743
bn:00014457n;8194;8199;lignes;0.0;0.0;0.0
bn:00056758n;8204;8206;nom;0.0;0.0;0.0
bn:00083187v;8208;8210;est;0.0;0.0;0.0
bn:00056758n;8215;8217;nom;0.0;0.0;0.0
bn:00060585n;8222;8230;paramètre;0.0;0.0;0.0
bn:00082477v;8232;8244;correspondant;0.0;0.0;0.0
bn:00021395n;8251;8259;composant;0.0;0.0;0.0
bn:00083187v;8266;8268;est;0.0;0.0;0.0
bn:00043544n;8273;8279;hauteur;0.0;0.0;0.0
bn:00021395n;8284;8292;composant;0.0;0.0;0.0
bn:00058285n;8297;8302;nombre;0.7781091468101461;0.00509567375123979;0.44357976653696496
bn:00014457n;8307;8312;lignes;0.0;0.0;0.0
bn:00012893n;8326;8332;largeur;0.0;0.0;0.0
bn:00021395n;8337;8345;composant;0.0;0.0;0.0
bn:00058285n;8350;8355;nombre;0.7781091468101461;0.00509567375123979;0.44357976653696496
bn:00017748n;8360;8369;caractères;0.0;0.0;0.0
bn:00022154n;8377;8383;contenu;0.0;0.0;0.0
bn:00085207v;8389;8393;saisi;0.0;0.0;0.0
bn:00083187v;8400;8403;être;0.0;0.0;0.0
bn:00102176a;8405;8408;vide;0.7557251908396947;1.99332899230575e-05;0.03501945525291829
bn:00083225v;8416;8423;contient;0.0;0.0;0.0
bn:00947370n;8428;8433;balise;0.0;0.0;0.0
bn:00023310n;8438;8442;Cours;0.0;0.0;0.0
bn:00045087n;8453;8456;HTML;1.0;0.00970086776255465;0.5136186770428015
bn:14352118n;8458;8468;Formulaires;0.0;0.0;0.0
bn:14352118n;8470;8480;Formulaires;0.0;0.0;0.0
bn:00060585n;8484;8493;paramètres;0.0;0.0;0.0
bn:00099033a;8495;8500;cachés;1.0;8.053854514366667e-07;0.007782101167315175
bn:00016413n;8509;8512;type;0.0;0.0;0.0
bn:00056758n;8530;8532;nom;0.0;0.0;0.0
bn:00079476n;8543;8545;val;1.0;4.2282736200425e-05;0.054474708171206226
bn:00088815v;8559;8564;donner;0.0;0.0;0.0
bn:00029680n;8569;8574;valeur;0.0;0.0;0.0
bn:00079476n;8576;8578;val;1.0;4.2282736200425e-05;0.054474708171206226
bn:00060585n;8583;8591;paramètre;0.0;0.0;0.0
bn:00056758n;8593;8595;nom;0.0;0.0;0.0
bn:00021395n;8603;8611;composant;0.0;0.0;0.0
bn:00083187v;8616;8618;est;0.0;0.0;0.0
bn:00087013v;8624;8630;affiché;0.0;0.0;0.0
bn:00086464v;8646;8654;spécifier;0.0;0.0;0.0
bn:03885719n;8659;8669;identifiant;0.0;0.0;0.0
bn:14352118n;8679;8688;formulaire;0.0;0.0;0.0
bn:00001410n;8693;8704;modification;0.0;0.0;0.0
bn:00046698n;8709;8720;informations;0.0;0.0;0.0
bn:00008786n;8728;8731;base;0.0;0.0;0.0
bn:00947370n;8743;8748;balise;0.0;0.0;0.0
bn:00023310n;8759;8763;Cours;0.0;0.0;0.0
bn:00045087n;8774;8777;HTML;1.0;0.00970086776255465;0.5136186770428015
bn:14352118n;8779;8789;Formulaires;0.0;0.0;0.0
bn:14352118n;8791;8801;Formulaires;0.0;0.0;0.0
bn:00071253n;8805;8809;liste;0.0;0.0;0.0
bn:00028831n;8805;8820;liste déroulante;1.0;0.0008112244959595826;0.19844357976653695
bn:00056758n;8836;8838;nom;0.0;0.0;0.0
bn:00059228n;8843;8848;option;0.0;0.0;0.0
bn:00076732n;8863;8867;Texte;0.8187677640265872;0.007366256685202613;0.5252918287937743
bn:00059228n;8881;8886;option;0.0;0.0;0.0
bn:00076732n;8901;8905;Texte;0.8187677640265872;0.007366256685202613;0.5252918287937743
bn:00064156n;8932;8936;Créée;1.0;1.8121172657325002e-06;0.011673151750972763
bn:00071253n;8942;8946;liste;0.0;0.0;0.0
bn:00028831n;8942;8957;liste déroulante;1.0;0.0008112244959595826;0.19844357976653695
bn:00088733v;8959;8963;ayant;0.0;0.0;0.0
bn:00057001n;8971;8979;sélection;0.0;0.0;0.0
bn:00108829a;8981;8988;possible;0.0;0.0;0.0
bn:00076732n;8990;8994;Texte;0.8187677640265872;0.007366256685202613;0.5252918287937743
bn:00076732n;9000;9004;Texte;0.8187677640265872;0.007366256685202613;0.5252918287937743
bn:00029680n;9022;9027;valeur;0.0;0.0;0.0
bn:00060585n;9032;9040;paramètre;0.0;0.0;0.0
bn:00056758n;9042;9044;nom;0.0;0.0;0.0
bn:00083187v;9046;9048;est;0.0;0.0;0.0
bn:00057001n;9064;9072;sélection;0.0;0.0;0.0
bn:00079373n;9089;9099;utilisateur;0.8889489327208863;0.0012277635782628378;0.2079646017699115
bn:00076732n;9113;9117;Texte;0.7156087644002711;0.005911177835770015;0.3893805309734513
bn:00076732n;9131;9135;Texte;0.7156087644002711;0.005911177835770015;0.3893805309734513
bn:02910696n;9151;9158;attribut;0.0;0.0;0.0
bn:00083187v;9166;9168;est;0.0;0.0;0.0
bn:00107939a;9170;9178;optionnel;1.0;3.731804189248747e-05;0.04424778761061947
bn:00011197n;9187;9192;défaut;0.0;0.0;0.0
bn:00083187v;9197;9199;est;0.0;0.0;0.0
bn:00076732n;9204;9208;texte;0.7156087644002711;0.005911177835770015;0.3893805309734513
bn:00947370n;9218;9223;balise;0.0;0.0;0.0
bn:00084450v;9246;9249;peut;0.7575757575757576;9.329510473121867e-06;0.022123893805309734
bn:00082317v;9251;9257;ajouter;0.0;0.0;0.0
bn:00947370n;9288;9294;balises;0.0;0.0;0.0
bn:00059228n;9296;9302;options;0.0;0.0;0.0
bn:00041543n;9309;9311;pré;0.717948717948718;2.089810345979298e-05;0.030973451327433628
bn:00084931v;9313;9324;sélectionner;0.958904109589041;5.224525864948245e-05;0.030973451327433628
bn:00059228n;9332;9337;option;0.0;0.0;0.0
bn:00023310n;9342;9346;Cours;0.0;0.0;0.0
bn:00045087n;9357;9360;HTML;1.0;0.009303014663378201;0.42920353982300885
bn:14352118n;9362;9372;Formulaires;0.0;0.0;0.0
bn:14352118n;9374;9384;Formulaires;0.0;0.0;0.0
bn:00014306n;9388;9394;boutons;0.0;0.0;0.0
bn:00074932n;9399;9408;soumission;0.0;0.0;0.0
bn:00016413n;9417;9420;type;0.0;0.0;0.0
bn:00076732n;9439;9443;texte;0.7156087644002711;0.005911177835770015;0.3893805309734513
bn:00064156n;9447;9451;Créée;1.0;3.731804189248747e-07;0.004424778761061947
bn:00014306n;9456;9461;bouton;0.0;0.0;0.0
bn:00082306v;9463;9473;déclenchant;0.9969230769230769;0.0001209104557316594;0.07964601769911504
bn:00051677n;9478;9487;chargement;0.0;0.0;0.0
bn:00060158n;9495;9498;page;0.0;0.0;0.0
bn:00026601n;9503;9513;destination;0.0;0.0;0.0
bn:02910696n;9517;9524;attribut;0.0;0.0;0.0
bn:00001130n;9526;9531;action;0.0;0.0;0.0
bn:00947370n;9539;9544;balise;0.0;0.0;0.0
bn:00076732n;9558;9562;texte;0.7156087644002711;0.005911177835770015;0.3893805309734513
bn:00083187v;9564;9566;est;0.0;0.0;0.0
bn:00076732n;9571;9575;texte;0.7156087644002711;0.005911177835770015;0.3893805309734513
bn:00083187v;9581;9584;sera;0.0;0.0;0.0
bn:00087013v;9586;9592;affiché;0.9523809523809523;3.731804189248747e-05;0.04424778761061947
bn:00014306n;9601;9606;bouton;0.0;0.0;0.0
bn:00016413n;9618;9621;type;0.0;0.0;0.0
bn:00076732n;9639;9643;texte;0.7156087644002711;0.005911177835770015;0.3893805309734513
bn:00064156n;9647;9651;Créée;1.0;3.731804189248747e-07;0.004424778761061947
bn:00014306n;9656;9661;bouton;0.0;0.0;0.0
bn:00082306v;9663;9673;déclenchant;0.9969230769230769;0.0001209104557316594;0.07964601769911504
bn:00067306n;9678;9693;réinitialisation;1.0;0.00023174504015234718;0.10176991150442478
bn:14352118n;9698;9707;formulaire;0.0;0.0;0.0
bn:00082705v;9714;9722;utilisant;0.0;0.0;0.0
bn:00029680n;9728;9734;valeurs;0.0;0.0;0.0
bn:00076732n;9774;9778;texte;0.7156087644002711;0.005911177835770015;0.3893805309734513
bn:00083187v;9780;9782;est;0.0;0.0;0.0
bn:00076732n;9787;9791;texte;0.7156087644002711;0.005911177835770015;0.3893805309734513
bn:00083187v;9797;9800;sera;0.0;0.0;0.0
bn:00087013v;9802;9808;affiché;0.9523809523809523;3.731804189248747e-05;0.04424778761061947
bn:00014306n;9817;9822;bouton;0.0;0.0;0.0
bn:00023310n;9827;9831;Cours;0.0;0.0;0.0
bn:00045087n;9842;9845;HTML;1.0;0.009303014663378201;0.42920353982300885
bn:14352118n;9847;9857;Formulaires;0.0;0.0;0.0
bn:00045087n;9859;9862;HTML;1.0;0.009303014663378201;0.42920353982300885
bn:00054625n;9866;9873;méthodes;0.0;0.0;0.0
bn:00078024n;9878;9889;transmission;0.0;0.0;0.0
bn:00060585n;9894;9903;paramètres;0.0;0.0;0.0
bn:00054625n;9910;9917;méthodes;0.0;0.0;0.0
bn:00078024n;9922;9933;transmission;0.0;0.0;0.0
bn:00060585n;9938;9947;paramètres;0.0;0.0;0.0
bn:02578196n;9949;9951;GET;1.0;5.970886702797995e-06;0.017699115044247787
bn:00060585n;9957;9966;paramètres;0.0;0.0;0.0
bn:00083187v;9968;9971;sont;0.0;0.0;0.0
bn:00074600n;9989;9995;adresse;0.0;0.0;0.0
bn:00060158n;10003;10006;page;0.0;0.0;0.0
bn:00030720n;10015;10017;fin;0.0;0.0;0.0
bn:00082335v;10025;10031;adresse;0.0;0.0;0.0
bn:00082317v;10038;10043;ajoute;0.0;0.0;0.0
bn:00017748n;10048;10056;caractère;0.0;0.0;0.0
bn:00060585n;10077;10085;paramètre;0.0;0.0;0.0
bn:00082317v;10090;10095;ajoute;0.0;0.0;0.0
bn:00056758n;10097;10099;nom;0.0;0.0;0.0
bn:00079476n;10101;10103;val;1.0;5.224525864948245e-05;0.04424778761061947
bn:00060585n;10109;10118;paramètres;0.0;0.0;0.0
bn:00083187v;10120;10123;sont;0.0;0.0;0.0
bn:00017748n;10140;10148;caractère;0.0;0.0;0.0
bn:00086464v;10163;10171;spécifier;0.0;0.0;0.0
bn:00060585n;10177;10186;paramètres;0.0;0.0;0.0
bn:00045513n;10196;10199;lien;0.0;0.0;0.0
bn:00045513n;10196;10210;lien hypertexte;1.0;0.002389101041957048;0.2920353982300885
bn:01500184n;10215;10218;POST;0.9912357581069238;0.00042206705380403326;0.12831858407079647
bn:00060585n;10224;10233;paramètres;0.0;0.0;0.0
bn:00083187v;10235;10238;sont;0.0;0.0;0.0
bn:00115904r;10248;10257;séparément;1.0;1.4927216756994987e-06;0.008849557522123894
bn:00074600n;10265;10271;adresse;0.0;0.0;0.0
bn:05005256n;10265;10275;adresse web;0.0;0.0;0.0
bn:00080778n;10273;10275;web;0.0;0.0;0.0
bn:00051948n;10280;10283;Plus;0.0;0.0;0.0
bn:00108880a;10285;10292;pratique;0.7586206896551724;7.388972294712519e-05;0.048672566371681415
bn:14352118n;10303;10313;formulaires;0.0;0.0;0.0
bn:00023310n;10318;10322;Cours;0.0;0.0;0.0
bn:01753580n;10333;10335;Php;1.0;0.006721352525255918;0.3672566371681416
bn:01648657n;10337;10347;Généralités;0.0;0.0;0.0
bn:01753580n;10349;10351;Php;1.0;0.006721352525255918;0.3672566371681416
bn:00021475n;10356;10362;fichier;0.9670087471588953;0.010478906163410481;0.5176991150442478
bn:01753580n;10364;10366;Php;1.0;0.006721352525255918;0.3672566371681416
bn:00083187v;10368;10370;est;0.0;0.0;0.0
bn:00084976v;10375;10378;code;0.9473684210526315;0.00013434495081295487;0.06637168141592921
bn:00072947n;10375;10385;code source;0.9998411626891157;0.00939630976810942;0.4823008849557522
bn:00040284n;10380;10385;source;0.0;0.0;0.0
bn:00023295n;10393;10401;programme;0.0;0.0;0.0
bn:00023295n;10409;10417;programme;0.0;0.0;0.0
bn:00014202n;10426;10428;but;0.0;0.0;0.0
bn:00088725v;10433;10439;générer;0.0;0.0;0.0
bn:00060158n;10445;10448;page;0.0;0.0;0.0
bn:00045087n;10450;10453;HTML;1.0;0.009303014663378201;0.42920353982300885
bn:01753580n;10458;10460;Php;1.0;0.006721352525255918;0.3672566371681416
bn:00083187v;10462;10464;est;0.0;0.0;0.0
bn:00049910n;10469;10475;langage;0.7626720375965089;0.01950091597133825;0.6283185840707964
bn:01246770n;10469;10485;langage impératif;1.0;0.002458512599877074;0.23893805309734514
bn:00104643a;10477;10485;impératif;0.0;0.0;0.0
bn:00099857a;10487;10492;proche;0.0;0.0;0.0
bn:00023310n;10500;10504;Cours;0.0;0.0;0.0
bn:01753580n;10515;10517;Php;1.0;0.006721352525255918;0.3672566371681416
bn:01648657n;10519;10529;Généralités;0.0;0.0;0.0
bn:01753580n;10531;10533;Php;1.0;0.006721352525255918;0.3672566371681416
bn:00016413n;10542;10546;types;0.0;0.0;0.0
bn:00005513n;10553;10557;zones;0.7222998137802608;0.0023159576798477723;0.25663716814159293
bn:00005513n;10589;10593;Zones;0.7222998137802608;0.0023159576798477723;0.25663716814159293
bn:00020354n;10616;10619;code;0.9046590141796084;0.0049998712527554705;0.38495575221238937
bn:00087823v;10627;10634;exécuter;0.0;0.0;0.0
bn:00096782a;10638;10646;similaire;0.0;0.0;0.0
bn:00020354n;10653;10656;code;0.9046590141796084;0.0049998712527554705;0.38495575221238937
bn:00005513n;10665;10669;Zones;0.7222998137802608;0.0023159576798477723;0.25663716814159293
bn:00032429n;10676;10684;extérieur;0.0;0.0;0.0
bn:00076732n;10704;10708;texte;0.7156087644002711;0.005911177835770015;0.3893805309734513
bn:00947370n;10713;10719;balises;0.0;0.0;0.0
bn:00115031r;10741;10751;directement;0.0;0.0;0.0
bn:00022154n;10761;10767;contenu;0.0;0.0;0.0
bn:00045087n;10769;10772;HTML;1.0;0.009303014663378201;0.42920353982300885
bn:00088725v;10774;10779;généré;0.0;0.0;0.0
bn:00023310n;10784;10788;Cours;0.0;0.0;0.0
bn:01753580n;10799;10801;Php;1.0;0.006721352525255918;0.3672566371681416
bn:01648657n;10803;10813;Généralités;0.0;0.0;0.0
bn:01753580n;10815;10817;Php;1.0;0.006721352525255918;0.3672566371681416
bn:00079582n;10821;10829;variables;0.0;0.0;0.0
bn:00056758n;10834;10836;nom;0.0;0.0;0.0
bn:00113501a;10845;10852;variable;0.0;0.0;0.0
bn:00083342v;10854;10861;commence;0.0;0.0;0.0
bn:00079373n;10878;10888;utilisateur;0.8889489327208863;0.0012277635782628378;0.2079646017699115
bn:02806034n;10907;10917;Affectation;0.8760736196319019;0.0018651557337865236;0.22566371681415928
bn:00029680n;10937;10942;valeur;0.0;0.0;0.0
bn:00079582n;10950;10958;variables;0.0;0.0;0.0
bn:00083187v;10963;10966;sont;0.0;0.0;0.0
bn:00115285r;10972;10984;explicitement;1.0;1.3434495081295488e-05;0.02654867256637168
bn:00113501a;11012;11019;variable;0.0;0.0;0.0
bn:00083184v;11021;11026;existe;1.0;1.119541256774624e-06;0.004424778761061947
bn:00087107v;11044;11047;fait;0.0;0.0;0.0
bn:02806034n;11053;11063;affectation;0.8760736196319019;0.0018651557337865236;0.22566371681415928
bn:00113501a;11079;11086;variable;0.0;0.0;0.0
bn:00084450v;11088;11091;peut;0.7575757575757576;9.329510473121867e-06;0.022123893805309734
bn:00083225v;11093;11100;contenir;0.0;0.0;0.0
bn:00058285n;11105;11110;nombre;0.8379633468778506;0.007541976266471717;0.415929203539823
bn:00017748n;11129;11138;caractères;0.0;0.0;0.0
bn:00294693n;11145;11151;booléen;1.0;0.0017352889480006673;0.22123893805309736
bn:00066414n;11158;11164;réalité;0.8154176904176904;0.0009907940122455422;0.19911504424778761
bn:00103393a;11169;11174;entier;0.0;0.0;0.0
bn:00011012n;11195;11201;tableau;0.0;0.0;0.0
bn:00023310n;11206;11210;Cours;0.0;0.0;0.0
bn:01753580n;11221;11223;Php;1.0;0.006721352525255918;0.3672566371681416
bn:01648657n;11225;11235;Généralités;0.0;0.0;0.0
bn:01753580n;11237;11239;Php;1.0;0.006721352525255918;0.3672566371681416
bn:00020407n;11243;11252;génération;0.0;0.0;0.0
bn:00022154n;11257;11263;contenu;0.0;0.0;0.0
bn:00054625n;11270;11277;méthodes;0.0;0.0;0.0
bn:00065362n;11281;11286;Mettre;1.0;0.0001712898122865175;0.0752212389380531
bn:00076732n;11291;11295;texte;0.7156087644002711;0.005911177835770015;0.3893805309734513
bn:00032429n;11302;11310;extérieur;0.0;0.0;0.0
bn:00079395n;11331;11338;Utiliser;0.0;0.0;0.0
bn:00020945n;11343;11353;instruction;0.0;0.0;0.0
bn:00029680n;11369;11374;valeur;0.0;0.0;0.0
bn:00029680n;11378;11383;valeur;0.0;0.0;0.0
bn:00083187v;11385;11387;est;0.0;0.0;0.0
bn:00082720v;11389;11394;évalué;0.0;0.0;0.0
bn:00095090v;11400;11409;transformé;0.0;0.0;0.0
bn:00076732n;11414;11418;texte;0.7156087644002711;0.005911177835770015;0.3893805309734513
bn:00076732n;11426;11430;texte;0.7156087644002711;0.005911177835770015;0.3893805309734513
bn:00083187v;11432;11434;est;0.0;0.0;0.0
bn:00082317v;11436;11441;ajouté;0.0;0.0;0.0
bn:01234901n;11448;11452;suite;0.0;0.0;0.0
bn:00022154n;11457;11463;contenu;0.0;0.0;0.0
bn:00045087n;11465;11468;HTML;1.0;0.009303014663378201;0.42920353982300885
bn:00114245r;11470;11473;déjà;0.0;0.0;0.0
bn:00088725v;11475;11480;généré;0.0;0.0;0.0
bn:00084450v;11488;11491;peut;0.7575757575757576;9.329510473121867e-06;0.022123893805309734
bn:00082705v;11493;11500;utiliser;0.0;0.0;0.0
bn:00030098n;11512;11516;place;0.0;0.0;0.0
bn:00084450v;11533;11536;peut;0.7575757575757576;9.329510473121867e-06;0.022123893805309734
bn:00085650v;11538;11547;considérer;0.0;0.0;0.0
bn:00076732n;11556;11560;texte;0.7156087644002711;0.005911177835770015;0.3893805309734513
bn:00090224v;11562;11564;mis;0.0;0.0;0.0
bn:00032429n;11571;11579;extérieur;0.0;0.0;0.0
bn:00083187v;11597;11599;est;0.0;0.0;0.0
bn:00091458v;11601;11605;passé;0.0;0.0;0.0
bn:00005600n;11610;11617;argument;0.0;0.0;0.0
bn:00023310n;11633;11637;Cours;0.0;0.0;0.0
bn:01753580n;11648;11650;Php;1.0;0.006721352525255918;0.3672566371681416
bn:01648657n;11652;11662;Généralités;0.0;0.0;0.0
bn:01753580n;11664;11666;Php;1.0;0.006721352525255918;0.3672566371681416
bn:00017748n;11682;11691;caractères;0.0;0.0;0.0
bn:00047350n;11712;11721;guillemets;0.0;0.0;0.0
bn:00110649a;11723;11729;simples;0.0;0.0;0.0
bn:00028341n;11748;11754;doubles;0.0;0.0;0.0
bn:00113501a;11783;11790;variable;0.0;0.0;0.0
bn:00047350n;11824;11833;guillemets;0.0;0.0;0.0
bn:00087169v;11835;11841;doubles;0.0;0.0;0.0
bn:00083187v;11850;11852;est;0.0;0.0;0.0
bn:00029680n;11871;11876;valeur;0.0;0.0;0.0
bn:00017748n;11904;11913;caractères;0.0;0.0;0.0
bn:00056758n;11935;11937;nom;0.0;0.0;0.0
bn:00083187v;11939;11941;est;0.0;0.0;0.0
bn:00056758n;11944;11946;nom;0.0;0.0;0.0
bn:00079582n;11960;11968;variables;0.0;0.0;0.0
bn:00082691v;11970;11981;apparaissant;1.0;5.970886702797995e-06;0.017699115044247787
bn:00047350n;11992;12001;guillemets;0.0;0.0;0.0
bn:00110649a;12003;12009;simples;0.0;0.0;0.0
bn:00083187v;12014;12017;sont;0.0;0.0;0.0
bn:00085508v;12067;12075;concatène;0.0;0.0;0.0
bn:00056758n;12095;12097;nom;0.0;0.0;0.0
bn:00056758n;12101;12103;nom;0.0;0.0;0.0
bn:00023310n;12115;12119;Cours;0.0;0.0;0.0
bn:01753580n;12130;12132;Php;0.9997631454287068;0.008553941150870872;0.3783783783783784
bn:01648657n;12134;12144;Généralités;0.0;0.0;0.0
bn:01753580n;12146;12148;Php;0.9997631454287068;0.008553941150870872;0.3783783783783784
bn:00059141n;12152;12161;opérateurs;0.0;0.0;0.0
bn:00103325a;12163;12170;courants;0.0;0.0;0.0
bn:01017619n;12172;12184;Arithmétiques;1.0;5.471604147678596e-05;0.04054054054054054
bn:00001296n;12192;12199;addition;0.9839054943312455;0.006287278469693646;0.38288288288288286
bn:00055233n;12209;12220;soustraction;0.9242529534398888;0.0013476358363726912;0.17117117117117117
bn:00090977v;12230;12238;multiplié;0.9322033898305084;5.572930150413385e-05;0.04504504504504504
bn:00084611v;12248;12253;divisé;0.0;0.0;0.0
bn:00553864n;12263;12268;modulo;1.0;0.0005968101561079061;0.13963963963963963
bn:00071671n;12316;12326;comparaison;0.0;0.0;0.0
bn:00031284n;12335;12341;égalité;0.9218500797448166;0.00029283214790353965;0.07657657657657657
bn:00105056a;12351;12359;inférieur;0.0;0.0;0.0
bn:00102489a;12361;12366;strict;0.0;0.0;0.0
bn:00105056a;12377;12385;inférieur;0.0;0.0;0.0
bn:00098887a;12387;12391;large;0.0;0.0;0.0
bn:00027022n;12413;12422;différence;0.0;0.0;0.0
bn:00051845n;12426;12433;Logiques;0.9902627655609393;0.010768420940639681;0.49099099099099097
bn:00178793n;12472;12474;xor;1.0;0.0009286528150643395;0.17567567567567569
bn:00102512a;12481;12488;exclusif;0.8181818181818182;4.103703110758947e-05;0.04054054054054054
bn:00023310n;12505;12509;Cours;0.0;0.0;0.0
bn:01753580n;12520;12522;Php;0.9997631454287068;0.008553941150870872;0.3783783783783784
bn:01648657n;12524;12534;Généralités;0.0;0.0;0.0
bn:01753580n;12536;12538;Php;0.9997631454287068;0.008553941150870872;0.3783783783783784
bn:00011012n;12542;12549;tableaux;0.0;0.0;0.0
bn:00062118n;12551;12557;Syntaxe;0.0;0.0;0.0
bn:00096782a;12559;12567;similaire;0.0;0.0;0.0
bn:00011012n;12581;12587;tableau;0.0;0.0;0.0
bn:00086133v;12597;12602;coucou;1.0;1.2665750341848601e-05;0.02252252252252252
bn:00024287n;12616;12621;coucou;0.0;0.0;0.0
bn:04777941n;12633;12636;case;0.7383467992541951;0.0006018764562446456;0.14864864864864866
bn:00058286n;12638;12643;numéro;0.0;0.0;0.0
bn:14053692n;12638;12645;numéro 2;1.0;4.559670123065497e-06;0.013513513513513514
bn:00011012n;12661;12667;tableau;0.0;0.0;0.0
bn:00076732n;12685;12689;texte;0.0;0.0;0.0
bn:00086133v;12691;12696;coucou;1.0;1.2665750341848601e-05;0.02252252252252252
bn:00011012n;12706;12712;tableau;0.0;0.0;0.0
bn:00029680n;12719;12724;valeur;0.0;0.0;0.0
bn:04777941n;12739;12742;case;0.7365158090514569;0.0006018764562446456;0.14864864864864866
bn:00011012n;12747;12753;tableau;0.0;0.0;0.0
bn:00011012n;12760;12766;tableau;0.0;0.0;0.0
bn:00085072v;12773;12777;range;0.0;0.0;0.0
bn:00029680n;12779;12784;valeur;0.0;0.0;0.0
bn:00103006a;12792;12799;première;0.0;0.0;0.0
bn:04777941n;12801;12804;case;0.7365158090514569;0.0006018764562446456;0.14864864864864866
bn:00011012n;12812;12818;tableau;0.0;0.0;0.0
bn:00089252v;12820;12824;porte;0.0;0.0;0.0
bn:00058286n;12829;12834;numéro;0.0;0.0;0.0
bn:00086008v;12846;12850;créer;0.0;0.0;0.0
bn:00011012n;12855;12861;tableau;0.0;0.0;0.0
bn:00087579v;12863;12866;vide;0.0;0.0;0.0
bn:00084451v;12873;12876;peut;0.9230769230769231;2.4318240656349317e-05;0.02702702702702703
bn:00082705v;12878;12885;utiliser;0.0;0.0;0.0
bn:00011012n;12894;12900;tableau;0.0;0.0;0.0
bn:00023310n;12914;12918;Cours;0.0;0.0;0.0
bn:01753580n;12929;12931;Php;0.9997631454287068;0.008553941150870872;0.3783783783783784
bn:01648657n;12933;12943;Généralités;0.0;0.0;0.0
bn:01753580n;12945;12947;Php;0.9997631454287068;0.008553941150870872;0.3783783783783784
bn:00011012n;12951;12958;tableaux;0.0;0.0;0.0
bn:03848413n;12951;12970;tableaux associatifs;1.0;0.004513060161807494;0.3063063063063063
bn:00097619a;12960;12970;associatifs;1.0;7.751439209211345e-05;0.04054054054054054
bn:00011012n;12972;12978;Tableau;0.0;0.0;0.0
bn:00082868v;12980;12988;associant;0.9881796690307328;0.0004235426914314172;0.0990990990990991
bn:00029680n;12994;12999;valeur;0.0;0.0;0.0
bn:00017748n;13018;13027;caractères;0.0;0.0;0.0
bn:00062118n;13032;13038;Syntaxe;0.0;0.0;0.0
bn:00046516n;13043;13050;personne;0.9460811094767808;0.011405254867827829;0.5045045045045045
bn:15996005n;13053;13058;Prenom;1.0;0.0016961972857803648;0.16216216216216217
bn:04854230n;13077;13083;Associe;1.0;0.0002644608671377988;0.08108108108108109
bn:00029680n;13088;13093;valeur;0.0;0.0;0.0
bn:15996005n;13119;13124;Prenom;1.0;0.0016961972857803648;0.16216216216216217
bn:00046516n;13138;13145;personne;0.9460811094767808;0.011405254867827829;0.5045045045045045
bn:15996005n;13148;13153;Prenom;1.0;0.0016961972857803648;0.16216216216216217
bn:00076732n;13171;13175;texte;0.0;0.0;0.0
bn:00023310n;13185;13189;Cours;0.0;0.0;0.0
bn:01753580n;13200;13202;Php;0.9997631454287068;0.008553941150870872;0.3783783783783784
bn:01648657n;13204;13214;Généralités;0.0;0.0;0.0
bn:01753580n;13216;13218;Php;0.9997631454287068;0.008553941150870872;0.3783783783783784
bn:00022284n;13222;13230;contrôles;0.0;0.0;0.0
bn:00022071n;13232;13241;Structures;0.0;0.0;0.0
bn:00047734n;13232;13254;Structures de contrôles;1.0;0.003945634546492677;0.2972972972972973
bn:00022284n;13246;13254;contrôles;0.0;0.0;0.0
bn:00096782a;13256;13265;similaires;0.0;0.0;0.0
bn:00039869n;13283;13284;if;0.0;0.0;0.0
bn:00017049n;13368;13376;Inclusion;0.0;0.0;0.0
bn:00101268a;13384;13388;autre;0.0;0.0;0.0
bn:00021475n;13390;13396;fichier;0.9495817630296902;0.010467482712517358;0.4369369369369369
bn:01753580n;13398;13400;Php;0.9997631454287068;0.008553941150870872;0.3783783783783784
bn:00056758n;13413;13415;nom;0.0;0.0;0.0
bn:00023310n;13435;13439;Cours;0.0;0.0;0.0
bn:01753580n;13450;13452;Php;0.9997631454287068;0.008553941150870872;0.3783783783783784
bn:01648657n;13454;13464;Généralités;0.0;0.0;0.0
bn:01753580n;13466;13468;Php;0.9997631454287068;0.008553941150870872;0.3783783783783784
bn:00036821n;13472;13480;fonctions;0.0;0.0;0.0
bn:00025928n;13482;13491;Définition;0.9998829313977992;0.004327126946789156;0.32882882882882886
bn:04733431n;13482;13503;Définition de fonction;1.0;9.119340246130993e-06;0.013513513513513514
bn:00036821n;13496;13503;fonction;0.0;0.0;0.0
bn:00056758n;13516;13518;nom;0.0;0.0;0.0
bn:00036821n;13520;13527;fonction;0.0;0.0;0.0
bn:00088506v;13568;13575;renvoyer;0.0;0.0;0.0
bn:00021961n;13580;13587;résultat;0.0;0.0;0.0
bn:00036821n;13598;13605;fonction;0.0;0.0;0.0
bn:00029680n;13616;13621;valeur;0.0;0.0;0.0
bn:00023310n;13625;13629;Cours;0.0;0.0;0.0
bn:01753580n;13640;13642;Php;0.9997631454287068;0.008553941150870872;0.3783783783783784
bn:00053116n;13644;13650;Gestion;0.0;0.0;0.0
bn:01753580n;13667;13669;Php;0.9997631454287068;0.008553941150870872;0.3783783783783784
bn:00019621n;13673;13684;récupération;0.0;0.0;0.0
bn:00060585n;13689;13698;paramètres;0.0;0.0;0.0
bn:00889785n;13714;13725;interpréteur;0.0;0.0;0.0
bn:01753580n;13727;13729;Php;0.9997631454287068;0.008553941150870872;0.3783783783783784
bn:00089742v;13731;13740;initialise;1.0;0.0002563547869190157;0.0990990990990991
bn:00011012n;13745;13751;tableau;0.0;0.0;0.0
bn:03848413n;13745;13762;tableau associatif;0.0;0.0;0.0
bn:00097619a;13753;13762;associatif;1.0;7.751439209211345e-05;0.04054054054054054
bn:00082868v;13768;13774;associe;0.9881796690307328;0.0004235426914314172;0.0990990990990991
bn:00056758n;13785;13787;nom;0.0;0.0;0.0
bn:00060585n;13792;13800;paramètre;0.0;0.0;0.0
bn:00029680n;13805;13810;valeur;0.0;0.0;0.0
bn:00056758n;13818;13820;nom;0.0;0.0;0.0
bn:00011012n;13825;13831;tableau;0.0;0.0;0.0
bn:00089742v;13833;13842;initialisé;1.0;0.0002563547869190157;0.0990990990990991
bn:00086606v;13844;13849;dépend;0.0;0.0;0.0
bn:01641329n;13857;13863;méthode;0.8732394366197183;0.004146260031907558;0.27927927927927926
bn:01500184n;13869;13872;POST;0.9850746268656716;0.0005015637135372046;0.13513513513513514
bn:01641329n;13882;13888;méthode;0.8732394366197183;0.004146260031907558;0.27927927927927926
bn:00045088n;13882;13893;méthode POST;1.0;0.0017326746467648886;0.20270270270270271
bn:01500184n;13890;13893;POST;0.9850746268656716;0.0005015637135372046;0.13513513513513514
bn:01641329n;13909;13915;méthode;0.8732394366197183;0.004146260031907558;0.27927927927927926
bn:00045088n;13909;13919;méthode GET;1.0;0.0017326746467648886;0.20270270270270271
bn:00032100n;13921;13927;Exemple;0.0;0.0;0.0
bn:00087013v;13931;13938;afficher;0.0;0.0;0.0
bn:00029680n;13943;13948;valeur;0.0;0.0;0.0
bn:00060585n;13953;13961;paramètre;0.0;0.0;0.0
bn:00056758n;13963;13965;nom;0.0;0.0;0.0
bn:00083187v;13975;13977;est;0.0;0.0;0.0
bn:00088769v;13979;13986;transmis;0.0;0.0;0.0
bn:01641329n;13995;14001;méthode;0.8732394366197183;0.004146260031907558;0.27927927927927926
bn:00045088n;13995;14006;méthode POST;1.0;0.0017326746467648886;0.20270270270270271
bn:01500184n;14003;14006;POST;0.9850746268656716;0.0005015637135372046;0.13513513513513514
bn:01500184n;14019;14022;POST;0.9850746268656716;0.0005015637135372046;0.13513513513513514
bn:00023310n;14035;14039;Cours;0.0;0.0;0.0
bn:01753580n;14050;14052;Php;0.9997631454287068;0.008553941150870872;0.3783783783783784
bn:00000759n;14054;14058;Accès;0.8193103448275862;0.0018056293687339366;0.24324324324324326
bn:00000759n;14068;14072;Accès;0.8193103448275862;0.0018056293687339366;0.24324324324324326
bn:00008786n;14080;14083;base;0.0;0.0;0.0
bn:00025333n;14080;14093;base de donnée;1.0;0.014621342194630026;0.5
bn:00025314n;14088;14093;donnée;0.8470280006549861;0.01310347867366289;0.4774774774774775
bn:00054018n;14106;14111;étapes;0.0;0.0;0.0
bn:00021901n;14117;14125;Connexion;0.0;0.0;0.0
bn:00025335n;14130;14133;Sgbd;0.0;0.0;0.0
bn:00057001n;14140;14148;Sélection;0.0;0.0;0.0
bn:00008786n;14157;14160;base;0.0;0.0;0.0
bn:00031082n;14167;14171;Envoi;0.0;0.0;0.0
bn:00006362n;14180;14186;requête;0.0;0.0;0.0
bn:00019621n;14193;14204;Récupération;0.0;0.0;0.0
bn:00030627n;14209;14219;utilisation;0.0;0.0;0.0
bn:00021961n;14224;14231;résultat;0.0;0.0;0.0
bn:16858148n;14238;14246;Fermeture;0.8755030181086519;0.0035271581551979984;0.26576576576576577
bn:00021901n;14254;14262;connexion;0.0;0.0;0.0
bn:00084451v;14270;14273;peut;0.9230769230769231;2.4318240656349317e-05;0.02702702702702703
bn:00054018n;14286;14291;étapes;0.0;0.0;0.0
bn:00116285r;14300;14305;autant;1.0;5.0663001367394404e-05;0.04504504504504504
bn:00086682v;14324;14327;veut;0.0;0.0;0.0
bn:00115834r;14329;14333;avant;0.8;8.106080218783105e-06;0.018018018018018018
bn:00085162v;14338;14343;fermer;0.0;0.0;0.0
bn:00021901n;14348;14356;connexion;0.0;0.0;0.0
bn:00054018n;14363;14367;étape;0.0;0.0;0.0
bn:00023310n;14374;14378;Cours;0.0;0.0;0.0
bn:01753580n;14389;14391;Php;0.9997631454287068;0.008553941150870872;0.3783783783783784
bn:00000759n;14393;14397;Accès;0.8193103448275862;0.0018056293687339366;0.24324324324324326
bn:00021901n;14407;14415;Connexion;0.0;0.0;0.0
bn:00021901n;14417;14425;Connexion;0.0;0.0;0.0
bn:00025335n;14430;14433;Sgbd;0.0;0.0;0.0
bn:14874750n;14457;14462;passwd;1.0;0.00042607584149978694;0.13063063063063063
bn:00054050n;14481;14487;machine;0.7049864007252946;0.0019697774931642944;0.24324324324324326
bn:00054050n;14507;14513;machine;0.7049864007252946;0.0019697774931642944;0.24324324324324326
bn:00095236v;14518;14523;tourne;0.8634920634920635;0.0001378033637193128;0.07207207207207207
bn:01753580n;14525;14527;Php;0.9997631454287068;0.008553941150870872;0.3783783783783784
bn:01225760n;14540;14544;mysql;1.0;0.0031735304056535857;0.24324324324324326
bn:00054050n;14555;14561;machine;0.7049864007252946;0.0019697774931642944;0.24324324324324326
bn:00095687v;14564;14567;user;0.0;0.0;0.0
bn:14874750n;14570;14575;passwd;1.0;0.00042607584149978694;0.13063063063063063
bn:00021901n;14595;14603;connexion;0.0;0.0;0.0
bn:00025335n;14608;14611;Sgbd;0.0;0.0;0.0
bn:00018661n;14619;14623;Choix;0.0;0.0;0.0
bn:00008786n;14631;14634;base;0.0;0.0;0.0
bn:00007708n;14639;14640;bd;0.0;0.0;0.0
bn:00021286n;14646;14655;entreprise;0.0;0.0;0.0
bn:01225760n;14661;14665;mysql;1.0;0.0031735304056535857;0.24324324324324326
bn:00007708n;14678;14679;bd;0.0;0.0;0.0
bn:00057001n;14716;14724;selection;0.0;0.0;0.0
bn:00008786n;14732;14735;base;0.0;0.0;0.0
bn:16858148n;14743;14751;Fermeture;0.8755030181086519;0.0035271581551979984;0.26576576576576577
bn:00006362n;14765;14772;requêtes;0.0;0.0;0.0
bn:01225760n;14778;14782;mysql;1.0;0.0031735304056535857;0.24324324324324326
bn:00023310n;14802;14806;Cours;0.0;0.0;0.0
bn:01753580n;14817;14819;Php;0.9997631454287068;0.008553941150870872;0.3783783783783784
bn:00000759n;14821;14825;Accès;0.8193103448275862;0.0018056293687339366;0.24324324324324326
bn:00031082n;14835;14839;Envoi;0.0;0.0;0.0
bn:00006362n;14847;14853;requête;0.0;0.0;0.0
bn:02266432n;14880;14882;SQL;1.0;0.004146260031907558;0.27927927927927926
bn:01225760n;14900;14904;mysql;1.0;0.0031735304056535857;0.24324324324324326
bn:00031485n;14939;14944;Erreur;0.0;0.0;0.0
bn:00019966n;14956;14964;exécution;0.0;0.0;0.0
bn:05011514n;14978;14980;ete;1.0;0.0002229172060165354;0.09009009009009009
bn:00032100n;14988;14994;Exemple;0.0;0.0;0.0
bn:15928884n;14999;15005;salaire;0.9048569527611444;0.0013780336371931278;0.18018018018018017
bn:03513779n;15034;15039;SELECT;0.8083875632682574;0.0011328247105749389;0.19369369369369369
bn:00056758n;15041;15043;nom;0.0;0.0;0.0
bn:14292888n;15050;15056;employe;1.0;3.1917690861458474e-05;0.03153153153153153
bn:15928884n;15071;15077;salaire;0.703811314305247;0.00443469008860765;0.2946058091286307
bn:15928884n;15083;15089;salaire;0.703811314305247;0.00443469008860765;0.2946058091286307
bn:01225760n;15111;15115;mysql;1.0;0.0033717859804348106;0.2572614107883817
bn:00031485n;15150;15155;Erreur;0.0;0.0;0.0
bn:00019966n;15167;15175;exécution;0.0;0.0;0.0
bn:05011514n;15189;15191;ete;1.0;0.00014645892473303553;0.06639004149377593
bn:00061898n;15209;15213;phase;0.9361702127659575;0.0008055240860316954;0.14107883817427386
bn:00010136n;15209;15230;phase de développement;0.0;0.0;0.0
bn:00026696n;15218;15230;développement;0.0;0.0;0.0
bn:00084451v;15237;15240;peut;0.8235294117647058;0.00011307490512477008;0.058091286307053944
bn:00083187v;15242;15245;être;0.0;0.0;0.0
bn:00085368v;15242;15251;être utile;1.0;0.0008055240860316954;0.0912863070539419
bn:00104094a;15247;15251;utile;0.0;0.0;0.0
bn:00087013v;15256;15263;afficher;0.0;0.0;0.0
bn:00031082n;15284;15288;envoi;0.0;0.0;0.0
bn:00025335n;15293;15296;Sgbd;0.0;0.0;0.0
bn:00023310n;15301;15305;Cours;0.0;0.0;0.0
bn:01753580n;15316;15318;Php;1.0;0.008194699909970838;0.36929460580912865
bn:00000663n;15320;15324;Accès;0.0;0.0;0.0
bn:00026699n;15334;15345;Exploitation;0.7303473491773309;0.0008604461828065837;0.14107883817427386
bn:00021961n;15350;15357;résultat;0.0;0.0;0.0
bn:00006362n;15366;15372;requête;0.0;0.0;0.0
bn:00020354n;15374;15377;Code;0.925085358505724;0.0024801095857366236;0.2033195020746888
bn:00691981n;15374;15382;Code type;1.0;6.030661606654404e-05;0.03319502074688797
bn:00016413n;15379;15382;type;0.7376234342898801;0.005992969971612814;0.29045643153526973
bn:00088968v;15389;15397;parcourir;0.9767441860465116;0.00020353482922458614;0.07468879668049792
bn:00021961n;15402;15409;résultat;0.0;0.0;0.0
bn:00000005n;15422;15427;nuplet;0.0;0.0;0.0
bn:01225760n;15431;15435;mysql;1.0;0.0033717859804348106;0.2572614107883817
bn:00029423n;15472;15477;boucle;0.0;0.0;0.0
bn:03237310n;15472;15483;boucle while;1.0;0.0007344484313818399;0.12863070539419086
bn:00082537v;15485;15490;permet;0.0;0.0;0.0
bn:00088968v;15495;15503;parcourir;0.9767441860465116;0.00020353482922458614;0.07468879668049792
bn:00088488v;15522;15528;forment;0.0;0.0;0.0
bn:00021961n;15533;15540;résultat;0.0;0.0;0.0
bn:00078196n;15547;15553;n-uplet;0.0;0.0;0.0
bn:00050151n;15559;15562;tour;0.0;0.0;0.0
bn:00029423n;15567;15572;boucle;0.0;0.0;0.0
bn:00000005n;15580;15585;nuplet;0.0;0.0;0.0
bn:00083187v;15587;15589;est;0.0;0.0;0.0
bn:00011012n;15594;15600;tableau;0.0;0.0;0.0
bn:03848413n;15594;15611;tableau associatif;0.0;0.0;0.0
bn:00097619a;15602;15611;associatif;1.0;3.230711574993431e-06;0.008298755186721992
bn:00082868v;15617;15623;associe;0.0;0.0;0.0
bn:00007068n;15634;15641;attribut;0.7764084507042254;0.0021371157068581547;0.2033195020746888
bn:00021961n;15646;15653;résultat;0.0;0.0;0.0
bn:00029680n;15658;15663;valeur;0.0;0.0;0.0
bn:00078196n;15673;15679;n-uplet;0.0;0.0;0.0
bn:00107963a;15681;15687;courant;0.9075043630017452;0.0002799950031660973;0.08298755186721991
bn:00006362n;15698;15704;requête;0.0;0.0;0.0
bn:00083187v;15706;15708;est;0.0;0.0;0.0
bn:00016287n;15714;15717;mise;0.9821251241310824;0.004792760621502755;0.2863070539419087
bn:00079238n;15714;15724;mise à jour;0.0;0.0;0.0
bn:00000086n;15721;15724;jour;0.0;0.0;0.0
bn:00083187v;15731;15733;est;0.0;0.0;0.0
bn:00112990a;15735;15741;inutile;0.0;0.0;0.0
bn:00088968v;15746;15754;parcourir;0.9767441860465116;0.00020353482922458614;0.07468879668049792
bn:00021961n;15759;15766;résultat;0.0;0.0;0.0
bn:00023310n;15771;15775;Cours;0.0;0.0;0.0
bn:01753580n;15786;15788;Php;1.0;0.008194699909970838;0.36929460580912865
bn:00000663n;15790;15794;Accès;0.0;0.0;0.0
bn:00032100n;15804;15810;Exemple;0.0;0.0;0.0
bn:15928884n;15813;15819;salaire;0.703811314305247;0.00443469008860765;0.2946058091286307
bn:00029536n;15821;15823;max;0.8333333333333334;2.1538077166622873e-05;0.02074688796680498
bn:03513779n;15848;15853;SELECT;0.8310546875;0.0009164451834398033;0.15352697095435686
bn:00056758n;15855;15857;nom;0.0;0.0;0.0
bn:15928884n;15859;15865;salaire;0.703811314305247;0.00443469008860765;0.2946058091286307
bn:14292888n;15872;15878;employe;1.0;4.361460626241132e-05;0.03734439834024896
bn:15928884n;15893;15899;salaire;0.703811314305247;0.00443469008860765;0.2946058091286307
bn:15928884n;15905;15911;salaire;0.703811314305247;0.00443469008860765;0.2946058091286307
bn:01225760n;15933;15937;mysql;1.0;0.0033717859804348106;0.2572614107883817
bn:00031485n;15972;15977;Erreur;0.0;0.0;0.0
bn:00019966n;15989;15997;exécution;0.0;0.0;0.0
bn:05011514n;16011;16013;ete;1.0;0.00014645892473303553;0.06639004149377593
bn:00030618n;16033;16040;Employés;0.0;0.0;0.0
bn:00084089v;16042;16048;gagnant;0.0;0.0;0.0
bn:00116104r;16050;16054;moins;0.0;0.0;0.0
bn:00102922a;16050;16057;moins de;0.0;0.0;0.0
bn:15928884n;16064;16070;salaire;0.703811314305247;0.00443469008860765;0.2946058091286307
bn:00031888n;16076;16080;euros;0.9765258215962441;0.0010079820113979504;0.14937759336099585
bn:00078738n;16086;16087;an;0.0;0.0;0.0
bn:00000005n;16107;16112;nuplet;0.0;0.0;0.0
bn:01225760n;16116;16120;mysql;1.0;0.0033717859804348106;0.2572614107883817
bn:00056758n;16149;16151;nom;0.0;0.0;0.0
bn:03811108n;16175;16177;sal;0.0;0.0;0.0
bn:00000005n;16182;16187;nuplet;0.0;0.0;0.0
bn:00056758n;16216;16218;nom;0.0;0.0;0.0
bn:00084089v;16220;16224;gagne;0.0;0.0;0.0
bn:15928884n;16227;16233;salaire;0.703811314305247;0.00443469008860765;0.2946058091286307
bn:03435265n;16241;16247;par ans;0.0;0.0;0.0
bn:00078738n;16245;16247;ans;0.0;0.0;0.0
bn:00023310n;16260;16264;Cours;0.0;0.0;0.0
bn:01753580n;16275;16277;Php;1.0;0.008194699909970838;0.36929460580912865
bn:00070689n;16279;16286;Sessions;0.0;0.0;0.0
bn:00070689n;16288;16295;Sessions;0.0;0.0;0.0
bn:00114822r;16299;16306;pourquoi;1.0;4.522996204990803e-05;0.029045643153526972
bn:00084451v;16314;16317;peut;0.8235294117647058;0.00011307490512477008;0.058091286307053944
bn:00083187v;16319;16322;être;0.0;0.0;0.0
bn:00085368v;16319;16328;être utile;1.0;0.0008055240860316954;0.0912863070539419
bn:00104094a;16324;16328;utile;0.0;0.0;0.0
bn:00091983v;16333;16341;conserver;0.0;0.0;0.0
bn:00046698n;16347;16358;informations;0.0;0.0;0.0
bn:00060158n;16367;16370;page;0.0;0.0;0.0
bn:00032100n;16392;16398;exemple;0.0;0.0;0.0
bn:00048886n;16410;16417;souvenir;0.0;0.0;0.0
bn:03999118n;16422;16426;login;1.0;2.153807716662287e-06;0.008298755186721992
bn:00079373n;16434;16444;utilisateur;0.0;0.0;0.0
bn:00048886n;16449;16456;souvenir;0.0;0.0;0.0
bn:00063236n;16461;16470;références;1.0;0.000592297122082129;0.1037344398340249
bn:00086679v;16472;16480;indiquant;0.0;0.0;0.0
bn:00079373n;16492;16502;utilisateur;0.0;0.0;0.0
bn:00089814v;16507;16515;intéresse;0.7309644670050761;7.753707779984235e-05;0.04979253112033195
bn:00048886n;16520;16527;souvenir;0.0;0.0;0.0
bn:00060158n;16542;16545;page;0.0;0.0;0.0
bn:00079373n;16562;16572;utilisateur;0.0;0.0;0.0
bn:00114282r;16574;16576;etc;1.0;0.0011135185895144025;0.1825726141078838
bn:00115641r;16585;16587;ici;0.0;0.0;0.0
bn:00096872a;16594;16597;seul;0.0;0.0;0.0
bn:00097858a;16599;16603;moyen;0.0;0.0;0.0
bn:00082705v;16607;16614;utiliser;0.0;0.0;0.0
bn:00060585n;16619;16628;paramètres;0.0;0.0;0.0
bn:00084733v;16633;16638;penser;0.0;0.0;0.0
bn:00089804v;16633;16640;penser à;1.0;2.153807716662287e-06;0.008298755186721992
bn:00094537v;16646;16653;remettre;0.0;0.0;0.0
bn:14352118n;16684;16693;formulaire;0.0;0.0;0.0
bn:00021493n;16697;16709;Programmation;0.8928928928928929;0.01104687977876087;0.3817427385892116
bn:00109093a;16711;16721;fastidieuse;0.0;0.0;0.0
bn:00040284n;16726;16731;source;0.0;0.0;0.0
bn:00048242n;16736;16744;problèmes;0.0;0.0;0.0
bn:00023310n;16749;16753;Cours;0.0;0.0;0.0
bn:01753580n;16764;16766;Php;1.0;0.008194699909970838;0.36929460580912865
bn:00070689n;16768;16775;Sessions;0.0;0.0;0.0
bn:00070689n;16777;16784;Sessions;0.0;0.0;0.0
bn:00070689n;16790;16796;session;0.0;0.0;0.0
bn:00084451v;16798;16801;peut;0.8235294117647058;0.00011307490512477008;0.058091286307053944
bn:00083187v;16803;16806;être;0.0;0.0;0.0
bn:00070697n;16821;16828;ensemble;0.0;0.0;0.0
bn:00046698n;16833;16844;informations;0.0;0.0;0.0
bn:00083240v;16846;16855;concernant;0.9322033898305084;0.0013918982368930032;0.1950207468879668
bn:00079373n;16860;16870;utilisateur;0.0;0.0;0.0
bn:00047172n;16878;16881;site;0.9876426417548632;0.008994301024781711;0.3983402489626556
bn:00079373n;16890;16900;utilisateur;0.0;0.0;0.0
bn:00089277v;16907;16912;entend;0.0;0.0;0.0
bn:00013447n;16917;16926;navigateur;0.9997980206018986;0.010661348197478321;0.4107883817427386
bn:00054050n;16936;16942;machine;0.891110317743663;0.0026879520303945345;0.26556016597510373
bn:00046698n;16948;16959;informations;0.0;0.0;0.0
bn:00083187v;16961;16964;sont;0.0;0.0;0.0
bn:00060158n;16988;16991;page;0.0;0.0;0.0
bn:00060158n;16997;17000;page;0.0;0.0;0.0
bn:01753580n;17002;17004;Php;1.0;0.008194699909970838;0.36929460580912865
bn:00084451v;17006;17009;peut;0.8235294117647058;0.00011307490512477008;0.058091286307053944
bn:00082317v;17011;17017;ajouter;0.0;0.0;0.0
bn:00090884v;17022;17029;modifier;0.0;0.0;0.0
bn:00046698n;17035;17046;informations;0.0;0.0;0.0
bn:01753580n;17051;17053;php;1.0;0.008194699909970838;0.36929460580912865
bn:00070689n;17060;17066;session;0.0;0.0;0.0
bn:00083187v;17068;17070;est;0.0;0.0;0.0
bn:00113501a;17086;17093;variable;0.0;0.0;0.0
bn:00102635a;17095;17102;spéciale;0.0;0.0;0.0
bn:00070689n;17114;17120;SESSION;0.0;0.0;0.0
bn:00083187v;17127;17129;est;0.0;0.0;0.0
bn:00011012n;17134;17140;tableau;0.0;0.0;0.0
bn:03848413n;17134;17151;tableau associatif;0.0;0.0;0.0
bn:00097619a;17142;17151;associatif;1.0;3.230711574993431e-06;0.008298755186721992
bn:00029680n;17156;17161;valeur;0.0;0.0;0.0
bn:00083187v;17163;17165;est;0.0;0.0;0.0
bn:00060158n;17184;17187;page;0.0;0.0;0.0
bn:00101268a;17196;17200;autre;0.0;0.0;0.0
bn:00023310n;17202;17206;Cours;0.0;0.0;0.0
bn:01753580n;17217;17219;Php;1.0;0.008194699909970838;0.36929460580912865
bn:00070689n;17221;17228;Sessions;0.0;0.0;0.0
bn:00030627n;17230;17240;Utilisation;0.0;0.0;0.0
bn:00070689n;17245;17252;sessions;0.0;0.0;0.0
bn:01753580n;17257;17259;Php;1.0;0.008194699909970838;0.36929460580912865
bn:00060158n;17265;17268;page;0.0;0.0;0.0
bn:01753580n;17270;17272;Php;1.0;0.008194699909970838;0.36929460580912865
bn:00082705v;17274;17282;utilisant;0.0;0.0;0.0
bn:00070689n;17288;17294;session;0.0;0.0;0.0
bn:00091360v;17296;17299;doit;0.0;0.0;0.0
bn:00115917r;17301;17315;obligatoirement;1.0;4.846067362490147e-06;0.012448132780082987
bn:00087013v;17333;17340;afficher;0.0;0.0;0.0
bn:00083187v;17354;17357;soit;0.0;0.0;0.0
bn:00083342v;17361;17369;commencer;0.0;0.0;0.0
bn:00020945n;17378;17388;instruction;0.0;0.0;0.0
bn:00070689n;17392;17398;session;0.0;0.0;0.0
bn:04971940n;17400;17404;start;0.9090909090909091;1.6153557874967155e-05;0.02074688796680498
bn:00020945n;17416;17426;instruction;0.0;0.0;0.0
bn:00086008v;17428;17431;crée;0.0;0.0;0.0
bn:00079582n;17436;17443;variable;0.0;0.0;0.0
bn:00070689n;17447;17453;SESSION;0.0;0.0;0.0
bn:00088175v;17461;17467;remplit;0.0;0.0;0.0
bn:00029680n;17478;17484;valeurs;0.0;0.0;0.0
bn:00088733v;17495;17499;avait;0.0;0.0;0.0
bn:00060158n;17509;17512;page;0.0;0.0;0.0
bn:01753580n;17514;17516;Php;1.0;0.008194699909970838;0.36929460580912865
bn:00107791a;17518;17527;précédente;0.0;0.0;0.0
bn:00113501a;17535;17542;variable;0.0;0.0;0.0
bn:00070689n;17546;17552;SESSION;0.0;0.0;0.0
bn:00089172v;17557;17564;manipule;0.0;0.0;0.0
bn:00116086r;17566;17572;ensuite;0.0;0.0;0.0
bn:00011012n;17583;17589;tableau;0.0;0.0;0.0
bn:03848413n;17583;17600;tableau associatif;0.0;0.0;0.0
bn:00097619a;17591;17600;associatif;1.0;3.230711574993431e-06;0.008298755186721992
bn:00099753a;17602;17610;classique;0.0;0.0;0.0
bn:00023310n;17615;17619;Cours;0.0;0.0;0.0
bn:01753580n;17630;17632;Php;1.0;0.008194699909970838;0.36929460580912865
bn:00070689n;17634;17641;Sessions;0.0;0.0;0.0
bn:00027504n;17643;17653;Déconnexion;1.0;0.00010984419354977666;0.04979253112033195
bn:00079373n;17665;17675;utilisateur;0.0;0.0;0.0
bn:00090445v;17680;17689;déconnecte;1.0;3.8768538899921173e-05;0.024896265560165973
bn:00083187v;17696;17698;est;0.0;0.0;0.0
bn:00104680a;17700;17708;important;0.0;0.0;0.0
bn:00086699v;17713;17720;détruire;0.0;0.0;0.0
bn:00070689n;17725;17731;session;0.0;0.0;0.0
bn:00032100n;17737;17743;exemple;0.0;0.0;0.0
bn:00082954v;17750;17755;éviter;0.0;0.0;0.0
bn:00105773a;17765;17771;seconde;0.9529411764705882;4.361460626241132e-05;0.03734439834024896
bn:00046516n;17773;17780;personne;0.9941117459763598;0.024544792739083426;0.6390041493775933
bn:00082705v;17782;17790;utilisant;0.0;0.0;0.0
bn:00021464n;17800;17809;ordinateur;0.7517401392111369;0.0404743546115177;0.7219917012448133
bn:00087107v;17817;17821;fasse;0.0;0.0;0.0
bn:00091458v;17823;17828;passer;0.0;0.0;0.0
bn:00103006a;17838;17845;première;0.0;0.0;0.0
bn:00061715n;17838;17854;première personne;0.7345679012345679;0.0001281515591414061;0.058091286307053944
bn:00046516n;17847;17854;personne;0.9941117459763598;0.024544792739083426;0.6390041493775933
bn:00086699v;17861;17868;détruire;0.0;0.0;0.0
bn:00070689n;17874;17880;session;0.0;0.0;0.0
bn:00070689n;17886;17892;SESSION;0.0;0.0;0.0
bn:00070689n;17906;17912;session;0.0;0.0;0.0
bn:00060158n;17947;17951;Pages;0.0;0.0;0.0
bn:00080778n;17947;17955;Pages Web;1.0;0.005815280834988176;0.33195020746887965
bn:00080778n;17953;17955;Web;0.0;0.0;0.0
bn:00045087n;17957;17960;HTML;1.0;0.007926012397317217;0.3817427385892116
bn:00022071n;17962;17970;Structure;0.0;0.0;0.0
bn:03276801n;17962;17978;Structure de base;1.0;5.384519291655718e-07;0.004149377593360996
bn:00008786n;17975;17978;base;0.0;0.0;0.0
bn:14352118n;17980;17990;Formulaires;0.0;0.0;0.0
bn:01753580n;17992;17994;Php;1.0;0.008194699909970838;0.36929460580912865
bn:01648657n;17996;18006;Généralités;0.0;0.0;0.0
bn:00053116n;18008;18014;Gestion;0.0;0.0;0.0
bn:00000663n;18031;18035;Accès;0.0;0.0;0.0
bn:00070689n;18045;18052;Sessions;0.0;0.0;0.0
