bn:00049573n;0;6;Projets;0.0;0.0;0.0
bn:00080778n;8;10;Web;0.0;0.0;0.0
bn:01016581n;21;27;Laurent;0.7058823529411765;5.953845418202753e-06;0.02877697841726619
bn:00828539n;29;37;Pouilloux;0.0;0.0;0.0
bn:14251420n;66;70;Forum;0.0;0.0;0.0
bn:00030098n;75;79;place;0.0;0.0;0.0
bn:00049573n;81;87;Projets;0.0;0.0;0.0
bn:00097846a;89;98;disponible;0.0;0.0;0.0
bn:00080344n;107;113;serveur;0.0;0.0;0.0
bn:00023310n;118;122;cours;0.0;0.0;0.0
bn:00062766n;124;127;Plan;0.0;0.0;0.0
bn:00023310n;132;136;cours;0.0;0.0;0.0
bn:00000425n;140;146;Rappels;0.0;0.0;0.0
bn:00000425n;179;185;Rappels;0.0;0.0;0.0
bn:00059128n;189;202;Fonctionnement;0.825938566552901;9.005191195031665e-05;0.11870503597122302
bn:00021464n;210;219;ordinateur;0.0;0.0;0.0
bn:00057379n;227;233;réseaux;0.0;0.0;0.0
bn:00024712n;238;245;Internet;0.9851644807568265;0.013640259853102509;0.8345323741007195
bn:00021464n;250;259;ordinateur;0.0;0.0;0.0
bn:00021475n;271;278;fichiers;0.8216718836310072;0.004428172529788298;0.6294964028776978
bn:00016413n;284;287;Type;0.0;0.0;0.0
bn:00003473n;291;295;ASCII;0.97643362136685;0.001695977675064297;0.4352517985611511
bn:01666522n;299;304;Binary;1.0;6.201922310627868e-06;0.03597122302158273
bn:00032412n;314;322;Extension;0.0;0.0;0.0
bn:01745594n;327;329;pdf;1.0;0.0023793054752492752;0.49640287769784175
bn:14503132n;334;336;exe;0.9872249822569198;0.00043134369670416825;0.23381294964028776
bn:00016413n;349;353;types;0.0;0.0;0.0
bn:00023295n;358;367;programmes;0.0;0.0;0.0
bn:00075760n;380;386;Système;0.0;0.0;0.0
bn:00026699n;391;402;exploitation;0.0;0.0;0.0
bn:00028345n;406;411;Taches;0.7218880148079593;0.0001934999760915895;0.18705035971223022
bn:00012365n;416;420;fonds;0.0;0.0;0.0
bn:00079373n;437;448;utilisateurs;0.0;0.0;0.0
bn:00021480n;453;460;matériel;0.9440263803162255;0.004154667755889609;0.6258992805755396
bn:00016413n;466;470;types;0.0;0.0;0.0
bn:00023295n;475;484;programmes;0.0;0.0;0.0
bn:00080344n;499;505;Serveur;0.0;0.0;0.0
bn:04861165n;507;509;ftp;0.0;0.0;0.0
bn:00080344n;511;517;Serveur;0.0;0.0;0.0
bn:02244459n;519;521;ssh;1.0;0.0006296811721980475;0.25539568345323743
bn:01387235n;523;529;Firefox;0.9945242197970515;0.0032215265250325397;0.5431654676258992
bn:01312834n;531;536;Matlab;1.0;0.0005090537832563354;0.2733812949640288
bn:00080344n;538;544;Serveur;0.0;0.0;0.0
bn:02705179n;538;548;Serveur Web;0.8258915370512745;0.0017321969013583637;0.41007194244604317
bn:00080778n;546;548;Web;0.0;0.0;0.0
bn:00079373n;563;574;utilisateurs;0.0;0.0;0.0
bn:00075760n;576;582;Système;0.0;0.0;0.0
bn:00026699n;587;598;exploitation;0.0;0.0;0.0
bn:00051427n;602;606;Linux;0.8567184643510055;0.005580241618210531;0.6618705035971223
bn:00052516n;610;612;Mac;0.9391334649785109;0.003008552512885579;0.5539568345323741
bn:01415427n;610;615;Mac OS;1.0;0.0012272363868270427;0.3669064748201439
bn:00011999n;614;615;OS;0.9011754462342185;0.0002567595836599938;0.1618705035971223
bn:00081305n;619;625;Windows;0.998899054705592;0.004895549395117214;0.6618705035971223
bn:00021480n;641;648;matériel;0.9440263803162255;0.004154667755889609;0.6258992805755396
bn:00000425n;650;656;Rappels;0.0;0.0;0.0
bn:00059128n;660;673;Fonctionnement;0.825938566552901;9.005191195031665e-05;0.11870503597122302
bn:00021464n;681;690;ordinateur;0.0;0.0;0.0
bn:00057379n;698;704;réseaux;0.0;0.0;0.0
bn:00024712n;709;716;Internet;0.9851644807568265;0.013640259853102509;0.8345323741007195
bn:00057379n;722;728;réseaux;0.0;0.0;0.0
bn:00021221n;734;746;Communication;0.8671045400556648;0.006067030500371712;0.6294964028776978
bn:00052556n;758;765;machines;0.0;0.0;0.0
bn:00016287n;767;770;Mise;0.9490930657836208;0.0011909551413098695;0.39928057553956836
bn:00100091a;775;780;commun;0.0;0.0;0.0
bn:00107028a;785;794;nombreuses;0.0;0.0;0.0
bn:00046698n;796;807;informations;0.0;0.0;0.0
bn:00021227n;811;820;Protocoles;0.0;0.0;0.0
bn:00024712n;824;831;Internet;0.9851644807568265;0.013640259853102509;0.8345323741007195
bn:00024712n;833;840;Internet;0.9851644807568265;0.013640259853102509;0.8345323741007195
bn:00080778n;847;849;web;0.0;0.0;0.0
bn:00024712n;853;860;Internet;0.9851644807568265;0.013640259853102509;0.8345323741007195
bn:17346309n;853;869;Internet Explorer;0.85;0.002192999729038014;0.4676258992805755
bn:01387235n;873;879;Firefox;0.9945242197970515;0.0032215265250325397;0.5431654676258992
bn:00032387n;909;915;Express;0.0;0.0;0.0
bn:01597870n;919;929;Thunderbird;0.9969128996692392;0.0005607778153269719;0.23741007194244604
bn:00019763n;945;951;clients;0.0;0.0;0.0
bn:00021221n;956;969;communications;0.8668740252374876;0.006067030500371712;0.6294964028776978
bn:00105206a;971;981;instantanés;1.0;1.550480577656967e-06;0.017985611510791366
bn:01141048n;991;994;Gaim;1.0;0.00020360910945791292;0.17625899280575538
bn:03166959n;998;1002;Skype;1.0;0.0009312186349407745;0.3273381294964029
bn:00019763n;1018;1024;clients;0.0;0.0;0.0
bn:03345786n;1053;1057;Emule;1.0;0.00045435282847659764;0.23741007194244604
bn:00080344n;1064;1070;serveur;0.0;0.0;0.0
bn:02705179n;1064;1074;serveur web;0.8258915370512745;0.0017321969013583637;0.41007194244604317
bn:00080778n;1072;1074;web;0.0;0.0;0.0
bn:00021464n;1076;1085;Ordinateur;0.0;0.0;0.0
bn:00019763n;1087;1092;Client;0.0;0.0;0.0
bn:00031082n;1094;1098;Envoi;0.0;0.0;0.0
bn:00080344n;1115;1121;SERVEUR;0.0;0.0;0.0
bn:00031082n;1128;1132;Envoi;0.0;0.0;0.0
bn:00060158n;1141;1144;page;0.0;0.0;0.0
bn:00046698n;1172;1183;Informations;0.0;0.0;0.0
bn:00080344n;1201;1207;serveur;0.0;0.0;0.0
bn:00060158n;1223;1226;page;0.0;0.0;0.0
bn:00101917a;1228;1237;dynamiques;0.0;0.0;0.0
bn:00008786n;1241;1244;base;0.0;0.0;0.0
bn:00025333n;1241;1255;base de données;0.9911780459371751;0.005853188219101264;0.6942446043165468
bn:00025314n;1249;1255;données;0.8191262653169952;0.004577018665243367;0.6474820143884892
bn:00074600n;1278;1284;adresse;0.0;0.0;0.0
bn:00079080n;1295;1318;Uniform Resource Locator;1.0;0.0029694804023286236;0.5467625899280576
bn:00031082n;1322;1326;Envoi;0.0;0.0;0.0
bn:00006362n;1335;1341;requête;0.0;0.0;0.0
bn:00019763n;1350;1355;client;0.0;0.0;0.0
bn:00031082n;1359;1363;Envoi;0.0;0.0;0.0
bn:00060158n;1372;1375;page;0.0;0.0;0.0
bn:01156328n;1380;1385;format;0.0;0.0;0.0
bn:00101268a;1396;1401;autres;0.0;0.0;0.0
bn:00004451n;1420;1426;réponse;0.0;0.0;0.0
bn:00049910n;1432;1439;Langages;0.7193495969954911;0.008291598013970822;0.7410071942446043
bn:00087905v;1450;1455;allons;0.0;0.0;0.0
bn:00093430v;1457;1460;voir;0.0;0.0;0.0
bn:04725264n;1471;1479;HyperText;1.0;7.256249103434606e-06;0.03237410071942446
bn:00045087n;1471;1495;HyperText Markup Language;1.0;0.004068461035771882;0.5899280575539568
bn:00049910n;1501;1507;Langage;0.7250889438827728;0.008304373973930716;0.7410071942446043
bn:00105302a;1509;1521;interprétatif;1.0;5.581730079565082e-07;0.01079136690647482
bn:00030627n;1536;1546;Utilisation;0.0;0.0;0.0
bn:00947370n;1551;1557;balises;0.0;0.0;0.0
bn:00090224v;1564;1569;mettre;0.0;0.0;0.0
bn:00035908n;1574;1578;forme;0.0;0.0;0.0
bn:00046698n;1584;1595;informations;0.0;0.0;0.0
bn:01642119n;1605;1625;Cascading Style Sheet;1.0;0.0018754613067338674;0.4316546762589928
bn:00032400n;1615;1619;Style;0.0;0.0;0.0
bn:01753580n;1631;1633;Php;0.9999810806720145;0.0032780260372823598;0.5575539568345323
bn:00049910n;1637;1643;langage;0.7250889438827728;0.008304373973930716;0.7410071942446043
bn:00064652n;1637;1660;langage de programmation;0.8754155356979475;0.00534059934012787;0.6618705035971223
bn:00021493n;1648;1660;programmation;0.0;0.0;0.0
bn:00075760n;1672;1678;système;0.0;0.0;0.0
bn:01510781n;1672;1689;système de gestion;1.0;0.00014326440537550377;0.1510791366906475
bn:00053116n;1683;1689;gestion;0.0;0.0;0.0
bn:01157392n;1691;1701;open source;1.0;0.0031443746114883293;0.5611510791366906
bn:00040284n;1696;1701;source;0.0;0.0;0.0
bn:00008786n;1706;1709;base;0.0;0.0;0.0
bn:00025333n;1706;1720;base de données;0.9911780459371751;0.005853188219101264;0.6942446043165468
bn:00025314n;1714;1720;données;0.8191262653169952;0.004577018665243367;0.6474820143884892
bn:00060158n;1728;1731;page;0.0;0.0;0.0
bn:00080778n;1728;1735;page web;1.0;0.0035700745588898262;0.5611510791366906
bn:00080778n;1733;1735;web;0.0;0.0;0.0
bn:02417500n;1739;1744;Ouvrir;0.8973281296907836;0.000185375457864667;0.17625899280575538
bn:01839366n;1749;1756;terminal;0.0;0.0;0.0
bn:00016915n;1780;1781;cd;0.812146648561906;0.0020401843633041437;0.460431654676259
bn:03178622n;1797;1801;touch;0.9829692706405035;0.0001646610373471699;0.1618705035971223
bn:02417500n;1839;1844;Ouvrir;0.8973281296907836;0.000185375457864667;0.17625899280575538
bn:00021475n;1849;1855;fichier;0.8216718836310072;0.004428172529788298;0.6294964028776978
bn:00013447n;1865;1874;navigateur;0.9966741792044832;0.0050739166807708715;0.6510791366906474
bn:00062766n;1876;1879;Plan;0.0;0.0;0.0
bn:00023310n;1884;1888;cours;0.0;0.0;0.0
bn:00000425n;1892;1898;Rappels;0.0;0.0;0.0
bn:00947370n;1959;1964;balise;0.0;0.0;0.0
bn:01456420n;1968;1973;Inline;1.0;0.0001500865199171944;0.15827338129496402
bn:02910696n;2020;2028;Attributs;0.0;0.0;0.0
bn:00947370n;2033;2038;balise;0.0;0.0;0.0
bn:00947370n;2045;2050;balise;0.0;0.0;0.0
bn:00046698n;2073;2083;information;0.0;0.0;0.0
bn:00090224v;2087;2092;mettre;0.0;0.0;0.0
bn:00035908n;2097;2101;forme;0.0;0.0;0.0
bn:00030627n;2113;2123;Utilisation;0.0;0.0;0.0
bn:00049910n;2128;2134;langage;0.7250889438827728;0.008304373973930716;0.7410071942446043
bn:00102624a;2136;2142;externe;0.9160739687055477;7.988075936088694e-05;0.10071942446043165
bn:01369336n;2146;2150;Flash;0.9466463414634146;0.0013479878142149673;0.3776978417266187
bn:00048043n;2154;2157;Java;0.8693586698337292;0.005152681094115845;0.658273381294964
bn:00055423n;2154;2164;Java Script;1.0;0.002557486703233614;0.49280575539568344
bn:01431715n;2159;2164;Script;0.7011358198806256;0.0017266151712787986;0.4172661870503597
bn:00022071n;2180;2188;Structure;0.0;0.0;0.0
bn:00060158n;2197;2200;page;0.0;0.0;0.0
bn:00080778n;2197;2204;page web;1.0;0.0035700745588898262;0.5611510791366906
bn:00012419n;2206;2211;Limite;0.0;0.0;0.0
bn:00060158n;2219;2222;page;0.0;0.0;0.0
bn:00015784n;2227;2230;tête;0.0;0.0;0.0
bn:00060158n;2238;2241;page;0.0;0.0;0.0
bn:00011744n;2243;2247;Corps;0.0;0.0;0.0
bn:00060158n;2255;2258;page;0.0;0.0;0.0
bn:00016287n;2260;2263;Mise;0.9490930657836208;0.0011909551413098695;0.39928057553956836
bn:01681906n;2260;2272;Mise en forme;1.0;0.0014416988603285542;0.4244604316546763
bn:00035908n;2268;2272;forme;0.0;0.0;0.0
bn:00076732n;2277;2281;texte;0.8501267322821686;0.0032034169118855065;0.5323741007194245
bn:00048556n;2285;2290;Sauter;0.0;0.0;0.0
bn:00014457n;2296;2300;ligne;0.0;0.0;0.0
bn:03692206n;2312;2316;Créer;1.0;8.062499003816229e-06;0.03597122302158273
bn:03692206n;2344;2348;Créer;1.0;8.062499003816229e-06;0.03597122302158273
bn:00043320n;2354;2359;titres;0.0;0.0;0.0
bn:00011848n;2383;2386;Gras;0.7206827520809188;0.0004242114860469462;0.2733812949640288
bn:00105496a;2390;2397;italique;0.7619047619047619;3.969230278801836e-06;0.02877697841726619
bn:00046423n;2431;2436;Indice;0.0;0.0;0.0
bn:00087841v;2440;2447;exposant;0.0;0.0;0.0
bn:00000741n;2478;2486;Expliquer;1.0;0.00011851873535609857;0.14028776978417265
bn:15652966n;2491;2495;sigle;0.0;0.0;0.0
bn:00069670n;2513;2519;Science;0.7471596771521495;0.01594328168393106;0.737410071942446
bn:00022991n;2541;2547;Univers;0.8434216744828589;0.0014388459760656654;0.3597122302158273
bn:00052888n;2555;2562;Planètes;0.8010575961126197;0.000347617745510692;0.21223021582733814
bn:00045513n;2586;2590;liens;0.0;0.0;0.0
bn:00083833v;2601;2606;sauter;0.0;0.0;0.0
bn:00060158n;2615;2618;page;0.0;0.0;0.0
bn:00045513n;2634;2637;Lien;0.0;0.0;0.0
bn:16790951n;2634;2644;Lien absolu;1.0;0.0006062379058638742;0.3057553956834532
bn:00096195a;2639;2644;absolu;0.0;0.0;0.0
bn:00045513n;2650;2653;Lien;0.0;0.0;0.0
bn:00100122a;2655;2661;relatif;0.0;0.0;0.0
bn:00045513n;2670;2673;href;1.0;0.0020241213845196174;0.46402877697841727
bn:00047172n;2697;2700;site;0.9753775198988321;0.0048791763202171564;0.6330935251798561
bn:00046318n;2729;2734;Retour;0.0;0.0;0.0
bn:00044514n;2741;2747;accueil;0.9229589227884779;0.0010075022793614972;0.34172661870503596
bn:00045513n;2774;2777;href;1.0;0.0020241213845196174;0.46402877697841727
bn:00003895n;2824;2829;ancres;0.0;0.0;0.0
bn:00026622n;2841;2845;point;0.0;0.0;0.0
bn:03622629n;2850;2856;ancrage;0.0;0.0;0.0
bn:00012047n;2861;2864;sein;0.0;0.0;0.0
bn:00060158n;2873;2876;page;0.0;0.0;0.0
bn:03692206n;2880;2884;Créer;1.0;8.062499003816229e-06;0.03597122302158273
bn:00003895n;2890;2894;ancre;0.0;0.0;0.0
bn:00045513n;2927;2930;Lien;0.0;0.0;0.0
bn:00003895n;2940;2944;ancre;0.0;0.0;0.0
bn:00045513n;2951;2954;href;1.0;0.0020241213845196174;0.46402877697841727
bn:02664642n;2976;2984;Descendre;0.0;0.0;0.0
bn:00060158n;2994;2997;page;0.0;0.0;0.0
bn:00045772n;3008;3012;image;0.0;0.0;0.0
bn:02234787n;3016;3024;Insertion;0.9597156398104265;0.00032653120965455725;0.23381294964028776
bn:00045772n;3029;3033;image;0.0;0.0;0.0
bn:00016413n;3044;3048;types;0.0;0.0;0.0
bn:00028639n;3074;3079;dessin;0.0;0.0;0.0
bn:00004263n;3089;3097;animation;0.9362089914945322;0.0005734297368406527;0.24820143884892087
bn:00045772n;3107;3111;image;0.0;0.0;0.0
bn:03248668n;3115;3123;Récupérer;1.0;1.792355547771454e-05;0.06115107913669065
bn:00045772n;3129;3133;image;0.0;0.0;0.0
bn:00024712n;3139;3146;internet;0.9851644807568265;0.013640259853102509;0.8345323741007195
bn:00024619n;3150;3156;Insérer;0.8680057388809183;0.0006003460796687776;0.31654676258992803
bn:02450504n;3161;3163;img;1.0;0.00010716921752764957;0.12949640287769784
bn:14292402n;3165;3167;src;0.0;0.0;0.0
bn:00071253n;3195;3200;listes;0.0;0.0;0.0
bn:00031044n;3204;3209;Entrée;0.0;0.0;0.0
bn:00071253n;3220;3224;liste;0.0;0.0;0.0
bn:00071253n;3230;3234;Liste;0.0;0.0;0.0
bn:00082520v;3236;3243;ordonnée;0.9900990099009901;6.201922310627868e-06;0.03597122302158273
bn:00071253n;3260;3264;Liste;0.0;0.0;0.0
bn:00062932n;3310;3314;Jouer;0.0;0.0;0.0
bn:02910696n;3324;3332;attributs;0.0;0.0;0.0
bn:00008060n;3334;3338;Bilan;0.0;0.0;0.0
bn:00095949a;3343;3345;1er;1.0;1.550480577656967e-06;0.017985611510791366
bn:00023310n;3347;3351;cours;0.0;0.0;0.0
bn:00947370n;3374;3380;Balises;0.0;0.0;0.0
bn:00008786n;3385;3389;Bases;0.0;0.0;0.0
bn:04953780n;3393;3401;Habillage;0.0;0.0;0.0
bn:00076732n;3406;3410;texte;0.8501267322821686;0.0032034169118855065;0.5323741007194245
bn:00023652n;3412;3419;Création;0.0;0.0;0.0
bn:00047172n;3430;3433;site;0.9778162911611785;0.013098216503628978;0.44390243902439025
bn:00022071n;3437;3445;Structure;0.0;0.0;0.0
bn:00047172n;3450;3453;site;0.9778162911611785;0.013098216503628978;0.44390243902439025
bn:00023652n;3457;3464;Création;0.0;0.0;0.0
bn:00947370n;3481;3487;Balises;0.0;0.0;0.0
bn:00022071n;3495;3503;Structure;0.0;0.0;0.0
bn:00047172n;3508;3511;site;0.9778162911611785;0.013098216503628978;0.44390243902439025
bn:00047172n;3508;3515;site web;1.0;0.013384541690107929;0.44878048780487806
bn:00080778n;3513;3515;web;0.0;0.0;0.0
bn:00026107n;3563;3571;Nécessité;0.8981399468556245;0.000784685781323395;0.12682926829268293
bn:00021485n;3579;3582;menu;0.8065693430656934;0.001368170080256176;0.16585365853658537
bn:00100091a;3600;3605;commun;0.7422680412371134;5.571733358509314e-05;0.03902439024390244
bn:00060158n;3623;3626;page;0.0;0.0;0.0
bn:03692206n;3635;3639;Créer;0.0;0.0;0.0
bn:00011012n;3644;3650;tableau;0.0;0.0;0.0
bn:00075813n;3653;3657;table;0.0;0.0;0.0
bn:05004918n;3690;3695;border;0.0;0.0;0.0
bn:00397545n;3780;3785;center;1.0;7.738518553485158e-07;0.004878048780487805
bn:00080852n;3788;3796;Bienvenue;0.0;0.0;0.0
bn:00047172n;3806;3809;site;0.9778162911611785;0.013098216503628978;0.44390243902439025
bn:00021485n;3857;3860;Menu;0.8065693430656934;0.001368170080256176;0.16585365853658537
bn:03543983n;3896;3898;top;0.8780487804878049;5.571733358509314e-05;0.03902439024390244
bn:00093013v;3922;3923;va;0.0;0.0;0.0
bn:00089309v;3925;3930;servir;0.0;0.0;0.0
bn:00090224v;3937;3942;mettre;0.0;0.0;0.0
bn:00076732n;3947;3951;texte;0.9264096622428201;0.010209427527612969;0.3853658536585366
bn:00113501a;3953;3960;variable;0.0;0.0;0.0
bn:00397545n;3993;3998;center;1.0;7.738518553485158e-07;0.004878048780487805
bn:00060158n;4001;4004;Page;0.0;0.0;0.0
bn:00082281v;4011;4019;apprendre;0.0;0.0;0.0
bn:00087107v;4023;4027;faire;0.0;0.0;0.0
bn:00011012n;4032;4038;tableau;0.0;0.0;0.0
bn:00021961n;4066;4073;résultat;0.0;0.0;0.0
bn:00023652n;4075;4082;Création;0.0;0.0;0.0
bn:00021485n;4087;4090;menu;0.8065693430656934;0.001368170080256176;0.16585365853658537
bn:00001296n;4094;4100;Ajouter;0.829979879275654;0.001276855561325051;0.16097560975609757
bn:00076732n;4105;4109;texte;0.9264096622428201;0.010209427527612969;0.3853658536585366
bn:00088421v;4111;4117;suivant;0.0;0.0;0.0
bn:00020822n;4127;4133;colonne;0.0;0.0;0.0
bn:00021485n;4135;4138;menu;0.8065693430656934;0.001368170080256176;0.16585365853658537
bn:00021485n;4145;4148;Menu;0.8065693430656934;0.001368170080256176;0.16585365853658537
bn:00045513n;4166;4169;href;1.0;0.005381365802093579;0.2975609756097561
bn:00044514n;4185;4191;Accueil;0.8840922531046718;0.002313817047492062;0.22439024390243903
bn:00045513n;4209;4212;href;1.0;0.005381365802093579;0.2975609756097561
bn:00045513n;4256;4259;href;1.0;0.005381365802093579;0.2975609756097561
bn:00049573n;4282;4287;projet;0.0;0.0;0.0
bn:00045513n;4305;4308;href;1.0;0.005381365802093579;0.2975609756097561
bn:00045513n;4323;4327;Liens;0.744318805576902;0.005246715579262937;0.2926829268292683
bn:00021961n;4350;4357;résultat;0.0;0.0;0.0
bn:00000674n;4374;4378;Ajout;0.0;0.0;0.0
bn:02910696n;4383;4391;attributs;0.0;0.0;0.0
bn:00102635a;4393;4400;spéciaux;0.0;0.0;0.0
bn:00089574v;4411;4421;identifiant;0.0;0.0;0.0
bn:00110682a;4423;4428;unique;0.0;0.0;0.0
bn:00947370n;4436;4441;balise;0.0;0.0;0.0
bn:03598962n;4448;4452;class;1.0;0.0001857244452836438;0.07317073170731707
bn:00023652n;4456;4463;création;0.0;0.0;0.0
bn:00107267a;4472;4479;nouvelle;0.0;0.0;0.0
bn:02230821n;4472;4486;nouvelle classe;1.0;3.095407421394063e-06;0.00975609756097561
bn:00019477n;4481;4486;classe;0.0;0.0;0.0
bn:00947370n;4491;4496;balise;0.0;0.0;0.0
bn:00001296n;4498;4504;Ajouter;0.829979879275654;0.001276855561325051;0.16097560975609757
bn:00021475n;4514;4520;fichier;0.9346380310924726;0.01707426733640965;0.5463414634146342
bn:02436851n;4560;4565;screen;1.0;7.738518553485158e-07;0.004878048780487805
bn:00016413n;4569;4572;type;0.0;0.0;0.0
bn:03279146n;4600;4601;PC;0.0;0.0;0.0
bn:00045513n;4605;4608;href;1.0;0.005381365802093579;0.2975609756097561
bn:00947370n;4637;4643;balises;0.0;0.0;0.0
bn:00001410n;4680;4691;Modification;0.0;0.0;0.0
bn:00947370n;4696;4702;balises;0.0;0.0;0.0
bn:00032400n;4719;4723;style;0.0;0.0;0.0
bn:00011744n;4728;4732;corps;0.0;0.0;0.0
bn:00060158n;4740;4743;page;0.0;0.0;0.0
bn:03355418n;4747;4748;h1;1.0;0.00011143466717018628;0.05853658536585366
bn:01485779n;4769;4773;Arial;1.0;0.0001625088896231883;0.06829268292682927
bn:00063760n;4785;4786;px;0.0;0.0;0.0
bn:00063760n;4849;4850;px;0.0;0.0;0.0
bn:00076732n;4858;4862;Texte;0.9264096622428201;0.010209427527612969;0.3853658536585366
bn:00090224v;4864;4866;mis;0.0;0.0;0.0
bn:00029680n;4871;4876;valeur;0.0;0.0;0.0
bn:00060556n;4894;4904;paragraphes;0.8614067561314206;0.0028810504574625245;0.24878048780487805
bn:01896338n;4958;4960;Les;1.0;1.2381629685576253e-05;0.01951219512195122
bn:00111630a;4962;4967;grands;0.0;0.0;0.0
bn:00043320n;4969;4974;titres;0.0;0.0;0.0
bn:01896338n;4997;4999;Les;1.0;1.2381629685576253e-05;0.01951219512195122
bn:00071060n;5018;5024;Changer;0.0;0.0;0.0
bn:00103006a;5029;5036;première;0.7777777777777778;6.500355584927533e-05;0.02926829268292683
bn:03223608n;5029;5043;première lettre;1.0;0.0009874349674247062;0.14146341463414633
bn:00050802n;5038;5043;lettre;0.0;0.0;0.0
bn:01238540n;5103;5107;color;1.0;7.738518553485158e-07;0.004878048780487805
bn:00073492n;5122;5126;Faire;1.0;1.2381629685576253e-05;0.01951219512195122
bn:00045513n;5132;5136;liens;0.744318805576902;0.005246715579262937;0.2926829268292683
bn:00082553v;5142;5149;changent;0.0;0.0;0.0
bn:00020726n;5154;5160;couleur;0.9122591225912259;0.012052742647053133;0.43414634146341463
bn:01238540n;5202;5206;color;1.0;7.738518553485158e-07;0.004878048780487805
bn:00023652n;5220;5227;Création;0.0;0.0;0.0
bn:00019477n;5232;5238;classes;0.0;0.0;0.0
bn:03885719n;5243;5244;id;0.8070175438596491;0.0006407493362285711;0.11219512195121951
bn:02910696n;5262;5270;attributs;0.0;0.0;0.0
bn:00002287n;5275;5282;cellules;0.0;0.0;0.0
bn:03598962n;5297;5301;class;1.0;0.0001857244452836438;0.07317073170731707
bn:03885719n;5328;5329;id;0.8070175438596491;0.0006407493362285711;0.11219512195121951
bn:00043309n;5332;5337;header;1.0;0.0006059260027378878;0.13170731707317074
bn:00080852n;5353;5361;Bienvenue;0.0;0.0;0.0
bn:00047172n;5371;5374;site;0.9778162911611785;0.013098216503628978;0.44390243902439025
bn:03885719n;5396;5397;id;0.8070175438596491;0.0006407493362285711;0.11219512195121951
bn:00021485n;5400;5403;menu;0.8065693430656934;0.001368170080256176;0.16585365853658537
bn:00073492n;5429;5433;Faire;1.0;1.2381629685576253e-05;0.01951219512195122
bn:00076925n;5443;5447;chose;0.0;0.0;0.0
bn:00022154n;5457;5463;contenu;0.0;0.0;0.0
bn:00071060n;5478;5484;Changer;0.0;0.0;0.0
bn:00005023n;5489;5497;apparence;0.0;0.0;0.0
bn:00107267a;5506;5514;nouvelles;0.0;0.0;0.0
bn:00947370n;5516;5522;balises;0.0;0.0;0.0
bn:00003127n;5526;5533;Modifier;1.0;6.964666698136642e-06;0.014634146341463415
bn:03598962n;5559;5563;class;1.0;0.0001857244452836438;0.07317073170731707
bn:00065362n;5685;5690;Mettre;1.0;7.428977811345752e-05;0.03902439024390244
bn:00045772n;5696;5700;image;0.0;0.0;0.0
bn:00012365n;5705;5708;fond;0.0;0.0;0.0
bn:00045772n;5728;5732;image;0.0;0.0;0.0
bn:00012365n;5737;5740;fond;0.0;0.0;0.0
bn:00082705v;5747;5753;utilise;0.0;0.0;0.0
bn:02910696n;5758;5765;attribut;0.0;0.0;0.0
bn:00103172a;5771;5777;suivant;0.0;0.0;0.0
bn:00079080n;5798;5800;url;1.0;0.0042987470564610055;0.2682926829268293
bn:00086682v;5838;5841;veut;0.0;0.0;0.0
bn:00089731v;5850;5856;répéter;0.0;0.0;0.0
bn:00079080n;5877;5879;url;1.0;0.0042987470564610055;0.2682926829268293
bn:00114171r;5921;5926;encore;0.7904642409033877;0.00048752666886956494;0.1024390243902439
bn:00079080n;5947;5949;url;1.0;0.0042987470564610055;0.2682926829268293
bn:00045772n;5995;5999;image;0.0;0.0;0.0
bn:00433129n;6003;6006;Gimp;0.9961593855016803;0.0032114851996963407;0.24390243902439024
bn:00324017n;6010;6012;GNU;0.9782783588093322;0.004705019280518976;0.3121951219512195
bn:00433129n;6010;6039;GNU image manipulation program;1.0;0.0032114851996963407;0.24390243902439024
bn:00045772n;6014;6018;image;0.0;0.0;0.0
bn:00042822n;6020;6031;manipulation;0.0;0.0;0.0
bn:02417500n;6043;6048;Ouvrir;0.0;0.0;0.0
bn:01839366n;6053;6060;terminal;0.7878581173260573;0.0017875977858550715;0.2048780487804878
bn:00433129n;6064;6067;gimp;0.9961593855016803;0.0032114851996963407;0.24390243902439024
bn:00047088n;6072;6080;interface;0.700164744645799;0.00822217596307798;0.4146341463414634
bn:01896338n;6084;6086;Les;1.0;1.2381629685576253e-05;0.01951219512195122
bn:00077585n;6088;6093;outils;0.0;0.0;0.0
bn:00020726n;6100;6106;couleur;0.9122591225912259;0.012052742647053133;0.43414634146341463
bn:01896338n;6112;6114;Les;1.0;1.2381629685576253e-05;0.01951219512195122
bn:02910696n;6116;6124;attributs;0.0;0.0;0.0
bn:00020726n;6129;6135;couleur;0.9122591225912259;0.012052742647053133;0.43414634146341463
bn:03599511n;6137;6144;CREATION;0.96;0.00031573155698219445;0.08292682926829269
bn:00086008v;6174;6178;créer;0.0;0.0;0.0
bn:00076732n;6183;6187;texte;0.9264096622428201;0.010209427527612969;0.3853658536585366
bn:00021475n;6191;6197;Fichier;0.9346380310924726;0.01707426733640965;0.5463414634146342
bn:02989482n;6201;6207;Nouveau;0.0;0.0;0.0
bn:00021475n;6209;6215;Fichier;0.9346380310924726;0.01707426733640965;0.5463414634146342
bn:00080339n;6219;6224;Taille;0.0;0.0;0.0
bn:00012365n;6239;6242;fond;0.0;0.0;0.0
bn:00081052n;6246;6250;Blanc;0.0;0.0;0.0
bn:00026835n;6254;6262;Dialogues;0.0;0.0;0.0
bn:00014918n;6266;6272;Calques;0.0;0.0;0.0
bn:00077585n;6291;6295;outil;0.0;0.0;0.0
bn:00076732n;6297;6301;texte;0.9264096622428201;0.010209427527612969;0.3853658536585366
bn:00022026n;6326;6331;police;0.0;0.0;0.0
bn:00080339n;6352;6357;taille;0.0;0.0;0.0
bn:00043320n;6375;6379;titre;0.0;0.0;0.0
bn:00049573n;6390;6395;projet;0.0;0.0;0.0
bn:00101268a;6400;6404;autre;0.0;0.0;0.0
bn:00021961n;6406;6413;Résultat;0.0;0.0;0.0
bn:00021475n;6444;6450;fichier;0.9346380310924726;0.01707426733640965;0.5463414634146342
bn:00048655n;6460;6464;droit;0.7522236340533672;0.005497443580395856;0.3121951219512195
bn:00031026n;6460;6468;droit sur;1.0;7.738518553485158e-07;0.004878048780487805
bn:00014918n;6473;6478;calque;0.0;0.0;0.0
bn:00076732n;6483;6487;texte;0.9264096622428201;0.010209427527612969;0.3853658536585366
bn:00090745v;6492;6500;fusionner;0.0;0.0;0.0
bn:00004136n;6505;6508;vers;0.0;0.0;0.0
bn:00101753a;6505;6515;vers le bas;1.0;6.268200028322977e-05;0.04390243902439024
bn:00106206a;6513;6515;bas;0.0;0.0;0.0
bn:00014918n;6519;6524;Calque;0.0;0.0;0.0
bn:00020726n;6526;6533;Couleurs;0.890819144040497;0.011983869831927115;0.43414634146341463
bn:00089884v;6535;6542;inverser;1.0;3.714488905672876e-05;0.02926829268292683
bn:00084595v;6568;6576;appliquer;0.0;0.0;0.0
bn:01119275n;6582;6588;filtres;0.0;0.0;0.0
bn:01119275n;6592;6598;Filtres;0.0;0.0;0.0
bn:03173349n;6600;6603;Flou;0.9501822600243013;0.0006051521508825394;0.11219512195121951
bn:03173349n;6605;6608;Flou;0.9501822600243013;0.0006051521508825394;0.11219512195121951
bn:01085310n;6605;6617;Flou gaussien;0.0;0.0;0.0
bn:00014918n;6621;6626;Calque;0.0;0.0;0.0
bn:02989482n;6628;6634;Nouveau;0.0;0.0;0.0
bn:00014918n;6636;6641;Calque;0.0;0.0;0.0
bn:00018661n;6648;6652;choix;0.0;0.0;0.0
bn:01119275n;6660;6666;Filtres;0.0;0.0;0.0
bn:00047114n;6668;6672;Rendu;1.0;0.007595355960245682;0.3170731707317073
bn:00020002n;6674;6679;Nuages;0.8783333333333333;0.0008156398555373357;0.15121951219512195
bn:00062839n;6681;6686;Plasma;0.0;0.0;0.0
bn:01119275n;6690;6696;Filtres;0.0;0.0;0.0
bn:00047114n;6698;6702;Rendu;1.0;0.007595355960245682;0.3170731707317073
bn:00056025n;6704;6709;Motifs;0.0;0.0;0.0
bn:00056025n;6711;6716;Motifs;0.0;0.0;0.0
bn:00027046n;6721;6731;diffraction;1.0;0.0009201098560093852;0.14146341463414633
bn:01119275n;6755;6761;Filtres;0.0;0.0;0.0
bn:00032616n;6766;6771;masque;0.0;0.0;0.0
bn:01119275n;6775;6781;Filtres;0.0;0.0;0.0
bn:01119275n;6813;6819;Filtres;0.0;0.0;0.0
bn:00015915n;6821;6825;Carte;0.0;0.0;0.0
bn:00066465n;6827;6835;Repousser;0.9;2.785866679254657e-05;0.02926829268292683
bn:00015915n;6849;6853;carte;0.0;0.0;0.0
bn:00109848a;6865;6869;droit;0.0;0.0;0.0
bn:00014918n;6878;6883;calque;0.0;0.0;0.0
bn:00082317v;6888;6894;ajouter;0.0;0.0;0.0
bn:00032616n;6899;6904;masque;0.0;0.0;0.0
bn:00113830a;6906;6910;blanc;0.0;0.0;0.0
bn:00005513n;6936;6939;zone;0.8536960196711234;0.0035457575059314045;0.22916666666666666
bn:03113401n;6936;6948;zone de texte;1.0;0.0002495753708045327;0.07083333333333333
bn:00076732n;6944;6948;texte;0.7450693937180424;0.006510661847074766;0.3125
bn:00084595v;6953;6961;appliquer;0.0;0.0;0.0
bn:00032616n;6966;6971;masque;0.0;0.0;0.0
bn:00014918n;6990;6995;calque;0.0;0.0;0.0
bn:00076732n;7000;7004;texte;0.7450693937180424;0.006510661847074766;0.3125
bn:00022534n;7008;7013;Copier;1.0;0.00012766003621715228;0.041666666666666664
bn:00014918n;7018;7023;calque;0.0;0.0;0.0
bn:00032616n;7049;7054;masque;0.0;0.0;0.0
bn:00014918n;7059;7064;calque;0.0;0.0;0.0
bn:00012365n;7069;7072;fond;0.0;0.0;0.0
bn:00003895n;7096;7101;Ancrer;0.0;0.0;0.0
bn:00014918n;7106;7111;calque;0.0;0.0;0.0
bn:00065362n;7123;7128;Mettre;1.0;7.659602173029137e-06;0.0125
bn:00020726n;7134;7140;couleur;0.9092269651223321;0.008918968430311343;0.37083333333333335
bn:00107267a;7166;7172;nouveau;0.0;0.0;0.0
bn:00062279n;7181;7185;cadre;0.0;0.0;0.0
bn:00076732n;7190;7194;texte;0.7450693937180424;0.006510661847074766;0.3125
bn:03692206n;7196;7200;Créer;0.0;0.0;0.0
bn:00107267a;7205;7211;nouveau;0.0;0.0;0.0
bn:00014918n;7213;7218;calque;0.0;0.0;0.0
bn:00082716v;7220;7224;nommé;0.0;0.0;0.0
bn:00020726n;7226;7232;couleur;0.9092269651223321;0.008918968430311343;0.37083333333333335
bn:00012365n;7237;7240;fond;0.0;0.0;0.0
bn:00020726n;7258;7264;couleur;0.9092269651223321;0.008918968430311343;0.37083333333333335
bn:00018661n;7275;7279;choix;0.0;0.0;0.0
bn:00057001n;7283;7291;Sélection;0.0;0.0;0.0
bn:05017745n;7300;7306;Choisir;0.0;0.0;0.0
bn:00020726n;7312;7318;couleur;0.9092269651223321;0.008918968430311343;0.37083333333333335
bn:00095228v;7340;7345;régler;0.0;0.0;0.0
bn:00041239n;7351;7357;niveaux;0.0;0.0;0.0
bn:00020726n;7362;7368;couleur;0.9092269651223321;0.008918968430311343;0.37083333333333335
bn:00032616n;7391;7396;masque;0.0;0.0;0.0
bn:00014918n;7401;7406;calque;0.0;0.0;0.0
bn:00111465a;7408;7416;supérieur;0.0;0.0;0.0
bn:00014918n;7418;7423;Calque;0.0;0.0;0.0
bn:00020726n;7425;7432;Couleurs;0.908574013051625;0.008975777146427976;0.37083333333333335
bn:00041239n;7434;7440;niveaux;0.0;0.0;0.0
bn:00078214n;7453;7461;triangles;0.802917534980649;0.0034429911767765967;0.25833333333333336
bn:00053238n;7466;7472;manière;0.0;0.0;0.0
bn:00087107v;7476;7480;faire;0.0;0.0;0.0
bn:00043320n;7495;7499;titre;0.0;0.0;0.0
bn:00023652n;7511;7518;Création;0.0;0.0;0.0
bn:00070830n;7527;7531;ombre;0.0;0.0;0.0
bn:03029964n;7527;7538;ombre portée;0.9925558312655087;0.00025532007243430455;0.08333333333333333
bn:00014918n;7557;7562;calque;0.0;0.0;0.0
bn:00111465a;7564;7572;supérieur;0.0;0.0;0.0
bn:00014918n;7576;7581;Calque;0.0;0.0;0.0
bn:00095056v;7596;7601;calque;1.0;6.638321883291918e-05;0.03333333333333333
bn:00107267a;7618;7624;nouveau;0.0;0.0;0.0
bn:00014918n;7626;7631;calque;0.0;0.0;0.0
bn:00014918n;7635;7640;Calque;0.0;0.0;0.0
bn:00084595v;7642;7650;appliquer;0.0;0.0;0.0
bn:00095056v;7655;7660;calque;1.0;6.638321883291918e-05;0.03333333333333333
bn:00083242v;7687;7695;préserver;0.0;0.0;0.0
bn:00051272n;7700;7711;transparence;0.0;0.0;0.0
bn:00010820n;7725;7728;noir;0.0;0.0;0.0
bn:00107267a;7733;7739;nouveau;0.0;0.0;0.0
bn:00014918n;7741;7746;calque;0.0;0.0;0.0
bn:00087012v;7768;7775;déplacer;0.0;0.0;0.0
bn:03268983n;7786;7792;flèches;0.8478260869565217;0.0004978741412468939;0.10833333333333334
bn:00095056v;7797;7802;calque;1.0;6.638321883291918e-05;0.03333333333333333
bn:00088733v;7812;7815;avez;0.0;0.0;0.0
bn:00021961n;7820;7827;résultat;0.0;0.0;0.0
bn:00034520n;7820;7833;résultat final;1.0;0.0002297880651908741;0.075
bn:01755798n;7829;7833;final;0.9278350515463918;0.0005170231466794667;0.1125
bn:00103172a;7835;7841;suivant;0.0;0.0;0.0
bn:14037830n;7848;7858;Télécharger;0.0;0.0;0.0
bn:00433129n;7864;7867;Gimp;0.991218441273326;0.0017291551905613276;0.17916666666666667
bn:00078719n;7917;7925;tutoriaux;1.0;0.0008214923330573749;0.1375
bn:00060158n;7964;7967;page;0.0;0.0;0.0
bn:00080778n;7964;7971;page Web;1.0;0.004059589151705442;0.25
bn:00937946n;7964;7982;page Web dynamiques;1.0;0.0006702151901400495;0.10416666666666667
bn:00080772n;7969;7971;Web;0.7358262024772398;0.012020469010207058;0.44583333333333336
bn:00101917a;7973;7982;dynamiques;0.0;0.0;0.0
bn:00053116n;7988;7994;Gestion;0.0;0.0;0.0
bn:00883027n;7988;8005;Gestion de contenu;1.0;0.0005585126584500412;0.10416666666666667
bn:00022154n;7999;8005;contenu;0.0;0.0;0.0
bn:00008786n;8024;8027;base;0.0;0.0;0.0
bn:00025333n;8024;8038;base de données;0.9990385193197524;0.010611740510550784;0.3958333333333333
bn:00025314n;8032;8038;données;0.8979791395045632;0.01406813599113018;0.48333333333333334
bn:00020407n;8040;8049;Génération;0.0;0.0;0.0
bn:00049910n;8071;8077;langage;0.0;0.0;0.0
bn:01753580n;8082;8084;php;1.0;0.007814709117032977;0.32083333333333336
bn:00049910n;8091;8097;langage;0.0;0.0;0.0
bn:03308182n;8091;8103;langage dédié;1.0;0.000337022495613282;0.09166666666666666
bn:00085427v;8099;8103;dédié;0.7424242424242424;3.127670887320231e-05;0.029166666666666667
bn:00080772n;8108;8110;web;0.7358262024772398;0.012020469010207058;0.44583333333333336
bn:00097800a;8137;8146;classiques;0.8421052631578947;4.085121158948873e-05;0.03333333333333333
bn:00079582n;8152;8160;Variables;0.0;0.0;0.0
bn:00029423n;8164;8170;Boucles;0.0;0.0;0.0
bn:00064921n;8174;8183;Conditions;0.0;0.0;0.0
bn:00036821n;8187;8195;Fonctions;0.7220611197858576;0.008264710744698438;0.325
bn:00034738n;8218;8224;Premier;0.0;0.0;0.0
bn:00023310n;8226;8230;cours;0.0;0.0;0.0
bn:00079582n;8234;8242;Variables;0.0;0.0;0.0
bn:00036821n;8246;8254;Fonctions;0.7220611197858576;0.008264710744698438;0.325
bn:00029423n;8258;8264;Boucles;0.0;0.0;0.0
bn:00064921n;8268;8277;Conditions;0.0;0.0;0.0
bn:00024619n;8279;8285;Insérer;0.0;0.0;0.0
bn:01753580n;8290;8292;Php;1.0;0.007814709117032977;0.32083333333333336
bn:00029621n;8332;8335;echo;0.0;0.0;0.0
bn:01753580n;8339;8341;php;1.0;0.007814709117032977;0.32083333333333336
bn:00088629v;8343;8352;fonctionne;0.0;0.0;0.0
bn:01896338n;8382;8384;Les;1.0;0.00021446886084481583;0.06666666666666667
bn:00113501a;8386;8394;variables;0.0;0.0;0.0
bn:00113501a;8402;8409;variable;0.0;0.0;0.0
bn:00083187v;8411;8413;est;0.0;0.0;0.0
bn:00056758n;8418;8420;nom;0.0;0.0;0.0
bn:00083187v;8429;8431;est;0.0;0.0;0.0
bn:00082868v;8433;8439;associé;0.0;0.0;0.0
bn:00029680n;8445;8450;valeur;0.0;0.0;0.0
bn:03273105n;8461;8462;ex;0.0;0.0;0.0
bn:00058285n;8477;8482;nombre;0.0;0.0;0.0
bn:00054378n;8487;8490;test;0.0;0.0;0.0
bn:02806034n;8495;8505;Affectation;0.9415204678362573;0.0010276632915480759;0.14583333333333334
bn:00076732n;8511;8515;Texte;0.7450693937180424;0.006510661847074766;0.3125
bn:00058285n;8542;8547;Nombre;0.0;0.0;0.0
bn:00058285n;8552;8557;nombre;0.0;0.0;0.0
bn:00294693n;8567;8573;Booléen;1.0;0.0013940475954913028;0.1625
bn:00054378n;8578;8581;test;0.0;0.0;0.0
bn:00027675n;8592;8600;Affichage;0.0;0.0;0.0
bn:00029621n;8606;8609;echo;0.0;0.0;0.0
bn:00028736n;8621;8628;Pratique;0.0;0.0;0.0
bn:00087107v;8635;8639;faire;0.0;0.0;0.0
bn:00014694n;8644;8649;calcul;0.0;0.0;0.0
bn:00029621n;8681;8684;echo;0.0;0.0;0.0
bn:00001296n;8716;8723;Addition;0.9347933070866141;0.004849804775889615;0.24166666666666667
bn:00055233n;8725;8736;Soustraction;0.7904893177119228;0.0014642606154107367;0.12916666666666668
bn:00056300n;8738;8751;Multiplication;0.8456375838926175;0.002412774684504178;0.175
bn:00027919n;8753;8760;Division;0.8290155440414507;0.0018383045215269928;0.16666666666666666
bn:00022378n;8762;8772;Transmettre;1.0;1.0212802897372182e-05;0.016666666666666666
bn:00113501a;8778;8785;variable;0.0;0.0;0.0
bn:00045513n;8809;8812;href;1.0;0.0019966029664362614;0.19166666666666668
bn:00060158n;8852;8855;page;0.0;0.0;0.0
bn:00093485v;8875;8882;envoyant;0.0;0.0;0.0
bn:00113501a;8887;8894;variable;0.0;0.0;0.0
bn:00056758n;8896;8898;nom;0.0;0.0;0.0
bn:00088733v;8900;8904;ayant;0.0;0.0;0.0
bn:00029680n;8911;8916;valeur;0.0;0.0;0.0
bn:14352118n;8935;8944;formulaire;0.0;0.0;0.0
bn:00093430v;8951;8955;verra;0.0;0.0;0.0
bn:00115880r;8962;8965;plus;0.0;0.0;0.0
bn:00114633r;8962;8970;plus tard;0.0;0.0;0.0
bn:00114519r;8967;8970;tard;0.0;0.0;0.0
bn:00036821n;8976;8984;fonctions;0.7063059131573205;0.008264710744698438;0.325
bn:00074033n;8988;8998;Déclaration;0.0;0.0;0.0
bn:00056758n;9024;9026;nom;0.0;0.0;0.0
bn:00029621n;9031;9034;echo;0.0;0.0;0.0
bn:00056758n;9047;9049;nom;0.0;0.0;0.0
bn:00012593n;9055;9056;br;1.0;6.383001810857614e-07;0.004166666666666667
bn:00030627n;9069;9079;Utilisation;0.0;0.0;0.0
bn:15347716n;9098;9103;Gérard;1.0;3.127670887320231e-05;0.029166666666666667
bn:03386521n;9098;9109;Gérard Majax;1.0;2.5532007243430454e-06;0.008333333333333333
bn:03386521n;9105;9109;Majax;1.0;2.5532007243430454e-06;0.008333333333333333
bn:00029423n;9121;9127;boucles;0.0;0.0;0.0
bn:00087107v;9136;9140;faire;0.0;0.0;0.0
bn:00001127n;9146;9151;action;0.7238095238095238;0.0014553244128755359;0.15833333333333333
bn:00064921n;9172;9180;condition;0.0;0.0;0.0
bn:00020945n;9197;9208;instructions;0.0;0.0;0.0
bn:00089731v;9212;9218;répéter;0.0;0.0;0.0
bn:03595585n;9224;9226;For;0.0;0.0;0.0
bn:00029621n;9266;9269;echo;0.0;0.0;0.0
bn:00083187v;9278;9280;est;0.0;0.0;0.0
bn:00014457n;9285;9289;ligne;0.0;0.0;0.0
bn:00064921n;9305;9314;conditions;0.0;0.0;0.0
bn:00022071n;9318;9326;Structure;0.0;0.0;0.0
bn:00054378n;9352;9355;test;0.0;0.0;0.0
bn:00047734n;9364;9365;if;0.9992679355783309;0.0017425594943641285;0.175
bn:00054378n;9370;9373;test;0.0;0.0;0.0
bn:00029621n;9385;9388;echo;0.0;0.0;0.0
bn:00012593n;9402;9403;br;1.0;6.383001810857614e-07;0.004166666666666667
bn:00029621n;9421;9424;echo;0.0;0.0;0.0
bn:00054378n;9437;9440;test;0.0;0.0;0.0
bn:00012593n;9443;9444;br;1.0;6.383001810857614e-07;0.004166666666666667
bn:00022071n;9457;9465;Structure;0.0;0.0;0.0
bn:01071927n;9490;9495;switch;0.9358541525995948;0.0008846840509848653;0.1375
bn:00113501a;9498;9505;variable;0.0;0.0;0.0
bn:00009280n;9531;9535;break;0.0;0.0;0.0
bn:00009280n;9561;9565;break;0.0;0.0;0.0
bn:00009280n;9591;9595;break;0.0;0.0;0.0
bn:00075142n;9601;9606;Résumé;0.0;0.0;0.0
bn:00023310n;9611;9615;cours;0.0;0.0;0.0
bn:00107791a;9617;9626;précédents;0.0;0.0;0.0
bn:00045087n;9630;9633;HTML;1.0;0.007418324704578719;0.325
bn:00022071n;9637;9645;structure;0.0;0.0;0.0
bn:00060158n;9653;9656;page;0.0;0.0;0.0
bn:04699521n;9666;9674;habillage;0.7916666666666666;0.0002789371791344777;0.07916666666666666
bn:00060158n;9682;9685;page;0.0;0.0;0.0
bn:00433129n;9689;9692;Gimp;0.991218441273326;0.0017291551905613276;0.17916666666666667
bn:00023652n;9696;9703;création;0.0;0.0;0.0
bn:00045772n;9708;9712;image;0.0;0.0;0.0
bn:00050344n;9716;9727;Introduction;0.0;0.0;0.0
bn:01753580n;9732;9734;Php;1.0;0.007814709117032977;0.32083333333333336
bn:00020407n;9738;9747;génération;0.0;0.0;0.0
bn:00060158n;9752;9755;page;0.0;0.0;0.0
bn:00067105n;9760;9765;Rendre;1.0;6.383001810857614e-07;0.004166666666666667
bn:00047172n;9773;9776;site;0.9690165173269999;0.005729382425425794;0.2833333333333333
bn:00103574a;9778;9787;accessible;0.0;0.0;0.0
bn:02417500n;9791;9796;Ouvrir;0.0;0.0;0.0
bn:00100203a;9798;9805;terminal;0.9541284403669725;0.0003319160941645959;0.08333333333333333
bn:00050797n;9809;9815;Laisser;1.0;6.383001810857614e-07;0.004166666666666667
bn:00103574a;9817;9826;accessible;0.0;0.0;0.0
bn:00066372n;9833;9839;lecture;0.0;0.0;0.0
bn:00060158n;9929;9932;page;0.0;0.0;0.0
bn:01896338n;9978;9980;Les;1.0;0.00021446886084481583;0.06666666666666667
bn:00008786n;9982;9985;base;0.0;0.0;0.0
bn:00025333n;9982;9996;base de données;0.9990385193197524;0.010611740510550784;0.3958333333333333
bn:00025314n;9990;9996;données;0.8979791395045632;0.01406813599113018;0.48333333333333334
bn:00025314n;10000;10006;Données;0.8979791395045632;0.01406813599113018;0.48333333333333334
bn:00075813n;10026;10031;tables;0.0;0.0;0.0
bn:03692206n;10033;10037;Créer;0.0;0.0;0.0
bn:00008786n;10045;10048;base;0.0;0.0;0.0
bn:00047172n;10071;10074;site;0.9690165173269999;0.005729382425425794;0.2833333333333333
bn:14352118n;10098;10107;formulaire;0.0;0.0;0.0
bn:00093013v;10112;10113;va;0.0;0.0;0.0
bn:00116384r;10115;10124;maintenant;0.8174077578051088;0.0005514913564580978;0.1125
bn:00082281v;10126;10134;apprendre;0.0;0.0;0.0
bn:00088175v;10138;10144;remplir;0.0;0.0;0.0
bn:00008786n;10152;10155;base;0.0;0.0;0.0
bn:00021901n;10157;10165;Connexion;0.0;0.0;0.0
bn:00057001n;10169;10177;Sélection;0.0;0.0;0.0
bn:00027504n;10181;10191;Déconnexion;1.0;0.0014297924056321054;0.16666666666666666
bn:00085630v;10203;10211;connecter;0.0;0.0;0.0
bn:00057164n;10220;10225;besoin;0.0;0.0;0.0
bn:00056758n;10234;10236;nom;0.0;0.0;0.0
bn:00044910n;10244;10247;hôte;0.0;0.0;0.0
bn:03999118n;10257;10261;login;1.0;4.095318538995111e-06;0.009216589861751152
bn:00071918n;10278;10282;passe;0.0;0.0;0.0
bn:00044911n;10304;10307;hote;1.0;1.6381274155980444e-05;0.018433179723502304
bn:03999118n;10315;10319;login;1.0;4.095318538995111e-06;0.009216589861751152
bn:03999118n;10359;10363;login;1.0;4.095318538995111e-06;0.009216589861751152
bn:00049571n;10372;10378;Travail;0.0;0.0;0.0
bn:00008786n;10387;10390;base;0.0;0.0;0.0
bn:00023652n;10394;10401;création;0.0;0.0;0.0
bn:00060158n;10409;10412;page;0.0;0.0;0.0
bn:02234631n;10444;10448;Faire;0.0;0.0;0.0
bn:03248668n;10488;10496;Récupérer;1.0;9.214466712739e-06;0.013824884792626729
bn:00021961n;10501;10508;résultat;0.0;0.0;0.0
bn:00074368n;10578;10584;Stocker;0.0;0.0;0.0
bn:00021961n;10589;10597;résultats;0.0;0.0;0.0
bn:00011012n;10621;10627;tableau;0.0;0.0;0.0
bn:00023652n;10671;10678;Création;0.0;0.0;0.0
bn:00075813n;10687;10691;table;0.0;0.0;0.0
bn:00107267a;10703;10710;nouvelle;0.0;0.0;0.0
bn:00060158n;10712;10715;page;0.0;0.0;0.0
bn:01753580n;10746;10748;php;0.9997737044580222;0.0180931173052804;0.43317972350230416
bn:03999118n;10769;10773;login;1.0;4.095318538995111e-06;0.009216589861751152
bn:00075813n;10794;10798;TABLE;0.0;0.0;0.0
bn:03885719n;10813;10814;id;0.7954545454545454;0.0002866722977296578;0.06451612903225806
bn:00124400n;10828;10830;NOT;1.0;1.2285955616985334e-05;0.013824884792626729
bn:15898583n;10832;10835;NULL;0.0;0.0;0.0
bn:00025336n;10866;10869;DATE;0.0;0.0;0.0
bn:00124400n;10871;10873;NOT;1.0;1.2285955616985334e-05;0.013824884792626729
bn:15898583n;10875;10878;NULL;0.0;0.0;0.0
bn:03999118n;10884;10888;login;1.0;4.095318538995111e-06;0.009216589861751152
bn:14981519n;10892;10895;TEXT;1.0;0.000331720801658604;0.08294930875576037
bn:00124400n;10897;10899;NOT;1.0;1.2285955616985334e-05;0.013824884792626729
bn:15898583n;10901;10904;NULL;0.0;0.0;0.0
bn:00043320n;10910;10914;titre;0.0;0.0;0.0
bn:14981519n;10918;10921;TEXT;1.0;0.000331720801658604;0.08294930875576037
bn:00124400n;10923;10925;NOT;1.0;1.2285955616985334e-05;0.013824884792626729
bn:15898583n;10927;10930;NULL;0.0;0.0;0.0
bn:00022154n;10936;10942;contenu;0.0;0.0;0.0
bn:14981519n;10946;10949;TEXT;1.0;0.000331720801658604;0.08294930875576037
bn:00124400n;10951;10953;NOT;1.0;1.2285955616985334e-05;0.013824884792626729
bn:15898583n;10955;10958;NULL;0.0;0.0;0.0
bn:00035811n;10962;10966;INDEX;0.0;0.0;0.0
bn:03885719n;10972;10973;id;0.7954545454545454;0.0002866722977296578;0.06451612903225806
bn:00046318n;11007;11012;Retour;0.0;0.0;0.0
bn:01753580n;11016;11018;Php;0.9997737044580222;0.0180931173052804;0.43317972350230416
bn:00011012n;11026;11033;tableaux;0.0;0.0;0.0
bn:00011012n;11037;11044;Tableaux;0.0;0.0;0.0
bn:00110649a;11046;11052;simples;0.0;0.0;0.0
bn:00054715n;11090;11095;Michel;0.796812749003984;0.00020476592694975557;0.04608294930875576
bn:00073272n;11116;11124;Véronique;0.0;0.0;0.0
bn:00029621n;11145;11148;echo;0.0;0.0;0.0
bn:00011012n;11167;11174;Tableaux;0.0;0.0;0.0
bn:03848413n;11167;11186;Tableaux associatifs;1.0;0.0013064066139394405;0.1336405529953917
bn:00097619a;11176;11186;associatifs;1.0;2.0476592694975555e-06;0.004608294930875576
bn:00034788n;11213;11218;Prénom;0.0;0.0;0.0
bn:00056758n;11242;11244;Nom;0.0;0.0;0.0
bn:00074600n;11266;11272;Adresse;0.0;0.0;0.0
bn:00074595n;11285;11287;rue;0.8284023668639053;0.00043000844659448666;0.06451612903225806
bn:00060545n;11292;11298;Paradis;0.0;0.0;0.0
bn:00077773n;11306;11310;Ville;0.0;0.0;0.0
bn:00053540n;11319;11327;Marseille;0.903954802259887;0.00016381274155980444;0.03686635944700461
bn:00029621n;11335;11338;echo;0.0;0.0;0.0
bn:00077773n;11354;11358;Ville;0.0;0.0;0.0
bn:00023652n;11366;11373;Création;0.0;0.0;0.0
bn:00060158n;11382;11385;page;0.0;0.0;0.0
bn:00021901n;11414;11422;Connexion;0.0;0.0;0.0
bn:00027504n;11427;11437;déconnexion;0.9906759906759907;0.00043512759476823054;0.07834101382488479
bn:00029621n;11439;11442;echo;0.0;0.0;0.0
bn:05014855n;11450;11458;Bienvenue;0.7058823529411765;3.6857866850956e-05;0.027649769585253458
bn:00060158n;11467;11470;page;0.0;0.0;0.0
bn:03513779n;11497;11502;SELECT;0.9263157894736842;0.0009009700785789245;0.10138248847926268
bn:02240223n;11516;11520;ORDER;1.0;1.6381274155980444e-05;0.018433179723502304
bn:04006502n;11538;11543;result;0.0;0.0;0.0
bn:00029621n;11612;11615;echo;0.0;0.0;0.0
bn:00043320n;11635;11639;titre;0.0;0.0;0.0
bn:00029621n;11654;11657;echo;0.0;0.0;0.0
bn:00022154n;11676;11682;contenu;0.0;0.0;0.0
bn:00029621n;11696;11699;echo;0.0;0.0;0.0
bn:01199383n;11704;11706;div;1.0;3.6857866850956e-05;0.027649769585253458
bn:03999118n;11736;11740;login;1.0;4.095318538995111e-06;0.009216589861751152
bn:00011276n;11800;11806;instant;0.0;0.0;0.0
bn:00060158n;11811;11814;page;0.0;0.0;0.0
bn:00091360v;11816;11819;doit;0.0;0.0;0.0
bn:00083187v;11821;11824;être;0.0;0.0;0.0
bn:00114073r;11826;11834;quasiment;0.0;0.0;0.0
bn:00102176a;11836;11839;vide;0.0;0.0;0.0
bn:00021394n;11852;11859;éléments;0.0;0.0;0.0
bn:00023652n;11863;11870;Création;0.0;0.0;0.0
bn:00107267a;11879;11886;nouvelle;0.0;0.0;0.0
bn:00060158n;11888;11891;page;0.0;0.0;0.0
bn:00093013v;11907;11908;va;0.0;0.0;0.0
bn:00085363v;11910;11915;entrer;0.0;0.0;0.0
bn:00107267a;11922;11930;nouvelles;0.0;0.0;0.0
bn:00075813n;11945;11949;table;0.0;0.0;0.0
bn:00025336n;11952;11955;date;0.0;0.0;0.0
bn:00025336n;11959;11962;date;0.0;0.0;0.0
bn:03795444n;11985;11990;INSERT;0.9880239520958084;0.0006757275589341933;0.09216589861751152
bn:03407659n;11992;11995;INTO;1.0;4.095318538995111e-06;0.009216589861751152
bn:00025336n;12021;12024;date;0.0;0.0;0.0
bn:00071261n;12048;12055;Nouvelle;0.0;0.0;0.0
bn:00083187v;12087;12089;est;0.0;0.0;0.0
bn:00114784r;12091;12102;relativement;1.0;0.0003296731423891065;0.06451612903225806
bn:00110649a;12104;12109;simple;0.0;0.0;0.0
bn:00022154n;12171;12177;contenu;0.0;0.0;0.0
bn:00107267a;12182;12190;nouvelles;0.0;0.0;0.0
bn:00001410n;12200;12211;Modification;0.0;0.0;0.0
bn:00024147n;12215;12225;suppression;0.0;0.0;0.0
bn:00025314n;12230;12236;données;0.8341463414634146;0.014356139138447362;0.3778801843317972
bn:00016287n;12240;12243;Mise;0.9429414658140679;0.003925362819626814;0.2488479262672811
bn:15364261n;12240;12250;Mise à jour;0.9483870967741935;0.000451508868924211;0.0967741935483871
bn:00000086n;12247;12250;jour;0.0;0.0;0.0
bn:00368253n;12256;12261;UPDATE;0.9773936170212766;0.0007525147815403517;0.0967741935483871
bn:03999118n;12272;12276;login;1.0;4.095318538995111e-06;0.009216589861751152
bn:00024147n;12303;12313;Suppression;0.0;0.0;0.0
bn:00941697n;12317;12322;DELETE;1.0;0.0006962041516291689;0.09216589861751152
bn:00043320n;12340;12344;titre;0.0;0.0;0.0
bn:00071261n;12347;12354;Nouvelle;0.0;0.0;0.0
bn:14352118n;12367;12377;formulaires;0.0;0.0;0.0
bn:00014457n;12395;12400;lignes;0.0;0.0;0.0
bn:02234787n;12405;12413;insertion;0.8615384615384616;5.733445954593156e-05;0.03225806451612903
bn:00082317v;12418;12424;ajouter;0.0;0.0;0.0
bn:00027675n;12435;12443;affichage;0.0;0.0;0.0
bn:00020354n;12448;12451;code;0.8444040036396724;0.0019002278020937317;0.14746543778801843
bn:00045087n;12453;12456;HTML;1.0;0.017410222938902965;0.4377880184331797
bn:00103172a;12458;12464;suivant;0.0;0.0;0.0
bn:00052817n;12472;12477;Poster;0.0;0.0;0.0
bn:00001130n;12499;12504;action;0.0;0.0;0.0
bn:03693754n;12518;12523;method;1.0;4.095318538995111e-06;0.009216589861751152
bn:01500184n;12526;12529;post;0.9195402298850575;0.0002457191123397067;0.06912442396313365
bn:00004414n;12533;12538;Pseudo;0.9534450651769087;0.0005242007729913742;0.07373271889400922
bn:03999118n;12555;12559;login;1.0;4.095318538995111e-06;0.009216589861751152
bn:00043320n;12569;12573;Titre;0.0;0.0;0.0
bn:00043320n;12590;12594;titre;0.0;0.0;0.0
bn:00022154n;12604;12610;Contenu;0.0;0.0;0.0
bn:00022154n;12629;12635;contenu;0.0;0.0;0.0
bn:00020518n;12639;12642;cols;0.0;0.0;0.0
bn:03611246n;12650;12653;rows;1.0;0.00020067060841076045;0.06451612903225806
bn:00022154n;12669;12675;contenu;0.0;0.0;0.0
bn:00115641r;12691;12693;ici;0.0;0.0;0.0
bn:00016413n;12719;12722;type;0.0;0.0;0.0
bn:03692206n;12743;12747;Créer;1.0;9.214466712739e-06;0.013824884792626729
bn:00087823v;12763;12770;exécuter;0.0;0.0;0.0
bn:00075973n;12777;12780;haut;0.0;0.0;0.0
bn:00060158n;12788;12791;page;0.0;0.0;0.0
bn:00039869n;12820;12821;if;0.0;0.0;0.0
bn:01426081n;12824;12828;isset;1.0;4.095318538995111e-06;0.009216589861751152
bn:01500184n;12832;12835;POST;0.9195402298850575;0.0002457191123397067;0.06912442396313365
bn:03999118n;12838;12842;login;1.0;4.095318538995111e-06;0.009216589861751152
bn:03999118n;12851;12855;login;1.0;4.095318538995111e-06;0.009216589861751152
bn:01500184n;12859;12862;POST;0.9195402298850575;0.0002457191123397067;0.06912442396313365
bn:03999118n;12865;12869;login;1.0;4.095318538995111e-06;0.009216589861751152
bn:00043320n;12878;12882;titre;0.0;0.0;0.0
bn:01500184n;12886;12889;POST;0.9195402298850575;0.0002457191123397067;0.06912442396313365
bn:00043320n;12892;12896;titre;0.0;0.0;0.0
bn:00022154n;12905;12911;contenu;0.0;0.0;0.0
bn:01500184n;12915;12918;POST;0.9195402298850575;0.0002457191123397067;0.06912442396313365
bn:00022154n;12921;12927;contenu;0.0;0.0;0.0
bn:03795444n;12943;12948;INSERT;0.9880239520958084;0.0006757275589341933;0.09216589861751152
bn:03407659n;12950;12953;INTO;1.0;4.095318538995111e-06;0.009216589861751152
bn:00025336n;12976;12979;date;0.0;0.0;0.0
bn:03999118n;12997;13001;login;1.0;4.095318538995111e-06;0.009216589861751152
bn:00043320n;13010;13014;titre;0.0;0.0;0.0
bn:00022154n;13023;13029;contenu;0.0;0.0;0.0
bn:00029621n;13039;13042;echo;0.0;0.0;0.0
bn:00047172n;13080;13083;site;0.9725864123957092;0.016708899639100053;0.4423963133640553
bn:03722635n;13080;13091;site de news;1.0;0.00047300929125393534;0.0967741935483871
bn:00110649a;13093;13098;simple;0.0;0.0;0.0
bn:00008060n;13103;13107;Bilan;0.7648351648351648;0.0014251708515702988;0.1336405529953917
bn:00045087n;13123;13126;HTML;1.0;0.017410222938902965;0.4377880184331797
bn:01753580n;13152;13154;Php;0.9997737044580222;0.0180931173052804;0.43317972350230416
bn:00085719v;13173;13177;reste;0.0;0.0;0.0
bn:00114047r;13179;13186;beaucoup;0.0;0.0;0.0
bn:00076925n;13191;13196;choses;0.0;0.0;0.0
bn:00082281v;13200;13208;apprendre;0.0;0.0;0.0
bn:00023134n;13214;13221;Conseils;0.0;0.0;0.0
bn:00097623a;13223;13228;divers;0.0;0.0;0.0
bn:00025923n;13232;13238;Définir;1.0;1.6381274155980444e-05;0.018433179723502304
bn:03830506n;13243;13251;structure;0.7385952208544533;0.0020886124548875067;0.15668202764976957
bn:00049573n;13262;13267;projet;0.0;0.0;0.0
bn:00025923n;13271;13277;Définir;1.0;1.6381274155980444e-05;0.018433179723502304
bn:03830506n;13282;13290;structure;0.7385952208544533;0.0020886124548875067;0.15668202764976957
bn:00047172n;13295;13298;site;0.9725864123957092;0.016708899639100053;0.4423963133640553
bn:00114946r;13308;13317;proprement;0.0;0.0;0.0
bn:00090460v;13327;13334;cherchez;0.0;0.0;0.0
bn:00046705n;13340;13351;informations;0.7157571444623394;0.03913076864009829;0.5990783410138248
bn:00024712n;13357;13364;Internet;0.9989548599014583;0.0616509252860324;0.7188940092165899
bn:00047172n;13369;13373;sites;0.9725864123957092;0.016708899639100053;0.4423963133640553
bn:00104094a;13375;13380;utiles;0.0;0.0;0.0
bn:00023310n;13387;13391;cours;0.0;0.0;0.0
bn:00115530r;13393;13396;bien;0.0;0.0;0.0
bn:00433129n;13421;13424;Gimp;0.9989594172736732;0.0009828764493588268;0.1382488479262673
bn:00022154n;13493;13500;contenus;0.0;0.0;0.0
bn:00100162a;13502;13509;complets;0.7993079584775087;0.00047300929125393534;0.0967741935483871
bn:00020354n;13597;13601;codes;0.8409605799728138;0.0019002278020937317;0.14746543778801843
bn:00072947n;13597;13609;codes sources;0.9959524915400438;0.015367682817579154;0.4377880184331797
bn:00040284n;13603;13609;sources;0.0;0.0;0.0
bn:00091711v;13645;13649;jouer;0.0;0.0;0.0
