bn:00079152n;15;24;université;0.0;0.0;0.0
bn:03268781n;26;30;rouen;0.7320125130344108;0.0003020370722539796;0.08496732026143791
bn:00036202n;32;37;france;0.9994480293332982;0.06544050515054955;0.738562091503268
bn:00062766n;65;68;plan;0.0;0.0;0.0
bn:00008786n;79;82;base;0.0;0.0;0.0
bn:14352118n;84;93;formulaire;0.0;0.0;0.0
bn:00021475n;95;101;fichier;0.9721845859568025;0.010496433639185308;0.34967320261437906
bn:00024131n;103;109;cookies;0.0;0.0;0.0
bn:00070689n;111;117;session;0.0;0.0;0.0
bn:03268781n;150;154;rouen;0.7320125130344108;0.0003020370722539796;0.08496732026143791
bn:00060158n;156;159;page;0.0;0.0;0.0
bn:00101917a;161;169;dynamique;0.0;0.0;0.0
bn:00032100n;171;177;exemple;0.0;0.0;0.0
bn:00032100n;179;185;exemple;0.0;0.0;0.0
bn:00111112a;187;194;statique;0.9281767955801105;7.228237626590965e-05;0.0392156862745098
bn:02338897n;201;204;head;0.0;0.0;0.0
bn:00060158n;212;215;page;0.0;0.0;0.0
bn:00111112a;217;224;statique;0.9281767955801105;7.228237626590965e-05;0.0392156862745098
bn:02338897n;232;235;head;0.0;0.0;0.0
bn:00011776n;237;240;body;0.0;0.0;0.0
bn:00011776n;242;245;body;0.0;0.0;0.0
bn:00048242n;252;259;problème;0.0;0.0;0.0
bn:00087013v;261;268;afficher;0.7808219178082192;0.00012262188830823958;0.049019607843137254
bn:00060158n;270;273;page;0.0;0.0;0.0
bn:00101583a;275;283;différent;0.774798927613941;0.00012434289726695173;0.05555555555555555
bn:00036821n;285;292;fonction;0.0;0.0;0.0
bn:00952651n;285;304;fonction utilisateur;1.0;0.0004973715890678069;0.1111111111111111
bn:00079373n;294;304;utilisateur;0.0;0.0;0.0
bn:00031074n;306;318;environnement;0.0;0.0;0.0
bn:00072760n;320;327;solution;0.0;0.0;0.0
bn:00082705v;329;336;utiliser;0.0;0.0;0.0
bn:00049910n;338;344;langage;0.786413946195998;0.021796578462089183;0.4869281045751634
bn:00021493n;346;358;programmation;0.8751687143104343;0.010880218636978115;0.3562091503267974
bn:00086734v;360;366;évoluer;0.0;0.0;0.0
bn:00032100n;368;374;exemple;0.0;0.0;0.0
bn:03268781n;396;400;rouen;0.7320125130344108;0.0003020370722539796;0.08496732026143791
bn:00064213n;402;413;présentation;0.0;0.0;0.0
bn:00049910n;415;421;langage;0.786413946195998;0.021796578462089183;0.4869281045751634
bn:00109521a;423;428;récent;0.9;3.872270157102303e-06;0.00980392156862745
bn:00086008v;430;434;créer;0.8087503274823159;0.0013281886638860899;0.16013071895424835
bn:00082705v;444;451;utiliser;0.0;0.0;0.0
bn:00115880r;453;456;plus;0.0;0.0;0.0
bn:00084119v;458;465;répandre;0.0;0.0;0.0
bn:00026869n;467;472;couche;0.0;0.0;0.0
bn:00058442n;474;478;objet;0.0;0.0;0.0
bn:00049910n;480;486;langage;0.7853566764102246;0.021732470878377156;0.4869281045751634
bn:01431715n;488;493;script;0.8828116171318793;0.006722260992729598;0.30392156862745096
bn:00049910n;495;501;langage;0.7853566764102246;0.021732470878377156;0.4869281045751634
bn:00089840v;503;513;interpréter;0.0;0.0;0.0
bn:00064201n;515;522;présence;0.0;0.0;0.0
bn:00889785n;524;535;interpréteur;0.0;0.0;0.0
bn:00032604n;537;540;côté;0.0;0.0;0.0
bn:03816678n;537;548;côté serveur;1.0;0.00031666564840303275;0.07516339869281045
bn:00044916n;542;548;serveur;0.8167850011093855;0.006335464229259046;0.3104575163398693
bn:00087628v;550;557;intégrer;0.0;0.0;0.0
bn:16739384n;559;563;coder;1.0;6.884035834848538e-06;0.013071895424836602
bn:00062118n;570;576;syntaxe;0.792269061025719;0.004479786319527686;0.24836601307189543
bn:00099857a;578;583;proche;0.0;0.0;0.0
bn:00048043n;585;588;java;0.9359693334279833;0.01701862734046462;0.4411764705882353
bn:00047088n;590;598;interface;0.0;0.0;0.0
bn:00110649a;600;605;simple;0.0;0.0;0.0
bn:00114047r;607;614;beaucoup;0.0;0.0;0.0
bn:00036197n;647;652;modèle;0.0;0.0;0.0
bn:00019966n;654;662;exécution;0.0;0.0;0.0
bn:00019763n;664;669;client;0.0;0.0;0.0
bn:00082817v;671;678;demander;0.0;0.0;0.0
bn:00060158n;680;683;page;0.0;0.0;0.0
bn:00044916n;685;691;serveur;0.8167850011093855;0.006335464229259046;0.3104575163398693
bn:00087823v;693;700;exécuter;0.0;0.0;0.0
bn:00050207n;713;721;lancement;0.0;0.0;0.0
bn:00889785n;723;734;interpréteur;0.0;0.0;0.0
bn:00019966n;736;744;exécution;0.0;0.0;0.0
bn:00044916n;752;758;serveur;0.8151572187776793;0.006335464229259046;0.3104575163398693
bn:00088506v;760;767;renvoyer;0.0;0.0;0.0
bn:00021961n;769;776;résultat;0.0;0.0;0.0
bn:00019966n;778;786;exécution;0.0;0.0;0.0
bn:00019763n;788;793;client;0.0;0.0;0.0
bn:00087013v;795;802;afficher;0.7808219178082192;0.00012262188830823958;0.049019607843137254
bn:00021961n;804;811;résultat;0.0;0.0;0.0
bn:00019763n;813;818;client;0.0;0.0;0.0
bn:00104687a;820;829;impossible;0.0;0.0;0.0
bn:00093430v;831;834;voir;0.0;0.0;0.0
bn:00020354n;836;839;code;0.7970683647723177;0.002854293358024075;0.20261437908496732
bn:00110667a;841;844;seul;0.713490959666203;0.00022071939895483125;0.06209150326797386
bn:00021961n;846;853;résultat;0.0;0.0;0.0
bn:00019966n;855;863;exécution;0.0;0.0;0.0
bn:00088941v;865;873;récupérer;1.0;3.442017917424269e-06;0.006535947712418301
bn:00019763n;875;880;client;0.0;0.0;0.0
bn:03268781n;902;906;rouen;0.7320125130344108;0.0003020370722539796;0.08496732026143791
bn:00103006a;908;914;premier;0.0;0.0;0.0
bn:00032100n;916;922;exemple;0.0;0.0;0.0
bn:00084976v;924;928;coder;0.8414239482200647;0.00011186558231628875;0.042483660130718956
bn:00032604n;930;933;côté;0.0;0.0;0.0
bn:03816678n;930;941;côté serveur;1.0;0.00031666564840303275;0.07516339869281045
bn:00044916n;935;941;serveur;0.8167850011093855;0.006335464229259046;0.3104575163398693
bn:02338897n;948;951;head;0.0;0.0;0.0
bn:00060158n;959;962;page;0.0;0.0;0.0
bn:00101917a;964;972;dynamique;0.0;0.0;0.0
bn:02338897n;980;983;head;0.0;0.0;0.0
bn:00011776n;985;988;body;0.0;0.0;0.0
bn:02592230n;990;998;echo echo;1.0;4.302522396780336e-07;0.0032679738562091504
bn:00029621n;995;998;echo;0.0;0.0;0.0
bn:00025336n;1000;1003;date;0.0;0.0;0.0
bn:00011776n;1005;1008;body;0.0;0.0;0.0
bn:03268781n;1035;1039;rouen;0.7320125130344108;0.0003020370722539796;0.08496732026143791
bn:00103006a;1041;1047;premier;0.0;0.0;0.0
bn:00032100n;1049;1055;exemple;0.0;0.0;0.0
bn:00021961n;1057;1064;résultat;0.0;0.0;0.0
bn:00110607a;1066;1069;côté;1.0;4.302522396780336e-07;0.0032679738562091504
bn:02338897n;1083;1086;head;0.0;0.0;0.0
bn:00060158n;1094;1097;page;0.0;0.0;0.0
bn:00111112a;1099;1106;statique;0.9281767955801105;7.228237626590965e-05;0.0392156862745098
bn:02338897n;1114;1117;head;0.0;0.0;0.0
bn:00011776n;1119;1122;body;0.0;0.0;0.0
bn:00011776n;1124;1127;body;0.0;0.0;0.0
bn:03268781n;1154;1158;rouen;0.7320125130344108;0.0003020370722539796;0.08496732026143791
bn:00033702n;1160;1166;mélange;0.0;0.0;0.0
bn:00020945n;1195;1205;instruction;0.0;0.0;0.0
bn:00084711v;1207;1211;finir;0.0;0.0;0.0
bn:00020978n;1213;1223;commentaire;0.8758791890773686;0.0018216879827967945;0.1895424836601307
bn:00099315a;1237;1242;manuel;0.955249569707401;0.00047757998604261735;0.09803921568627451
bn:00100162a;1244;1250;complet;0.0;0.0;0.0
bn:00103321a;1252;1259;français;1.0;0.00012434289726695173;0.05555555555555555
bn:00045088n;1261;1264;http;0.9426229508196722;0.0017812442722670593;0.1503267973856209
bn:00062766n;1310;1313;plan;0.0;0.0;0.0
bn:00008786n;1324;1327;base;0.0;0.0;0.0
bn:14352118n;1329;1338;formulaire;0.0;0.0;0.0
bn:00021475n;1340;1346;fichier;0.9721845859568025;0.010496433639185308;0.34967320261437906
bn:00024131n;1348;1354;cookies;0.0;0.0;0.0
bn:00070689n;1356;1362;session;0.0;0.0;0.0
bn:03268781n;1395;1399;rouen;0.7320125130344108;0.0003020370722539796;0.08496732026143791
bn:00113501a;1401;1408;variable;0.0;0.0;0.0
bn:00113501a;1410;1417;variable;0.0;0.0;0.0
bn:13647781v;1419;1426;préfixer;0.0;0.0;0.0
bn:00088421v;1428;1433;suivre;0.0;0.0;0.0
bn:00066933n;1435;1439;règle;0.0;0.0;0.0
bn:00099753a;1441;1449;classique;0.0;0.0;0.0
bn:00032100n;1451;1457;exemple;0.0;0.0;0.0
bn:00056758n;1465;1467;nom;0.0;0.0;0.0
bn:00104681a;1469;1476;sensible;0.0;0.0;0.0
bn:00083904v;1478;1483;casser;0.0;0.0;0.0
bn:00074033n;1485;1495;déclaration;0.0;0.0;0.0
bn:00016413n;1497;1502;typage;0.9740592930444698;0.008821031417879046;0.3333333333333333
bn:00032100n;1514;1520;exemple;0.0;0.0;0.0
bn:00114424r;1528;1537;maintenant;0.0;0.0;0.0
bn:00103393a;1539;1544;entier;0.0;0.0;0.0
bn:00114424r;1552;1561;maintenant;0.0;0.0;0.0
bn:00007020n;1571;1579;attention;0.0;0.0;0.0
bn:00036052n;1581;1585;faute;0.0;0.0;0.0
bn:00089347v;1587;1593;frapper;0.0;0.0;0.0
bn:00056758n;1595;1597;nom;0.0;0.0;0.0
bn:00113501a;1599;1606;variable;0.0;0.0;0.0
bn:00016413n;1634;1637;type;0.0;0.0;0.0
bn:00103393a;1639;1644;entier;0.0;0.0;0.0
bn:00088322v;1646;1653;flottant;0.0;0.0;0.0
bn:00294693n;1664;1670;booléen;1.0;0.0012683836025708431;0.1437908496732026
bn:00011012n;1683;1689;tableau;0.0;0.0;0.0
bn:00036821n;1691;1698;fonction;0.0;0.0;0.0
bn:03308625n;1691;1703;fonction test;1.0;0.0001355294554985806;0.049019607843137254
bn:00054378n;1700;1703;test;0.0;0.0;0.0
bn:00088506v;1711;1718;renvoyer;0.0;0.0;0.0
bn:00083184v;1725;1731;exister;1.0;8.605044793560672e-07;0.0032679738562091504
bn:00086699v;1739;1746;détruire;0.0;0.0;0.0
bn:00088506v;1767;1774;renvoyer;0.0;0.0;0.0
bn:00103393a;1781;1786;entier;0.0;0.0;0.0
bn:03268781n;1816;1820;rouen;0.7320125130344108;0.0003020370722539796;0.08496732026143791
bn:00020978n;1822;1832;commentaire;0.8758791890773686;0.0018216879827967945;0.1895424836601307
bn:00100331a;1834;1841;constant;0.7830508474576271;9.938826736562578e-05;0.03594771241830065
bn:00020978n;1843;1853;commentaire;0.8758791890773686;0.0018216879827967945;0.1895424836601307
bn:00014457n;1861;1865;ligne;0.0;0.0;0.0
bn:00014457n;1873;1877;ligne;0.0;0.0;0.0
bn:00014457n;1895;1899;ligne;0.0;0.0;0.0
bn:00100331a;1901;1908;constant;0.7830508474576271;9.938826736562578e-05;0.03594771241830065
bn:00086464v;1910;1916;définir;0.0;0.0;0.0
bn:00002155n;1918;1921;aide;0.0;0.0;0.0
bn:02047722n;1923;1931;commander;1.0;2.108235974422365e-05;0.02287581699346405
bn:00032100n;1940;1946;exemple;0.0;0.0;0.0
bn:00082705v;1955;1962;utiliser;0.0;0.0;0.0
bn:00115031r;1964;1974;directement;0.0;0.0;0.0
bn:00029621n;1981;1984;echo;0.0;0.0;0.0
bn:00054378n;1986;1989;test;0.0;0.0;0.0
bn:00009676n;1991;1999;existence;0.9185989146521953;0.0032045186811219947;0.24836601307189543
bn:00088506v;2009;2016;renvoyer;0.0;0.0;0.0
bn:00088506v;2026;2033;renvoyer;0.0;0.0;0.0
bn:03268781n;2055;2059;rouen;0.7320125130344108;0.0003020370722539796;0.08496732026143791
bn:00085363v;2075;2080;entrer;0.0;0.0;0.0
bn:00082481v;2082;2086;aider;0.0;0.0;0.0
bn:14352118n;2088;2097;formulaire;0.0;0.0;0.0
bn:00087845v;2099;2104;sortir;0.0;0.0;0.0
bn:00084451v;2106;2112;pouvoir;0.9807692307692307;8.777145689431886e-05;0.0392156862745098
bn:00087013v;2114;2121;afficher;0.7808219178082192;0.00012262188830823958;0.049019607843137254
bn:02047722n;2123;2131;commander;1.0;2.108235974422365e-05;0.02287581699346405
bn:00012634n;2143;2152;parenthèse;0.0;0.0;0.0
bn:00031337n;2160;2169;équivalent;0.0;0.0;0.0
bn:00084451v;2176;2182;pouvoir;0.9807692307692307;8.777145689431886e-05;0.0392156862745098
bn:00087107v;2184;2188;faire;0.0;0.0;0.0
bn:00027675n;2190;2198;affichage;0.0;0.0;0.0
bn:03243783n;2206;2211;printf;1.0;0.0010033482229291745;0.1437908496732026
bn:03268781n;2233;2237;rouen;0.7320125130344108;0.0003020370722539796;0.08496732026143791
bn:00059141n;2239;2247;opérateur;0.0;0.0;0.0
bn:00097495a;2249;2260;arithmétique;1.0;3.485043141392073e-05;0.029411764705882353
bn:02806034n;2262;2272;affectation;0.9793036750483559;0.0021783670894898843;0.19934640522875818
bn:00071671n;2274;2284;comparaison;0.0;0.0;0.0
bn:00106117a;2286;2292;logique;0.0;0.0;0.0
bn:00100213a;2294;2305;conditionnel;0.8076923076923077;2.710589109971612e-05;0.02287581699346405
bn:03268781n;2327;2331;rouen;0.7320125130344108;0.0003020370722539796;0.08496732026143791
bn:00020945n;2333;2343;instruction;0.0;0.0;0.0
bn:00100213a;2345;2356;conditionnel;0.8076923076923077;2.710589109971612e-05;0.02287581699346405
bn:03268781n;2400;2404;rouen;0.7320125130344108;0.0003020370722539796;0.08496732026143791
bn:00020945n;2406;2416;instruction;0.0;0.0;0.0
bn:00100213a;2418;2429;conditionnel;0.8076923076923077;2.710589109971612e-05;0.02287581699346405
bn:01071927n;2431;2436;switch;0.9429824561403509;0.001202555009900104;0.14052287581699346
bn:01071927n;2438;2443;switch;0.9429824561403509;0.001202555009900104;0.14052287581699346
bn:03120209n;2445;2448;expr;1.0;0.00031365388272528653;0.08823529411764706
bn:00029680n;2456;2461;valeur;0.0;0.0;0.0
bn:00009280n;2463;2467;break;0.0;0.0;0.0
bn:00029680n;2475;2480;valeur;0.0;0.0;0.0
bn:00009280n;2482;2486;break;0.0;0.0;0.0
bn:00009280n;2496;2500;break;0.0;0.0;0.0
bn:03268781n;2522;2526;rouen;0.7320125130344108;0.0003020370722539796;0.08496732026143791
bn:00020945n;2528;2538;instruction;0.0;0.0;0.0
bn:00105498a;2540;2547;itératif;0.972972972972973;3.0978161256818425e-05;0.026143790849673203
bn:00047734n;2565;2569;while;1.0;0.0030203707225397963;0.21241830065359477
bn:00047734n;2582;2586;while;1.0;0.0030203707225397963;0.21241830065359477
bn:03268781n;2619;2623;rouen;0.7320125130344108;0.0003020370722539796;0.08496732026143791
bn:00011012n;2625;2631;tableau;0.0;0.0;0.0
bn:00021394n;2640;2646;élément;0.0;0.0;0.0
bn:00011012n;2648;2654;tableau;0.0;0.0;0.0
bn:00029680n;2656;2661;valeur;0.0;0.0;0.0
bn:00074033n;2663;2673;déclaration;0.0;0.0;0.0
bn:00011012n;2675;2681;tableau;0.0;0.0;0.0
bn:00029680n;2683;2688;valeur;0.0;0.0;0.0
bn:00021394n;2690;2696;élément;0.0;0.0;0.0
bn:00115917r;2698;2706;forcément;0.0;0.0;0.0
bn:00016413n;2713;2716;type;0.0;0.0;0.0
bn:00032100n;2718;2724;exemple;0.0;0.0;0.0
bn:00088378v;2738;2742;voler;0.0;0.0;0.0
bn:00032100n;2750;2756;exemple;0.0;0.0;0.0
bn:00101411a;2770;2775;direct;0.0;0.0;0.0
bn:03268781n;2815;2819;rouen;0.7320125130344108;0.0003020370722539796;0.08496732026143791
bn:00066145n;2821;2828;parcours;0.0;0.0;0.0
bn:00011012n;2830;2836;tableau;0.0;0.0;0.0
bn:00088968v;2838;2846;parcourir;0.0;0.0;0.0
bn:00099753a;2848;2856;classique;0.0;0.0;0.0
bn:00066145n;2858;2865;parcours;0.0;0.0;0.0
bn:00111001a;2867;2876;spécifique;0.0;0.0;0.0
bn:03463379n;2878;2884;foreach;1.0;0.0009908709079785114;0.15359477124183007
bn:13601354v;2886;2891;valoir;0.0;0.0;0.0
bn:03463379n;2893;2899;foreach;1.0;0.0009908709079785114;0.15359477124183007
bn:13601354v;2901;2906;valoir;0.0;0.0;0.0
bn:03268781n;2928;2932;rouen;0.7320125130344108;0.0003020370722539796;0.08496732026143791
bn:00011012n;2934;2940;tableau;0.0;0.0;0.0
bn:00036821n;2942;2949;fonction;0.0;0.0;0.0
bn:00085859v;2968;2974;compter;0.0;0.0;0.0
bn:00058285n;2976;2981;nombre;0.9123734808951773;0.011208501095852454;0.3562091503267974
bn:00021394n;2983;2989;élément;0.0;0.0;0.0
bn:00089742v;2991;3001;initialiser;1.0;0.0001394017256556829;0.058823529411764705
bn:00089884v;3011;3018;retourne;0.0;0.0;0.0
bn:00029680n;3020;3025;valeur;0.0;0.0;0.0
bn:00021394n;3027;3033;élément;0.0;0.0;0.0
bn:00023310n;3035;3039;cours;0.0;0.0;0.0
bn:00023310n;3041;3044;cour;0.0;0.0;0.0
bn:00089884v;3046;3054;retourner;0.0;0.0;0.0
bn:00046423n;3056;3061;indice;0.0;0.0;0.0
bn:00021394n;3063;3069;élément;0.0;0.0;0.0
bn:00023310n;3071;3075;cours;0.0;0.0;0.0
bn:00023310n;3077;3080;cour;0.0;0.0;0.0
bn:00087012v;3088;3095;déplacer;0.0;0.0;0.0
bn:03222272n;3097;3104;pointeur;0.8064217870051273;0.004127839987471055;0.2549019607843137
bn:00103006a;3111;3117;premier;0.0;0.0;0.0
bn:00021394n;3119;3125;élément;0.0;0.0;0.0
bn:04720346n;3127;3130;list;0.9989561586638831;0.00041175139337187817;0.09477124183006536
bn:00089679v;3132;3138;indicer;0.7003891050583657;0.00015489080628409212;0.058823529411764705
bn:00029680n;3140;3145;valeur;0.0;0.0;0.0
bn:00082537v;3152;3160;permettre;0.0;0.0;0.0
bn:00088968v;3162;3170;parcourir;0.0;0.0;0.0
bn:00023269n;3172;3177;couple;0.0;0.0;0.0
bn:00089679v;3179;3185;indicer;0.7003891050583657;0.00015489080628409212;0.058823529411764705
bn:00029680n;3187;3192;valeur;0.0;0.0;0.0
bn:00100306a;3201;3210;consécutif;0.0;0.0;0.0
bn:00087012v;3217;3224;déplacer;0.0;0.0;0.0
bn:03222272n;3226;3233;pointeur;0.8064217870051273;0.004127839987471055;0.2549019607843137
bn:00021394n;3240;3246;élément;0.0;0.0;0.0
bn:00103172a;3248;3254;suivant;0.0;0.0;0.0
bn:00087012v;3261;3268;déplacer;0.0;0.0;0.0
bn:03222272n;3270;3277;pointeur;0.8064217870051273;0.004127839987471055;0.2549019607843137
bn:00021394n;3284;3290;élément;0.0;0.0;0.0
bn:00107791a;3292;3300;précédent;0.0;0.0;0.0
bn:04845188n;3302;3308;thierry;1.0;4.531847558718897e-06;0.0125
bn:00011012n;3328;3334;tableau;0.0;0.0;0.0
bn:00036821n;3336;3343;fonction;0.0;0.0;0.0
bn:00087845v;3356;3361;sortir;0.0;0.0;0.0
bn:00029680n;3368;3373;valeur;0.0;0.0;0.0
bn:00091446v;3399;3403;trier;0.0;0.0;0.0
bn:00029680n;3405;3410;valeur;0.0;0.0;0.0
bn:00087845v;3436;3441;sortir;0.0;0.0;0.0
bn:00059303n;3443;3447;ordre;0.0;0.0;0.0
bn:00105377a;3449;3455;inverse;0.7095435684647303;0.00017221020723131808;0.075
bn:00059303n;3470;3474;ordre;0.0;0.0;0.0
bn:00105377a;3476;3482;inverse;0.7095435684647303;0.00017221020723131808;0.075
bn:00059303n;3516;3520;ordre;0.0;0.0;0.0
bn:00105377a;3522;3528;inverse;0.7095435684647303;0.00017221020723131808;0.075
bn:04845188n;3593;3599;thierry;1.0;4.531847558718897e-06;0.0125
bn:00017748n;3628;3636;caractère;0.0;0.0;0.0
bn:00086464v;3638;3646;délimiter;1.0;0.0004108875119905133;0.06666666666666667
bn:00083225v;3648;3655;contenir;0.0;0.0;0.0
bn:00089840v;3657;3667;interpréter;0.0;0.0;0.0
bn:00086464v;3669;3677;délimiter;1.0;0.0004108875119905133;0.06666666666666667
bn:00083225v;3679;3686;contenir;0.0;0.0;0.0
bn:00089840v;3688;3698;interpréter;0.0;0.0;0.0
bn:00058685n;3703;3709;pouvoir;0.0;0.0;0.0
bn:00083225v;3711;3718;contenir;0.0;0.0;0.0
bn:00101268a;3720;3724;autre;0.0;0.0;0.0
bn:03489514n;3726;3738;concaténation;1.0;0.001067501869387118;0.16666666666666666
bn:00032100n;3740;3746;exemple;0.0;0.0;0.0
bn:00083225v;3753;3760;contenir;0.0;0.0;0.0
bn:00083225v;3773;3780;contenir;0.0;0.0;0.0
bn:00043111n;3793;3796;pouf;0.9878048780487805;4.0786628028470075e-05;0.0375
bn:00083225v;3804;3811;contenir;0.0;0.0;0.0
bn:00083225v;3819;3826;contenir;0.0;0.0;0.0
bn:04845188n;3844;3850;thierry;1.0;4.531847558718897e-06;0.0125
bn:00017748n;3879;3887;caractère;0.0;0.0;0.0
bn:00000663n;3889;3893;accès;0.0;0.0;0.0
bn:00017748n;3895;3903;caractère;0.0;0.0;0.0
bn:00050662n;3912;3919;longueur;0.0;0.0;0.0
bn:00071671n;3921;3931;comparaison;0.0;0.0;0.0
bn:13958358n;3933;3938;strcmp;1.0;0.0008142219447164952;0.1375
bn:04845188n;3940;3946;thierry;1.0;4.531847558718897e-06;0.0125
bn:00017748n;3975;3983;caractère;0.0;0.0;0.0
bn:00028948n;3995;4004;répétition;0.0;0.0;0.0
bn:00098029a;4017;4025;minuscule;0.0;0.0;0.0
bn:00015499n;4038;4046;majuscule;0.0;0.0;0.0
bn:00105119a;4056;4062;initial;0.0;0.0;0.0
bn:00015499n;4064;4072;majuscule;0.0;0.0;0.0
bn:00015499n;4090;4098;majuscule;0.0;0.0;0.0
bn:00090397v;4106;4111;lister;0.0;0.0;0.0
bn:00024147n;4113;4123;suppression;0.0;0.0;0.0
bn:00017748n;4125;4133;caractère;0.0;0.0;0.0
bn:00090397v;4147;4152;lister;0.0;0.0;0.0
bn:00024147n;4154;4164;suppression;0.0;0.0;0.0
bn:00017748n;4166;4174;caractère;0.0;0.0;0.0
bn:00090397v;4181;4186;lister;0.0;0.0;0.0
bn:00024147n;4188;4198;suppression;0.0;0.0;0.0
bn:00017748n;4200;4208;caractère;0.0;0.0;0.0
bn:04845188n;4216;4222;thierry;1.0;4.531847558718897e-06;0.0125
bn:00017748n;4251;4259;caractère;0.0;0.0;0.0
bn:00093455v;4268;4277;rechercher;0.0;0.0;0.0
bn:00104681a;4279;4286;sensible;0.0;0.0;0.0
bn:03225002n;4288;4292;casse;0.0;0.0;0.0
bn:00089884v;4294;4302;retourner;0.0;0.0;0.0
bn:00017748n;4309;4317;caractère;0.0;0.0;0.0
bn:00047732n;4326;4334;occurence;0.9681325685149776;0.0015297503203764455;0.12916666666666668
bn:00067280n;4355;4363;recherche;0.0;0.0;0.0
bn:00105177a;4365;4374;insensible;0.0;0.0;0.0
bn:00083904v;4376;4381;casser;0.0;0.0;0.0
bn:00032251n;4398;4407;extraction;0.0;0.0;0.0
bn:00017748n;4417;4425;caractère;0.0;0.0;0.0
bn:00086432v;4444;4452;décompter;1.0;0.0003947742762261795;0.11666666666666667
bn:00058285n;4454;4459;nombre;0.8507379731982956;0.01387349599309145;0.4
bn:00067169n;4511;4522;remplacement;0.0;0.0;0.0
bn:00063703n;4536;4543;position;0.0;0.0;0.0
bn:04845188n;4545;4551;thierry;1.0;4.531847558718897e-06;0.0125
bn:00036821n;4571;4578;fonction;0.0;0.0;0.0
bn:00029680n;4631;4636;valeur;0.0;0.0;0.0
bn:00046318n;4638;4643;retour;0.0;0.0;0.0
bn:00085859v;4645;4651;nombrer;1.0;0.00018530221128983934;0.06666666666666667
bn:00088052v;4653;4657;fixer;0.0;0.0;0.0
bn:00060585n;4659;4667;paramètre;0.0;0.0;0.0
bn:00083342v;4669;4677;commencer;0.0;0.0;0.0
bn:00105177a;4679;4688;insensible;0.0;0.0;0.0
bn:00083904v;4690;4694;casse;0.0;0.0;0.0
bn:00021961n;4696;4703;résultat;0.0;0.0;0.0
bn:00088506v;4705;4712;renvoyer;0.0;0.0;0.0
bn:00096872a;4731;4734;seul;0.0;0.0;0.0
bn:00029680n;4736;4741;valeur;0.0;0.0;0.0
bn:00046318n;4743;4748;retour;0.0;0.0;0.0
bn:00060894n;4750;4757;passager;0.972972972972973;1.8127390234875587e-05;0.025
bn:00060585n;4759;4767;paramètre;0.0;0.0;0.0
bn:00029680n;4769;4774;valeur;0.0;0.0;0.0
bn:00011197n;4776;4781;défaut;0.0;0.0;0.0
bn:00060872n;4783;4789;passage;0.0;0.0;0.0
bn:04845188n;4808;4814;thierry;1.0;4.531847558718897e-06;0.0125
bn:00036821n;4834;4841;fonction;0.0;0.0;0.0
bn:00087169v;4860;4865;double;0.0;0.0;0.0
bn:00029621n;4874;4877;echo;0.0;0.0;0.0
bn:00115102r;4879;4884;double;1.0;1.4099081293792124e-05;0.016666666666666666
bn:00087169v;4886;4891;double;0.0;0.0;0.0
bn:00029680n;4893;4898;valeur;0.0;0.0;0.0
bn:00029621n;4900;4903;echo;0.0;0.0;0.0
bn:00115102r;4905;4910;double;1.0;1.4099081293792124e-05;0.016666666666666666
bn:00087169v;4912;4917;double;0.0;0.0;0.0
bn:00029680n;4919;4924;valeur;0.0;0.0;0.0
bn:04845188n;4926;4932;thierry;1.0;4.531847558718897e-06;0.0125
bn:00036821n;4952;4959;fonction;0.0;0.0;0.0
bn:00113501a;4961;4968;variable;0.0;0.0;0.0
bn:00082705v;4970;4977;utiliser;0.0;0.0;0.0
bn:00104728a;4979;4987;intérieur;0.0;0.0;0.0
bn:00036821n;4989;4996;fonction;0.0;0.0;0.0
bn:00086699v;4998;5005;détruire;0.0;0.0;0.0
bn:00086464v;5012;5018;définir;0.0;0.0;0.0
bn:16860016n;5020;5025;static;1.0;5.03538617635433e-07;0.004166666666666667
bn:00086464v;5027;5033;définir;0.0;0.0;0.0
bn:00103624a;5035;5040;global;0.0;0.0;0.0
bn:00036821n;5068;5075;fonction;0.0;0.0;0.0
bn:00032100n;5077;5083;exemple;0.0;0.0;0.0
bn:00005019n;5108;5112;appel;0.0;0.0;0.0
bn:00005019n;5114;5118;appel;0.0;0.0;0.0
bn:00029621n;5120;5123;echo;0.0;0.0;0.0
bn:00005019n;5134;5138;appel;0.0;0.0;0.0
bn:00032768n;5140;5143;fois;0.8250939143501127;0.019354513846053138;0.49583333333333335
bn:00103624a;5161;5166;global;0.0;0.0;0.0
bn:00029621n;5175;5178;echo;0.0;0.0;0.0
bn:04845188n;5180;5186;thierry;1.0;4.531847558718897e-06;0.0125
bn:00017049n;5206;5214;inclusion;0.0;0.0;0.0
bn:00021475n;5216;5222;fichier;0.9523119292651109;0.009924746153594385;0.375
bn:00021475n;5232;5238;fichier;0.9523119292651109;0.009924746153594385;0.375
bn:00021475n;5248;5254;fichier;0.9523119292651109;0.009924746153594385;0.375
bn:00021475n;5268;5274;fichier;0.9523119292651109;0.009924746153594385;0.375
bn:00021475n;5288;5294;fichier;0.9523119292651109;0.009924746153594385;0.375
bn:00082408v;5312;5320;provoquer;0.0;0.0;0.0
bn:00051754n;5330;5333;lieu;0.0;0.0;0.0
bn:00031485n;5335;5340;erreur;0.0;0.0;0.0
bn:00048242n;5342;5349;problème;0.0;0.0;0.0
bn:00089662v;5364;5370;inclure;0.0;0.0;0.0
bn:00021475n;5372;5378;fichier;0.9523119292651109;0.009924746153594385;0.375
bn:00114245r;5386;5389;déjà;0.0;0.0;0.0
bn:00089662v;5391;5397;inclure;0.0;0.0;0.0
bn:04845188n;5399;5405;thierry;1.0;4.531847558718897e-06;0.0125
bn:00062766n;5425;5428;plan;0.0;0.0;0.0
bn:00008786n;5439;5442;base;0.0;0.0;0.0
bn:14352118n;5444;5453;formulaire;0.0;0.0;0.0
bn:00021475n;5455;5461;fichier;0.9523119292651109;0.009924746153594385;0.375
bn:00024131n;5463;5469;cookies;0.0;0.0;0.0
bn:00070689n;5471;5477;session;0.0;0.0;0.0
bn:04845188n;5490;5496;thierry;1.0;4.531847558718897e-06;0.0125
bn:14352118n;5516;5525;formulaire;0.0;0.0;0.0
bn:00085363v;5527;5532;entrer;0.0;0.0;0.0
bn:00021394n;5534;5540;élément;0.0;0.0;0.0
bn:04845188n;5557;5563;thierry;1.0;4.531847558718897e-06;0.0125
bn:14352118n;5583;5592;formulaire;0.0;0.0;0.0
bn:02910696n;5594;5601;attribut;0.0;0.0;0.0
bn:00021394n;5603;5609;élément;0.0;0.0;0.0
bn:00001130n;5616;5621;action;0.0;0.0;0.0
bn:00082537v;5623;5631;permettre;0.0;0.0;0.0
bn:00082412v;5633;5640;préciser;0.0;0.0;0.0
bn:13703917r;5642;5648;comment;0.0;0.0;0.0
bn:00091360v;5650;5655;devoir;0.0;0.0;0.0
bn:00083187v;5657;5660;être;0.0;0.0;0.0
bn:00087116v;5662;5668;traiter;0.0;0.0;0.0
bn:00088815v;5670;5675;donner;0.0;0.0;0.0
bn:14352118n;5677;5686;formulaire;0.0;0.0;0.0
bn:00032604n;5688;5691;côté;0.0;0.0;0.0
bn:03816678n;5688;5699;côté serveur;1.0;0.00016264297349624486;0.07083333333333333
bn:00044916n;5693;5699;serveur;0.7502688750268875;0.0035126853966247805;0.26666666666666666
bn:00001130n;5706;5711;action;0.0;0.0;0.0
bn:00001130n;5732;5737;action;0.0;0.0;0.0
bn:00001130n;5778;5783;action;0.0;0.0;0.0
bn:03829206n;5785;5790;mailto;1.0;0.00014099081293792123;0.058333333333333334
bn:00047235n;5818;5827;traitement;0.0;0.0;0.0
bn:00021475n;5829;5835;fichier;0.9523119292651109;0.009924746153594385;0.375
bn:00001130n;5850;5855;action;0.0;0.0;0.0
bn:00054625n;5879;5885;méthode;0.0;0.0;0.0
bn:00031082n;5887;5891;envoi;0.0;0.0;0.0
bn:00088815v;5893;5898;donner;0.0;0.0;0.0
bn:00044916n;5905;5911;serveur;0.7502688750268875;0.0035126853966247805;0.26666666666666666
bn:00082705v;5913;5920;utiliser;0.0;0.0;0.0
bn:00011197n;5922;5927;défaut;0.0;0.0;0.0
bn:00088815v;5929;5933;donné;0.0;0.0;0.0
bn:00088769v;5935;5945;transmettre;0.0;0.0;0.0
bn:00110277a;5947;5953;visible;0.8620689655172413;1.2588465440885825e-05;0.020833333333333332
bn:00079373n;5955;5965;utilisateur;0.0;0.0;0.0
bn:01500184n;6025;6028;post;0.7619047619047619;0.0002014154470541732;0.06666666666666667
bn:00088815v;6030;6035;donner;0.0;0.0;0.0
bn:00110277a;6037;6043;visible;0.8620689655172413;1.2588465440885825e-05;0.020833333333333332
bn:00057073n;6045;6054;navigation;0.7165109034267912;0.0004632555282245984;0.09583333333333334
bn:04845188n;6072;6078;thierry;1.0;4.531847558718897e-06;0.0125
bn:00021394n;6098;6104;élément;0.0;0.0;0.0
bn:00085356v;6106;6115;descendant;0.0;0.0;0.0
bn:00021394n;6117;6123;élément;0.0;0.0;0.0
bn:00086464v;6139;6147;délimiter;1.0;0.0004108875119905133;0.06666666666666667
bn:00041942n;6149;6154;groupe;0.0;0.0;0.0
bn:00085489v;6156;6164;composant;0.0;0.0;0.0
bn:00096384a;6166;6170;actif;0.0;0.0;0.0
bn:00083225v;6172;6179;contenir;0.0;0.0;0.0
bn:00021394n;6181;6187;élément;0.0;0.0;0.0
bn:16052500n;6189;6194;legend;1.0;5.03538617635433e-05;0.041666666666666664
bn:00014306n;6196;6201;bouton;0.0;0.0;0.0
bn:00031082n;6203;6207;envoi;0.0;0.0;0.0
bn:00016413n;6215;6218;type;0.0;0.0;0.0
bn:13601354v;6227;6232;valoir;0.0;0.0;0.0
bn:00093485v;6234;6240;envoyer;0.0;0.0;0.0
bn:00074932n;6247;6256;soumission;0.0;0.0;0.0
bn:01689926n;6267;6275;accesskey;1.0;7.200602232186692e-05;0.04583333333333333
bn:00014306n;6283;6288;bouton;0.0;0.0;0.0
bn:00031082n;6290;6294;envoi;0.0;0.0;0.0
bn:00016413n;6303;6306;type;0.0;0.0;0.0
bn:00074932n;6320;6329;soumission;0.0;0.0;0.0
bn:01689926n;6340;6348;accesskey;1.0;7.200602232186692e-05;0.04583333333333333
bn:00014306n;6356;6361;bouton;0.0;0.0;0.0
bn:00031082n;6363;6367;envoi;0.0;0.0;0.0
bn:00093485v;6369;6375;envoyer;0.0;0.0;0.0
bn:04845188n;6384;6390;thierry;1.0;4.531847558718897e-06;0.0125
bn:00021394n;6410;6416;élément;0.0;0.0;0.0
bn:00085356v;6418;6427;descendant;0.0;0.0;0.0
bn:00021394n;6429;6435;élément;0.0;0.0;0.0
bn:00016413n;6456;6459;type;0.0;0.0;0.0
bn:00074932n;6473;6482;soumission;0.0;0.0;0.0
bn:01689926n;6493;6501;accesskey;1.0;7.200602232186692e-05;0.04583333333333333
bn:00014306n;6509;6514;bouton;0.0;0.0;0.0
bn:00031082n;6516;6520;envoi;0.0;0.0;0.0
bn:00093485v;6522;6528;envoyer;0.0;0.0;0.0
bn:04845188n;6537;6543;thierry;1.0;4.531847558718897e-06;0.0125
bn:00021394n;6563;6569;élément;0.0;0.0;0.0
bn:00085356v;6571;6580;descendant;0.0;0.0;0.0
bn:00021394n;6582;6588;élément;0.0;0.0;0.0
bn:00014306n;6595;6600;bouton;0.0;0.0;0.0
bn:00094537v;6602;6609;remettre;0.0;0.0;0.0
bn:00007146n;6611;6614;zéro;0.0;0.0;0.0
bn:13601354v;6634;6639;valoir;0.0;0.0;0.0
bn:00086518v;6641;6647;effacer;0.0;0.0;0.0
bn:03162349n;6649;6652;name;1.0;2.3335540702627945e-06;0.010135135135135136
bn:00490840n;6654;6663;effacement;1.0;3.137333805575535e-05;0.037162162162162164
bn:04845188n;6665;6671;thierry;1.0;1.0371351423390198e-06;0.006756756756756757
bn:00085207v;6691;6696;saisir;0.0;0.0;0.0
bn:00076732n;6698;6702;texte;0.9119144786738416;0.006546915586015062;0.34121621621621623
bn:00085207v;6704;6709;saisir;0.0;0.0;0.0
bn:00076732n;6711;6715;texte;0.9119144786738416;0.006546915586015062;0.34121621621621623
bn:00049558n;6726;6730;label;0.0;0.0;0.0
bn:00049558n;6732;6736;label;0.0;0.0;0.0
bn:00016413n;6744;6747;type;0.0;0.0;0.0
bn:14981519n;6749;6752;text;1.0;2.100198663236515e-05;0.030405405405405407
bn:03162349n;6754;6757;name;1.0;2.3335540702627945e-06;0.010135135135135136
bn:03645138n;6759;6762;size;1.0;7.052518967905334e-05;0.05405405405405406
bn:13601354v;6774;6779;valoir;0.0;0.0;0.0
bn:00101268a;6806;6810;autre;0.0;0.0;0.0
bn:02910696n;6812;6819;attribut;0.0;0.0;0.0
bn:00012062n;6865;6870;script;0.0;0.0;0.0
bn:00012062n;6881;6886;script;0.0;0.0;0.0
bn:04845188n;6888;6894;thierry;1.0;1.0371351423390198e-06;0.006756756756756757
bn:00032100n;6927;6933;exemple;0.0;0.0;0.0
bn:00001130n;6952;6957;action;0.0;0.0;0.0
bn:00073801n;6998;7006;personnel;0.0;0.0;0.0
bn:00049558n;7021;7025;label;0.0;0.0;0.0
bn:00016413n;7033;7036;type;0.0;0.0;0.0
bn:14981519n;7038;7041;text;1.0;2.100198663236515e-05;0.030405405405405407
bn:03162349n;7043;7046;name;1.0;2.3335540702627945e-06;0.010135135135135136
bn:00049558n;7058;7062;label;0.0;0.0;0.0
bn:00049558n;7071;7075;label;0.0;0.0;0.0
bn:00016413n;7083;7086;type;0.0;0.0;0.0
bn:14981519n;7088;7091;text;1.0;2.100198663236515e-05;0.030405405405405407
bn:03162349n;7093;7096;name;1.0;2.3335540702627945e-06;0.010135135135135136
bn:13601354v;7105;7110;valoir;0.0;0.0;0.0
bn:00049558n;7147;7151;label;0.0;0.0;0.0
bn:00049558n;7162;7166;label;0.0;0.0;0.0
bn:00016413n;7174;7177;type;0.0;0.0;0.0
bn:14981519n;7179;7182;text;1.0;2.100198663236515e-05;0.030405405405405407
bn:03162349n;7184;7187;name;1.0;2.3335540702627945e-06;0.010135135135135136
bn:00082335v;7189;7195;adresse;0.0;0.0;0.0
bn:00049558n;7207;7211;label;0.0;0.0;0.0
bn:00108833a;7219;7224;postal;1.0;4.667108140525589e-06;0.010135135135135136
bn:00049558n;7226;7230;label;0.0;0.0;0.0
bn:00016413n;7238;7241;type;0.0;0.0;0.0
bn:14981519n;7243;7246;text;1.0;2.100198663236515e-05;0.030405405405405407
bn:03162349n;7248;7251;name;1.0;2.3335540702627945e-06;0.010135135135135136
bn:03645138n;7264;7267;size;1.0;7.052518967905334e-05;0.05405405405405406
bn:00049558n;7279;7283;label;0.0;0.0;0.0
bn:00016413n;7303;7306;type;0.0;0.0;0.0
bn:14981519n;7308;7311;text;1.0;2.100198663236515e-05;0.030405405405405407
bn:03162349n;7313;7316;name;1.0;2.3335540702627945e-06;0.010135135135135136
bn:00016413n;7340;7343;type;0.0;0.0;0.0
bn:03162349n;7352;7355;name;1.0;2.3335540702627945e-06;0.010135135135135136
bn:00031082n;7357;7361;envoi;0.0;0.0;0.0
bn:13601354v;7363;7368;valoir;0.0;0.0;0.0
bn:00093485v;7370;7376;envoyer;0.0;0.0;0.0
bn:04845188n;7392;7398;thierry;1.0;1.0371351423390198e-06;0.006756756756756757
bn:00032100n;7429;7435;exemple;0.0;0.0;0.0
bn:03463379n;7444;7450;foreach;1.0;0.0003453660023988936;0.12162162162162163
bn:00029680n;7457;7462;valeur;0.0;0.0;0.0
bn:00029680n;7469;7474;valeur;0.0;0.0;0.0
bn:04845188n;7483;7489;thierry;1.0;1.0371351423390198e-06;0.006756756756756757
bn:00085207v;7516;7521;saisir;0.0;0.0;0.0
bn:00091458v;7523;7528;passer;0.0;0.0;0.0
bn:00016413n;7530;7533;type;0.0;0.0;0.0
bn:00085207v;7544;7549;saisir;0.0;0.0;0.0
bn:00076732n;7551;7555;texte;0.9119144786738416;0.006546915586015062;0.34121621621621623
bn:00106125a;7557;7560;long;0.0;0.0;0.0
bn:00021394n;7562;7568;élément;0.0;0.0;0.0
bn:02910696n;7579;7586;attribut;0.0;0.0;0.0
bn:00012893n;7592;7598;largeur;0.0;0.0;0.0
bn:03611246n;7606;7609;rows;1.0;0.00012964189279237746;0.06756756756756757
bn:00043544n;7611;7617;hauteur;0.0;0.0;0.0
bn:00100329a;7619;7625;visible;0.8351648351648352;0.0002955835155666206;0.10135135135135136
bn:00032100n;7633;7639;exemple;0.0;0.0;0.0
bn:03162349n;7650;7653;name;1.0;2.3335540702627945e-06;0.010135135135135136
bn:00020978n;7655;7665;commentaire;0.9489194499017681;0.0005009362737497465;0.14189189189189189
bn:03611246n;7671;7674;rows;1.0;0.00012964189279237746;0.06756756756756757
bn:00024949n;7694;7698;taper;0.0;0.0;0.0
bn:00020978n;7700;7710;commentaire;0.9489194499017681;0.0005009362737497465;0.14189189189189189
bn:04845188n;7721;7727;thierry;1.0;1.0371351423390198e-06;0.006756756756756757
bn:00014306n;7747;7752;bouton;0.0;0.0;0.0
bn:03157702n;7747;7758;bouton radio;1.0;0.0005180490035983404;0.125
bn:00065899n;7754;7758;radio;0.8528868109166032;0.004067644028253635;0.3581081081081081
bn:00020125n;7766;7771;cocher;0.0;0.0;0.0
bn:00016413n;7779;7782;type;0.0;0.0;0.0
bn:00065899n;7784;7788;radio;0.8528868109166032;0.004067644028253635;0.3581081081081081
bn:03162349n;7790;7793;name;1.0;2.3335540702627945e-06;0.010135135135135136
bn:13601354v;7795;7800;valoir;0.0;0.0;0.0
bn:00029680n;7802;7807;valeur;0.0;0.0;0.0
bn:00016413n;7831;7834;type;0.0;0.0;0.0
bn:00065899n;7836;7840;radio;0.8528868109166032;0.004067644028253635;0.3581081081081081
bn:03162349n;7842;7845;name;1.0;2.3335540702627945e-06;0.010135135135135136
bn:13601354v;7847;7852;valoir;0.0;0.0;0.0
bn:00029680n;7854;7859;valeur;0.0;0.0;0.0
bn:03157691n;7873;7880;checkbox;1.0;0.00029039783985492553;0.0945945945945946
bn:03162349n;7882;7885;name;1.0;2.3335540702627945e-06;0.010135135135135136
bn:13601354v;7887;7892;valoir;0.0;0.0;0.0
bn:00029680n;7894;7899;valeur;0.0;0.0;0.0
bn:03157691n;7929;7936;checkbox;1.0;0.00029039783985492553;0.0945945945945946
bn:03162349n;7938;7941;name;1.0;2.3335540702627945e-06;0.010135135135135136
bn:13601354v;7943;7948;valoir;0.0;0.0;0.0
bn:00029680n;7950;7955;valeur;0.0;0.0;0.0
bn:04845188n;7957;7963;thierry;1.0;1.0371351423390198e-06;0.006756756756756757
bn:00071253n;7983;7987;liste;0.0;0.0;0.0
bn:00057001n;7989;7997;sélection;0.0;0.0;0.0
bn:03162349n;8006;8009;name;1.0;2.3335540702627945e-06;0.010135135135135136
bn:00059228n;8011;8016;option;0.0;0.0;0.0
bn:13601354v;8018;8023;valoir;0.0;0.0;0.0
bn:00029680n;8025;8030;valeur;0.0;0.0;0.0
bn:00059228n;8032;8037;option;0.0;0.0;0.0
bn:00059228n;8039;8044;option;0.0;0.0;0.0
bn:00059228n;8046;8051;option;0.0;0.0;0.0
bn:13601354v;8053;8058;valoir;0.0;0.0;0.0
bn:00029680n;8060;8065;valeur;0.0;0.0;0.0
bn:00059228n;8067;8072;option;0.0;0.0;0.0
bn:00059228n;8074;8079;option;0.0;0.0;0.0
bn:00059228n;8081;8086;option;0.0;0.0;0.0
bn:13601354v;8088;8093;valoir;0.0;0.0;0.0
bn:00059228n;8103;8108;option;0.0;0.0;0.0
bn:00059228n;8110;8115;option;0.0;0.0;0.0
bn:02910696n;8124;8131;attribut;0.0;0.0;0.0
bn:00058285n;8138;8143;nombre;0.7493362447581946;0.007830111040874015;0.34121621621621623
bn:00014457n;8145;8149;ligne;0.0;0.0;0.0
bn:00100329a;8151;8157;visible;0.8351648351648352;0.0002955835155666206;0.10135135135135136
bn:00117250r;8159;8162;lors;1.0;0.00018486933912193027;0.0777027027027027
bn:00010421n;8164;8172;affichage;0.8095238095238095;0.0006082797609818351;0.1554054054054054
bn:00011197n;8174;8179;défaut;0.0;0.0;0.0
bn:00107028a;8181;8188;multiple;1.0;3.500331105394192e-05;0.030405405405405407
bn:00056285n;8190;8197;multiple;0.9928966061562746;0.0003261790022656217;0.11486486486486487
bn:00018661n;8209;8213;choix;0.0;0.0;0.0
bn:00108829a;8215;8222;possible;0.0;0.0;0.0
bn:00090397v;8224;8229;lister;0.0;0.0;0.0
bn:00089384v;8231;8239;maintenir;0.0;0.0;0.0
bn:00049001n;8241;8246;touche;0.0;0.0;0.0
bn:00020947n;8241;8251;touche ctrl;1.0;0.00020301920411286312;0.09121621621621621
bn:00084301v;8253;8260;enfoncer;0.0;0.0;0.0
bn:04845188n;8262;8268;thierry;1.0;1.0371351423390198e-06;0.006756756756756757
bn:00041942n;8288;8293;groupe;0.0;0.0;0.0
bn:00059228n;8295;8300;option;0.0;0.0;0.0
bn:00032100n;8302;8308;exemple;0.0;0.0;0.0
bn:00049558n;8331;8335;label;0.0;0.0;0.0
bn:00041942n;8337;8342;groupe;0.0;0.0;0.0
bn:00059228n;8344;8349;option;0.0;0.0;0.0
bn:13601354v;8351;8356;valoir;0.0;0.0;0.0
bn:00029680n;8358;8363;valeur;0.0;0.0;0.0
bn:00029680n;8365;8370;valeur;0.0;0.0;0.0
bn:00059228n;8372;8377;option;0.0;0.0;0.0
bn:00059228n;8379;8384;option;0.0;0.0;0.0
bn:13601354v;8386;8391;valoir;0.0;0.0;0.0
bn:00029680n;8393;8398;valeur;0.0;0.0;0.0
bn:00029680n;8400;8405;valeur;0.0;0.0;0.0
bn:00059228n;8407;8412;option;0.0;0.0;0.0
bn:00049558n;8432;8436;label;0.0;0.0;0.0
bn:00041942n;8438;8443;groupe;0.0;0.0;0.0
bn:00059228n;8445;8450;option;0.0;0.0;0.0
bn:13601354v;8452;8457;valoir;0.0;0.0;0.0
bn:00029680n;8459;8464;valeur;0.0;0.0;0.0
bn:00029680n;8466;8471;valeur;0.0;0.0;0.0
bn:00059228n;8473;8478;option;0.0;0.0;0.0
bn:00059228n;8480;8485;option;0.0;0.0;0.0
bn:13601354v;8487;8492;valoir;0.0;0.0;0.0
bn:00029680n;8494;8499;valeur;0.0;0.0;0.0
bn:00029680n;8501;8506;valeur;0.0;0.0;0.0
bn:00059228n;8508;8513;option;0.0;0.0;0.0
bn:00059228n;8515;8520;option;0.0;0.0;0.0
bn:13601354v;8522;8527;valoir;0.0;0.0;0.0
bn:00029680n;8529;8534;valeur;0.0;0.0;0.0
bn:00029680n;8536;8541;valeur;0.0;0.0;0.0
bn:00059228n;8543;8548;option;0.0;0.0;0.0
bn:04845188n;8566;8572;thierry;1.0;1.0371351423390198e-06;0.006756756756756757
bn:00077983n;8592;8600;transfert;0.0;0.0;0.0
bn:00021475n;8602;8608;fichier;0.9299370656485817;0.00808394986696149;0.40202702702702703
bn:00001130n;8615;8620;action;0.0;0.0;0.0
bn:00016413n;8677;8680;type;0.0;0.0;0.0
bn:00083444v;8682;8686;filer;0.9142857142857143;2.4891243416136476e-05;0.02702702702702703
bn:03162349n;8688;8691;name;1.0;2.3335540702627945e-06;0.010135135135135136
bn:00021475n;8693;8699;fichier;0.9299370656485817;0.00808394986696149;0.40202702702702703
bn:00016413n;8708;8711;type;0.0;0.0;0.0
bn:00055082n;8713;8717;mimer;1.0;2.35948244882127e-05;0.02364864864864865
bn:00032604n;8719;8722;côté;0.0;0.0;0.0
bn:03816678n;8719;8730;côté serveur;1.0;0.00023231827188394043;0.0945945945945946
bn:00044916n;8724;8730;serveur;0.790034548197168;0.004209731542754082;0.3344594594594595
bn:00083444v;8732;8736;filer;0.9142857142857143;2.4891243416136476e-05;0.02702702702702703
bn:00011012n;8738;8744;tableau;0.0;0.0;0.0
bn:04845188n;8746;8752;thierry;1.0;1.0371351423390198e-06;0.006756756756756757
bn:00101350a;8786;8794;différent;0.0;0.0;0.0
bn:00016413n;8796;8799;type;0.0;0.0;0.0
bn:14981519n;8815;8818;text;1.0;2.100198663236515e-05;0.030405405405405407
bn:00005513n;8820;8823;zone;0.0;0.0;0.0
bn:00076732n;8825;8829;texte;0.9119144786738416;0.006546915586015062;0.34121621621621623
bn:00096872a;8831;8834;seul;0.0;0.0;0.0
bn:00010421n;8857;8865;affichage;0.8095238095238095;0.0006082797609818351;0.1554054054054054
bn:00065682n;8875;8878;file;0.8239135895503642;0.0008504508167179962;0.13513513513513514
bn:00082537v;8880;8888;permettre;0.0;0.0;0.0
bn:00057001n;8890;8898;sélection;0.0;0.0;0.0
bn:00021475n;8900;8906;fichier;0.9299370656485817;0.00808394986696149;0.40202702702702703
bn:03157691n;8908;8915;checkbox;1.0;0.00029039783985492553;0.0945945945945946
bn:00020125n;8923;8928;cocher;0.0;0.0;0.0
bn:00014306n;8937;8942;bouton;0.0;0.0;0.0
bn:00106620a;8944;8949;simple;0.7036247334754797;0.0002566909477289074;0.10135135135135136
bn:00042238n;8944;8956;simple action;0.0;0.0;0.0
bn:00001130n;8951;8956;action;0.0;0.0;0.0
bn:00055423n;8963;8972;javascript;1.0;0.004954913142524667;0.3547297297297297
bn:00034265n;8981;8985;champ;0.0;0.0;0.0
bn:00076732n;8987;8991;texte;0.9119144786738416;0.006546915586015062;0.34121621621621623
bn:00085509v;8993;8998;cacher;0.0;0.0;0.0
bn:00065899n;9000;9004;radio;0.8528868109166032;0.004067644028253635;0.3581081081081081
bn:00014306n;9006;9011;bouton;0.0;0.0;0.0
bn:00059228n;9013;9018;option;0.0;0.0;0.0
bn:00014306n;9026;9031;bouton;0.0;0.0;0.0
bn:00094537v;9033;9040;remettre;0.0;0.0;0.0
bn:00114017a;9042;9045;zéro;0.735632183908046;1.6594162277424317e-05;0.02702702702702703
bn:00014306n;9054;9059;bouton;0.0;0.0;0.0
bn:00074932n;9061;9070;soumission;0.0;0.0;0.0
bn:04845188n;9072;9078;thierry;1.0;1.0371351423390198e-06;0.006756756756756757
bn:00062766n;9098;9101;plan;0.0;0.0;0.0
bn:00008786n;9112;9115;base;0.0;0.0;0.0
bn:14352118n;9117;9126;formulaire;0.0;0.0;0.0
bn:00021475n;9128;9134;fichier;0.9299370656485817;0.00808394986696149;0.40202702702702703
bn:00024131n;9136;9142;cookies;0.0;0.0;0.0
bn:03751534n;9144;9150;session;0.8306532663316583;0.00042859609757159994;0.09797297297297297
bn:04845188n;9163;9169;thierry;1.0;1.0371351423390198e-06;0.006756756756756757
bn:00021475n;9189;9195;fichier;0.9299370656485817;0.00808394986696149;0.40202702702702703
bn:00032579n;9197;9205;ouverture;0.0;0.0;0.0
bn:00080721n;9215;9220;chemin;0.0;0.0;0.0
bn:00033729n;9222;9225;mode;0.0;0.0;0.0
bn:00033729n;9227;9230;mode;0.0;0.0;0.0
bn:00007306n;9245;9252;écriture;0.0;0.0;0.0
bn:00000674n;9260;9264;ajout;0.0;0.0;0.0
bn:00017748n;9299;9307;caractère;0.0;0.0;0.0
bn:00017748n;9309;9317;caractère;0.0;0.0;0.0
bn:04845188n;9328;9334;thierry;1.0;1.0371351423390198e-06;0.006756756756756757
bn:00021475n;9354;9360;fichier;0.9299370656485817;0.00808394986696149;0.40202702702702703
bn:00050662n;9388;9395;longueur;0.0;0.0;0.0
bn:00066372n;9397;9403;lecture;0.0;0.0;0.0
bn:03165817n;9405;9409;octet;0.0;0.0;0.0
bn:00258803n;9426;9432;tailler;1.0;3.733686512420471e-05;0.04054054054054054
bn:00021475n;9434;9440;fichier;0.9299370656485817;0.00808394986696149;0.40202702702702703
bn:00080721n;9451;9456;chemin;0.0;0.0;0.0
bn:04845188n;9458;9464;thierry;1.0;1.0371351423390198e-06;0.006756756756756757
bn:00021475n;9484;9490;fichier;0.9299370656485817;0.00808394986696149;0.40202702702702703
bn:00007306n;9492;9499;écriture;0.0;0.0;0.0
bn:00054523n;9508;9514;message;0.0;0.0;0.0
bn:00021475n;9538;9544;fichier;0.9299370656485817;0.00808394986696149;0.40202702702702703
bn:16858148n;9551;9559;fermeture;0.7355916254998823;0.0008107803975235287;0.17905405405405406
bn:00009676n;9568;9576;existence;0.9523902534303432;0.00505707095404506;0.3581081081081081
bn:00021475n;9578;9584;fichier;0.9299370656485817;0.00808394986696149;0.40202702702702703
bn:00080721n;9597;9602;chemin;0.0;0.0;0.0
bn:04845188n;9604;9610;thierry;1.0;1.0371351423390198e-06;0.006756756756756757
bn:00062766n;9630;9633;plan;0.0;0.0;0.0
bn:00008786n;9644;9647;base;0.0;0.0;0.0
bn:14352118n;9649;9658;formulaire;0.0;0.0;0.0
bn:00021475n;9660;9666;fichier;0.9299370656485817;0.00808394986696149;0.40202702702702703
bn:00024131n;9668;9674;cookies;0.0;0.0;0.0
bn:03751534n;9676;9682;session;0.8306532663316583;0.00042859609757159994;0.09797297297297297
bn:04845188n;9695;9701;thierry;1.0;1.0371351423390198e-06;0.006756756756756757
bn:00024131n;9721;9727;cookies;0.0;0.0;0.0
bn:00085514v;9729;9737;concevoir;0.0;0.0;0.0
bn:00021475n;9748;9754;fichier;0.9299370656485817;0.00808394986696149;0.40202702702702703
bn:00028018n;9748;9760;fichier texte;1.0;0.008410128869227112;0.3581081081081081
bn:00076732n;9756;9760;texte;0.9119144786738416;0.006546915586015062;0.34121621621621623
bn:00071242n;9762;9766;court;0.0;0.0;0.0
bn:00092832v;9768;9774;stocker;0.7142857142857143;6.4820946396188735e-06;0.016891891891891893
bn:00013447n;9776;9785;navigateur;0.997332557350017;0.005331911766764901;0.3581081081081081
bn:00110607a;9787;9790;côté;0.0;0.0;0.0
bn:03163702n;9787;9797;côté client;1.0;0.00034847740782591066;0.0945945945945946
bn:00019763n;9792;9797;client;0.0;0.0;0.0
bn:03708270n;9799;9806;analogie;0.7927927927927928;0.0001369018387887506;0.07432432432432433
bn:00023553n;9808;9813;carter;0.0;0.0;0.0
bn:00045825n;9815;9822;identité;0.0;0.0;0.0
bn:00024131n;9824;9829;cookie;0.0;0.0;0.0
bn:00022191n;9836;9840;durée;0.0;0.0;0.0
bn:03094146n;9842;9851;expiration;0.8725738396624473;0.0005361988685892732;0.14864864864864866
bn:00054300n;9853;9859;mémoire;0.0;0.0;0.0
bn:00097657a;9861;9863;vif;0.0;0.0;0.0
bn:00024131n;9865;9870;cookie;0.0;0.0;0.0
bn:00087620v;9872;9876;durer;0.0;0.0;0.0
bn:00026345n;9878;9887;expiration;0.7377049180327869;9.049986089836196e-05;0.03488372093023256
bn:00054300n;9889;9895;mémoire;0.0;0.0;0.0
bn:00096539a;9897;9906;secondaire;0.735632183908046;4.290363775922344e-05;0.031007751937984496
bn:03949228n;9923;9926;univ;1.0;6.703693399878663e-07;0.003875968992248062
bn:03268781n;9928;9932;rouen;0.7172413793103448;0.0001394368227174762;0.050387596899224806
bn:00032100n;9934;9940;exemple;0.0;0.0;0.0
bn:00074798n;9952;9955;truc;0.0;0.0;0.0
bn:00028240n;9957;9962;machin;0.0;0.0;0.0
bn:02338897n;9969;9972;head;0.0;0.0;0.0
bn:00043320n;9980;9984;titre;0.0;0.0;0.0
bn:02338897n;9992;9995;head;0.0;0.0;0.0
bn:00011776n;9997;10000;body;0.0;0.0;0.0
bn:00011776n;10036;10039;body;0.0;0.0;0.0
bn:03949228n;10061;10064;univ;1.0;6.703693399878663e-07;0.003875968992248062
bn:03268781n;10066;10070;rouen;0.7172413793103448;0.0001394368227174762;0.050387596899224806
bn:00032100n;10072;10078;exemple;0.0;0.0;0.0
bn:02338897n;10085;10088;head;0.0;0.0;0.0
bn:00043320n;10096;10100;titre;0.0;0.0;0.0
bn:02338897n;10108;10111;head;0.0;0.0;0.0
bn:00011776n;10113;10116;body;0.0;0.0;0.0
bn:00024131n;10124;10129;cookie;0.0;0.0;0.0
bn:00074798n;10131;10134;truc;0.0;0.0;0.0
bn:00029621n;10136;10139;echo;0.0;0.0;0.0
bn:00024131n;10141;10146;cookie;0.0;0.0;0.0
bn:00029621n;10175;10178;echo;0.0;0.0;0.0
bn:00083225v;10180;10187;contenir;0.0;0.0;0.0
bn:00029621n;10189;10192;echo;0.0;0.0;0.0
bn:00024131n;10194;10199;cookie;0.0;0.0;0.0
bn:00074798n;10201;10204;truc;0.0;0.0;0.0
bn:00029621n;10206;10209;echo;0.0;0.0;0.0
bn:00024131n;10227;10232;cookie;0.0;0.0;0.0
bn:00074798n;10234;10237;truc;0.0;0.0;0.0
bn:00011776n;10260;10263;body;0.0;0.0;0.0
bn:03268781n;10290;10294;rouen;0.7172413793103448;0.0001394368227174762;0.050387596899224806
bn:00024131n;10296;10302;cookies;0.0;0.0;0.0
bn:00024147n;10304;10314;suppression;0.0;0.0;0.0
bn:00024131n;10316;10321;cookie;0.0;0.0;0.0
bn:00001410n;10333;10344;modification;0.0;0.0;0.0
bn:00029680n;10346;10351;valeur;0.0;0.0;0.0
bn:00024131n;10353;10358;cookie;0.0;0.0;0.0
bn:00107267a;10370;10376;nouveau;0.0;0.0;0.0
bn:00029680n;10378;10383;valeur;0.0;0.0;0.0
bn:01651507n;10385;10392;validité;0.0;0.0;0.0
bn:00086297v;10394;10398;dater;0.0;0.0;0.0
bn:00026345n;10400;10409;expiration;0.7377049180327869;9.049986089836196e-05;0.03488372093023256
bn:00029680n;10421;10426;valeur;0.0;0.0;0.0
bn:03603649n;10428;10436;timestamp;1.0;0.00035663648887354486;0.07364341085271318
bn:03603649n;10438;10446;timestamp;1.0;0.00035663648887354486;0.07364341085271318
bn:00058285n;10448;10453;nombre;0.8008420281896393;0.005865731724893831;0.2713178294573643
bn:00000127n;10488;10492;heure;0.0;0.0;0.0
bn:00055094n;10494;10499;minute;0.0;0.0;0.0
bn:00105773a;10501;10506;second;0.9611650485436893;6.636656465879877e-05;0.03488372093023256
bn:00014710n;10508;10511;mois;0.0;0.0;0.0
bn:00000086n;10517;10520;jour;0.0;0.0;0.0
bn:00062766n;10548;10551;plan;0.0;0.0;0.0
bn:00008786n;10562;10565;base;0.0;0.0;0.0
bn:14352118n;10567;10576;formulaire;0.7182710521784054;0.0027961105170893905;0.16666666666666666
bn:00021475n;10578;10584;fichier;0.9656614663934083;0.015477487321639857;0.40310077519379844
bn:00024131n;10586;10592;cookies;0.0;0.0;0.0
bn:00070689n;10594;10600;session;0.0;0.0;0.0
bn:00088815v;10651;10656;donner;0.0;0.0;0.0
bn:00086682v;10658;10664;vouloir;0.0;0.0;0.0
bn:00117070r;10666;10672;parfois;0.8571428571428571;6.435545663883516e-05;0.031007751937984496
bn:00089407v;10674;10679;garder;0.0;0.0;0.0
bn:00046698n;10681;10691;information;0.0;0.0;0.0
bn:00060158n;10709;10712;page;0.0;0.0;0.0
bn:03999118n;10714;10718;login;1.0;6.703693399878663e-07;0.003875968992248062
bn:00061333n;10729;10738;préférence;0.7222222222222222;0.00010457761703810714;0.046511627906976744
bn:00057073n;10740;10749;navigation;0.7053216838760922;0.0005952879739092253;0.09302325581395349
bn:00057001n;10751;10759;sélection;0.0;0.0;0.0
bn:00086013v;10761;10768;produire;0.0;0.0;0.0
bn:00084331v;10770;10776;acheter;0.0;0.0;0.0
bn:00008872n;10778;10783;panier;0.0;0.0;0.0
bn:00082705v;10785;10792;utiliser;0.0;0.0;0.0
bn:00070689n;10794;10800;session;0.0;0.0;0.0
bn:00024131n;10802;10808;cookies;0.0;0.0;0.0
bn:00082537v;10810;10818;permettre;0.0;0.0;0.0
bn:00089368v;10820;10826;stocker;0.0;0.0;0.0
bn:00046698n;10828;10838;information;0.0;0.0;0.0
bn:00032604n;10840;10843;côté;0.0;0.0;0.0
bn:03163702n;10840;10850;côté client;1.0;0.004130145503665244;0.2364341085271318
bn:00019764n;10845;10850;client;0.8186580472581364;0.004923862802210878;0.25193798449612403
bn:00070689n;10852;10858;session;0.0;0.0;0.0
bn:00082537v;10860;10868;permettre;0.0;0.0;0.0
bn:00089368v;10870;10876;stocker;0.0;0.0;0.0
bn:00046698n;10878;10888;information;0.0;0.0;0.0
bn:00110607a;10890;10893;côté;0.0;0.0;0.0
bn:03816678n;10890;10901;côté serveur;1.0;0.002396570390456622;0.2131782945736434
bn:00080344n;10895;10901;serveur;0.0;0.0;0.0
bn:00089574v;10908;10917;identifier;0.0;0.0;0.0
bn:00058286n;10919;10924;numéro;0.0;0.0;0.0
bn:00085719v;10926;10931;rester;0.0;0.0;0.0
bn:00113487a;10933;10938;valide;0.0;0.0;0.0
bn:00114490r;10940;10943;tant;1.0;2.8155512279490384e-05;0.023255813953488372
bn:00080115n;10945;10952;visiteur;0.0;0.0;0.0
bn:00085719v;10954;10959;rester;0.0;0.0;0.0
bn:00085630v;10961;10969;connecter;0.0;0.0;0.0
bn:00058286n;10971;10976;numéro;0.0;0.0;0.0
bn:00088769v;10978;10988;transmettre;0.0;0.0;0.0
bn:00080344n;10990;10996;serveur;0.0;0.0;0.0
bn:00024131n;10998;11003;cookie;0.0;0.0;0.0
bn:00088815v;11005;11010;donner;0.0;0.0;0.0
bn:00062730n;11012;11017;placer;0.0;0.0;0.0
bn:00085750v;11019;11027;récupérer;0.0;0.0;0.0
bn:00070689n;11029;11035;session;0.0;0.0;0.0
bn:14352118n;11043;11052;formulaire;0.7182710521784054;0.0027961105170893905;0.16666666666666666
bn:03268781n;11074;11078;rouen;0.7172413793103448;0.0001394368227174762;0.050387596899224806
bn:00030627n;11080;11090;utilisation;0.0;0.0;0.0
bn:00070689n;11092;11098;session;0.0;0.0;0.0
bn:00070689n;11100;11106;session;0.0;0.0;0.0
bn:00083184v;11108;11114;exister;1.0;2.681477359951465e-06;0.007751937984496124
bn:00086008v;11116;11120;créer;0.0;0.0;0.0
bn:00086699v;11128;11135;détruire;0.0;0.0;0.0
bn:00023652n;11137;11144;création;0.0;0.0;0.0
bn:00026163n;11171;11181;destruction;0.0;0.0;0.0
bn:00089002v;11198;11202;noter;0.0;0.0;0.0
bn:00070689n;11204;11210;session;0.0;0.0;0.0
bn:00099475a;11231;11237;certain;0.0;0.0;0.0
bn:00077270n;11239;11243;temps;0.8614501076812635;0.0072399888718689565;0.27906976744186046
bn:00114778r;11245;11256;généralement;0.9400399733510992;0.0037835645548915174;0.26356589147286824
bn:03268781n;11278;11282;rouen;0.7172413793103448;0.0001394368227174762;0.050387596899224806
bn:03949228n;11299;11302;univ;1.0;6.703693399878663e-07;0.003875968992248062
bn:03268781n;11304;11308;rouen;0.7172413793103448;0.0001394368227174762;0.050387596899224806
bn:00032100n;11310;11316;exemple;0.0;0.0;0.0
bn:00030627n;11318;11328;utilisation;0.0;0.0;0.0
bn:00021901n;11346;11354;connexion;0.0;0.0;0.0
bn:00047172n;11356;11359;site;0.9955260803200169;0.012679365696530503;0.3798449612403101
bn:02338897n;11367;11370;head;0.0;0.0;0.0
bn:00011776n;11372;11375;body;0.0;0.0;0.0
bn:03693754n;11382;11387;method;1.0;6.703693399878663e-07;0.003875968992248062
bn:00001127n;11394;11399;action;0.7784986098239111;0.0028155512279490385;0.21705426356589147
bn:00066581n;11415;11419;label;0.8588957055214724;0.00037540683039320516;0.07751937984496124
bn:03999118n;11421;11425;login;1.0;6.703693399878663e-07;0.003875968992248062
bn:00066581n;11427;11431;label;0.8588957055214724;0.00037540683039320516;0.07751937984496124
bn:00016413n;11439;11442;type;0.0;0.0;0.0
bn:14981519n;11444;11447;text;1.0;6.703693399878664e-05;0.03875968992248062
bn:03999118n;11454;11458;login;1.0;6.703693399878663e-07;0.003875968992248062
bn:00066581n;11460;11464;label;0.8588957055214724;0.00037540683039320516;0.07751937984496124
bn:00091458v;11466;11471;passer;0.0;0.0;0.0
bn:00066581n;11473;11477;label;0.8588957055214724;0.00037540683039320516;0.07751937984496124
bn:00016413n;11520;11523;type;0.0;0.0;0.0
bn:13601354v;11544;11549;valoir;0.0;0.0;0.0
bn:03999118n;11551;11555;login;1.0;6.703693399878663e-07;0.003875968992248062
bn:00011776n;11562;11565;body;0.0;0.0;0.0
bn:03268781n;11592;11596;rouen;0.7172413793103448;0.0001394368227174762;0.050387596899224806
bn:00083342v;11598;11605;démarrer;0.0;0.0;0.0
bn:00070689n;11607;11613;session;0.0;0.0;0.0
bn:00087491v;11628;11636;effectuer;0.0;0.0;0.0
bn:00047235n;11638;11647;traitement;0.0;0.0;0.0
bn:00064921n;11649;11657;condition;0.0;0.0;0.0
bn:00046698n;11659;11669;information;0.0;0.0;0.0
bn:00115844r;11671;11683;effectivement;0.8;2.4133296239563188e-05;0.023255813953488372
bn:01426081n;11691;11695;isset;1.0;6.703693399878663e-07;0.003875968992248062
bn:01500184n;11708;11711;post;0.9983822509822048;0.0028959955487475827;0.18604651162790697
bn:03999118n;11713;11717;login;1.0;6.703693399878663e-07;0.003875968992248062
bn:01500184n;11725;11728;post;0.9983822509822048;0.0028959955487475827;0.18604651162790697
bn:00023652n;11752;11759;création;0.0;0.0;0.0
bn:00113503a;11761;11768;variable;0.7981220657276995;0.00022792557559587454;0.06589147286821706
bn:03999118n;11770;11774;login;1.0;6.703693399878663e-07;0.003875968992248062
bn:00090460v;11783;11790;chercher;0.0;0.0;0.0
bn:00091458v;11792;11797;passer;0.0;0.0;0.0
bn:03999118n;11808;11812;login;1.0;6.703693399878663e-07;0.003875968992248062
bn:00086567v;11814;11820;établir;0.0;0.0;0.0
bn:00021901n;11822;11830;connexion;0.0;0.0;0.0
bn:00084931v;11832;11843;sélectionner;0.9840637450199203;0.000165581226977003;0.050387596899224806
bn:00008786n;11845;11848;base;0.0;0.0;0.0
bn:00037634n;11922;11925;sexe;0.0;0.0;0.0
bn:00077773n;11927;11931;ville;0.0;0.0;0.0
bn:00095687v;11938;11941;user;0.0;0.0;0.0
bn:03999118n;11949;11953;login;1.0;6.703693399878663e-07;0.003875968992248062
bn:03999118n;11955;11959;login;1.0;6.703693399878663e-07;0.003875968992248062
bn:00031485n;11972;11977;erreur;0.0;0.0;0.0
bn:00084848v;11979;11986;vérifier;0.0;0.0;0.0
bn:00079373n;11988;11998;utilisateur;0.7963068722634685;0.0028041549491692446;0.1821705426356589
bn:00083184v;12000;12006;exister;1.0;2.681477359951465e-06;0.007751937984496124
bn:00115530r;12008;12011;bien;0.0;0.0;0.0
bn:03268781n;12046;12050;rouen;0.7172413793103448;0.0001394368227174762;0.050387596899224806
bn:00086297v;12052;12056;dater;0.0;0.0;0.0
bn:00084848v;12074;12081;vérifier;0.0;0.0;0.0
bn:00091458v;12083;12088;passer;0.0;0.0;0.0
bn:00100490a;12090;12096;correct;0.0;0.0;0.0
bn:00086297v;12107;12111;dater;0.0;0.0;0.0
bn:00019944n;12145;12153;fermeture;0.0;0.0;0.0
bn:00021901n;12155;12163;connexion;0.0;0.0;0.0
bn:00021901n;12176;12184;connexion;0.0;0.0;0.0
bn:03999118n;12186;12190;login;1.0;6.703693399878663e-07;0.003875968992248062
bn:00085840v;12192;12198;valider;0.0;0.0;0.0
bn:00088815v;12200;12204;donné;0.0;0.0;0.0
bn:00070689n;12206;12212;session;0.0;0.0;0.0
bn:00070689n;12222;12228;session;0.0;0.0;0.0
bn:00086297v;12237;12241;dater;0.0;0.0;0.0
bn:00070689n;12250;12256;session;0.0;0.0;0.0
bn:00086297v;12258;12262;dater;0.0;0.0;0.0
bn:00070689n;12264;12270;session;0.0;0.0;0.0
bn:00037634n;12272;12275;sexe;0.0;0.0;0.0
bn:00086297v;12277;12281;dater;0.0;0.0;0.0
bn:00037634n;12283;12286;sexe;0.0;0.0;0.0
bn:00070689n;12288;12294;session;0.0;0.0;0.0
bn:00086297v;12302;12306;dater;0.0;0.0;0.0
bn:00031485n;12324;12329;erreur;0.0;0.0;0.0
bn:00085337v;12331;12338;survenir;0.9883973894126178;0.0009137134104034618;0.1124031007751938
bn:00030627n;12359;12369;utilisation;0.0;0.0;0.0
bn:00084386v;12371;12377;appeler;0.0;0.0;0.0
bn:00070689n;12379;12385;session;0.0;0.0;0.0
bn:00087013v;12400;12407;afficher;0.7101449275362319;3.284809765940545e-05;0.027131782945736434
bn:00070528n;12409;12414;phrase;0.8131598330468942;0.002220263254039813;0.17829457364341086
bn:00082392v;12416;12422;résumer;0.0;0.0;0.0
bn:00046705n;12424;12428;infos;0.9928040605658236;0.03107631149381752;0.5852713178294574
bn:00079373n;12430;12440;utilisateur;0.7963068722634685;0.0028041549491692446;0.1821705426356589
bn:00087823v;12442;12447;courir;0.7891373801916933;0.000331162453954006;0.07364341085271318
bn:00029621n;12449;12452;echo;0.0;0.0;0.0
bn:00070689n;12461;12467;session;0.0;0.0;0.0
bn:00070689n;12476;12482;session;0.0;0.0;0.0
bn:00037634n;12484;12487;sexe;0.0;0.0;0.0
bn:00070689n;12489;12495;session;0.0;0.0;0.0
bn:00037634n;12497;12500;sexe;0.0;0.0;0.0
bn:00070689n;12508;12514;session;0.0;0.0;0.0
bn:03268781n;12542;12546;rouen;0.7172413793103448;0.0001394368227174762;0.050387596899224806
bn:00027504n;12548;12558;déconnexion;0.9959677419354839;0.000165581226977003;0.050387596899224806
bn:00060158n;12566;12569;page;0.0;0.0;0.0
bn:00084386v;12581;12587;appeler;0.0;0.0;0.0
bn:00070689n;12589;12595;session;0.0;0.0;0.0
bn:00086117v;12610;12616;écraser;0.8045977011494253;4.6925853799150645e-05;0.027131782945736434
bn:00011012n;12618;12624;tableau;0.0;0.0;0.0
bn:00070689n;12626;12632;session;0.0;0.0;0.0
bn:00070689n;12634;12640;session;0.0;0.0;0.0
bn:00086699v;12648;12655;détruire;0.0;0.0;0.0
bn:00070689n;12657;12663;session;0.0;0.0;0.0
bn:00062766n;12706;12709;plan;0.0;0.0;0.0
bn:00008786n;12720;12723;base;0.0;0.0;0.0
bn:14352118n;12725;12734;formulaire;0.7182710521784054;0.0027961105170893905;0.16666666666666666
bn:00021475n;12736;12742;fichier;0.9656614663934083;0.015477487321639857;0.40310077519379844
bn:00024131n;12744;12750;cookies;0.0;0.0;0.0
bn:00070689n;12752;12758;session;0.0;0.0;0.0
bn:03268781n;12791;12795;rouen;0.7172413793103448;0.0001394368227174762;0.050387596899224806
bn:00045513n;12803;12806;href;1.0;0.004967436809310089;0.25193798449612403
bn:00084450v;12808;12814;pouvoir;0.7191011235955056;4.290363775922344e-05;0.031007751937984496
bn:00083187v;12816;12819;être;0.0;0.0;0.0
bn:02910696n;12821;12828;attribut;0.0;0.0;0.0
bn:00021394n;12835;12841;élément;0.0;0.0;0.0
bn:00086600v;12857;12867;disparaître;0.0;0.0;0.0
bn:00092816v;12869;12877;remplacer;0.0;0.0;0.0
bn:02910696n;12889;12896;attribut;0.0;0.0;0.0
bn:00082537v;12903;12911;permettre;0.0;0.0;0.0
bn:00082317v;12913;12919;ajouter;0.7579214195183777;0.00040088086531274404;0.08914728682170543
bn:00046698n;12921;12931;information;0.0;0.0;0.0
bn:00110347a;12933;12942;sémantique;1.0;3.284809765940545e-05;0.027131782945736434
bn:00021394n;12944;12950;élément;0.0;0.0;0.0
bn:00046348n;12952;12964;incorporation;0.0;0.0;0.0
bn:00026501n;12977;12987;description;0.0;0.0;0.0
bn:16919748n;12996;13002;section;0.0;0.0;0.0
bn:00116064r;13004;13009;plutôt;0.0;0.0;0.0
bn:00028015n;13056;13063;document;0.0;0.0;0.0
bn:01648657n;13073;13082;généralité;0.0;0.0;0.0
bn:14352118n;13090;13099;formulaire;0.7182710521784054;0.0027961105170893905;0.16666666666666666
bn:00021475n;13101;13107;fichier;0.9656614663934083;0.015477487321639857;0.40310077519379844
bn:00024131n;13109;13115;cookies;0.0;0.0;0.0
bn:00070689n;13117;13123;session;0.0;0.0;0.0
