bn:00080778n;6;8;Web;0.0;0.0;0.0
bn:00101917a;10;18;dynamique;0.0;0.0;0.0
bn:00041249n;26;35;généralité;0.9328214971209213;9.828651814346879e-05;0.07659574468085106
bn:00049910n;37;43;langage;0.7037134889182445;0.0145439778576249;0.6638297872340425
bn:01753580n;45;47;PHP;1.0;0.008234226075575052;0.49361702127659574
bn:00113501a;49;56;variable;0.0;0.0;0.0
bn:13703917r;58;64;comment;0.0;0.0;0.0
bn:00085514v;66;74;concevoir;0.0;0.0;0.0
bn:00029423n;87;92;boucle;0.0;0.0;0.0
bn:00047172n;94;97;site;0.9895728326612904;0.006352827972100381;0.4723404255319149
bn:00101917a;99;107;dynamique;0.0;0.0;0.0
bn:00011012n;109;115;tableau;0.0;0.0;0.0
bn:00036821n;117;124;fonction;0.0;0.0;0.0
bn:14352118n;126;135;formulaire;0.0;0.0;0.0
bn:00103624a;143;148;global;0.0;0.0;0.0
bn:03751534n;150;156;session;0.8496302382908792;0.0010455582279871062;0.23404255319148937
bn:00024131n;158;164;Cookies;0.0;0.0;0.0
bn:00041249n;194;203;généralité;0.9328214971209213;9.828651814346879e-05;0.07659574468085106
bn:01753580n;207;209;PHP;1.0;0.008234226075575052;0.49361702127659574
bn:04725264n;211;219;Hypertext;1.0;2.0223563404005924e-07;0.00425531914893617
bn:00049910n;233;239;langage;0.7037134889182445;0.0145439778576249;0.6638297872340425
bn:00086008v;241;245;créer;0.0;0.0;0.0
bn:00114281r;259;262;puis;0.0;0.0;0.0
bn:00092413v;264;272;reprendre;0.0;0.0;0.0
bn:00029806n;280;287;étudiant;0.0;0.0;0.0
bn:00021497n;317;324;logiciel;0.0;0.0;0.0
bn:00182120n;317;330;logiciel libre;0.7888841367792917;0.007833597284541695;0.5404255319148936
bn:00099806a;326;330;libre;0.704225352112676;2.0223563404005923e-05;0.0425531914893617
bn:00041249n;349;358;généralité;0.9328214971209213;9.828651814346879e-05;0.07659574468085106
bn:00114714r;362;375;principalement;0.0;0.0;0.0
bn:00082705v;377;384;utiliser;0.0;0.0;0.0
bn:00026535n;386;395;conception;0.0;0.0;0.0
bn:00047172n;397;400;site;0.9895728326612904;0.006352827972100381;0.4723404255319149
bn:00047172n;397;404;site Web;1.0;0.006455361438558691;0.4765957446808511
bn:00080778n;402;404;Web;0.0;0.0;0.0
bn:00113501a;406;413;variable;0.0;0.0;0.0
bn:00029296n;415;423;dynamique;0.0;0.0;0.0
bn:00029423n;436;441;boucle;0.0;0.0;0.0
bn:00047235n;445;454;traitement;0.0;0.0;0.0
bn:14352118n;456;465;formulaire;0.0;0.0;0.0
bn:00011012n;467;473;tableau;0.0;0.0;0.0
bn:00000663n;477;481;accès;0.0;0.0;0.0
bn:00088815v;489;494;donner;0.0;0.0;0.0
bn:00036821n;496;503;fonction;0.0;0.0;0.0
bn:14352118n;511;520;formulaire;0.0;0.0;0.0
bn:00049910n;524;530;langage;0.7037134889182445;0.0145439778576249;0.6638297872340425
bn:00082489v;532;539;orienter;0.859375;3.336887961660977e-05;0.04680851063829787
bn:00058442n;541;545;objet;0.0;0.0;0.0
bn:00114044r;547;549;peu;0.0;0.0;0.0
bn:00103624a;563;568;global;0.0;0.0;0.0
bn:03751534n;570;576;session;0.8496302382908792;0.0010455582279871062;0.23404255319148937
bn:00062118n;580;586;syntaxe;0.0;0.0;0.0
bn:00099857a;588;593;proche;0.0;0.0;0.0
bn:00048043n;595;598;java;0.859030296658431;0.009914399723179864;0.5446808510638298
bn:00024131n;604;610;Cookies;0.0;0.0;0.0
bn:00080778n;612;614;Web;0.0;0.0;0.0
bn:00101917a;616;624;dynamique;0.0;0.0;0.0
bn:00049910n;628;634;langage;0.7037134889182445;0.0145439778576249;0.6638297872340425
bn:01753580n;636;638;Php;1.0;0.008234226075575052;0.49361702127659574
bn:03513073n;640;644;Cathy;1.0;1.9819092135925806e-05;0.029787234042553193
bn:00041249n;656;665;généralité;0.9328214971209213;9.828651814346879e-05;0.07659574468085106
bn:01753580n;674;676;PHP;1.0;0.008234226075575052;0.49361702127659574
bn:00047172n;678;681;site;0.9895728326612904;0.006352827972100381;0.4723404255319149
bn:00047172n;678;685;site WEB;1.0;0.006455361438558691;0.4765957446808511
bn:00080778n;683;685;WEB;0.0;0.0;0.0
bn:00087628v;689;696;intégrer;0.0;0.0;0.0
bn:00020354n;698;701;code;0.7962020248241148;0.0028151200258376245;0.3404255319148936
bn:00045087n;703;706;HTML;1.0;0.006740513682555175;0.46808510638297873
bn:00021475n;708;714;fichier;0.944463719843638;0.0082576854091237;0.5446808510638298
bn:01753580n;723;725;php;1.0;0.008234226075575052;0.49361702127659574
bn:01753580n;727;729;php;1.0;0.008234226075575052;0.49361702127659574
bn:00087823v;737;744;exécuter;0.0;0.0;0.0
bn:00080344n;746;752;serveur;0.0;0.0;0.0
bn:00041249n;754;763;généralité;0.9328214971209213;9.828651814346879e-05;0.07659574468085106
bn:00030721n;767;774;objectif;0.0;0.0;0.0
bn:00088725v;776;782;générer;0.0;0.0;0.0
bn:00045087n;789;792;HTML;1.0;0.006740513682555175;0.46808510638297873
bn:00092426v;794;795;lu;0.0;0.0;0.0
bn:00113501a;797;804;variable;0.0;0.0;0.0
bn:00013447n;806;815;navigateur;0.999604508601938;0.008178409040579995;0.5106382978723404
bn:00029423n;828;833;boucle;0.0;0.0;0.0
bn:00019764n;844;849;client;0.9013227203558469;0.0031144287642169122;0.37446808510638296
bn:01753580n;852;854;php;1.0;0.008234226075575052;0.49361702127659574
bn:00082817v;856;863;demander;0.0;0.0;0.0
bn:00011012n;865;871;tableau;0.0;0.0;0.0
bn:00045088n;873;876;http;0.94140625;0.00467892362915081;0.4085106382978723
bn:01753580n;891;893;php;1.0;0.008234226075575052;0.49361702127659574
bn:00080344n;895;901;serveur;0.0;0.0;0.0
bn:00036821n;903;910;fonction;0.0;0.0;0.0
bn:00080778n;912;914;WEB;0.0;0.0;0.0
bn:00019764n;916;921;client;0.8997429305912596;0.0031144287642169122;0.37446808510638296
bn:14352118n;923;932;formulaire;0.0;0.0;0.0
bn:14352118n;923;936;formulaire WEB;1.0;0.00232166507877988;0.2978723404255319
bn:00080778n;934;936;WEB;0.0;0.0;0.0
bn:00103624a;944;949;global;0.0;0.0;0.0
bn:03751534n;951;957;session;0.8496302382908792;0.0010455582279871062;0.23404255319148937
bn:00004451n;959;965;réponse;0.0;0.0;0.0
bn:00080344n;967;973;serveur;0.0;0.0;0.0
bn:00093485v;981;987;envoyer;0.0;0.0;0.0
bn:00024131n;989;995;Cookies;0.0;0.0;0.0
bn:00080778n;997;999;Web;0.0;0.0;0.0
bn:00101917a;1001;1009;dynamique;0.0;0.0;0.0
bn:00049910n;1013;1019;langage;0.703239842417828;0.014512429098714651;0.6638297872340425
bn:01753580n;1021;1023;Php;1.0;0.008234226075575052;0.49361702127659574
bn:03513073n;1025;1029;Cathy;1.0;1.9819092135925806e-05;0.029787234042553193
bn:00041249n;1041;1050;généralité;0.9328214971209213;9.828651814346879e-05;0.07659574468085106
bn:00041249n;1058;1067;généralité;0.9328214971209213;9.828651814346879e-05;0.07659574468085106
bn:00113501a;1069;1076;variable;0.0;0.0;0.0
bn:00029423n;1089;1094;boucle;0.0;0.0;0.0
bn:00011012n;1096;1102;tableau;0.0;0.0;0.0
bn:00036821n;1104;1111;fonction;0.0;0.0;0.0
bn:14352118n;1113;1122;formulaire;0.0;0.0;0.0
bn:00103624a;1130;1135;global;0.0;0.0;0.0
bn:03751534n;1137;1143;session;0.8496302382908792;0.0010455582279871062;0.23404255319148937
bn:00024131n;1145;1151;Cookies;0.0;0.0;0.0
bn:00045088n;1153;1156;http;0.94140625;0.00467892362915081;0.4085106382978723
bn:00167255n;1190;1192;ext;1.0;0.0008829607782188986;0.251063829787234
bn:00023310n;1204;1208;cours;0.0;0.0;0.0
bn:00023310n;1210;1213;cour;0.0;0.0;0.0
bn:00032100n;1217;1223;exemple;0.0;0.0;0.0
bn:01753580n;1227;1229;php;1.0;0.008234226075575052;0.49361702127659574
bn:00080778n;1246;1248;Web;0.0;0.0;0.0
bn:00101917a;1250;1258;dynamique;0.0;0.0;0.0
bn:00049910n;1262;1268;langage;0.703239842417828;0.014512429098714651;0.6638297872340425
bn:01753580n;1270;1272;Php;1.0;0.008234226075575052;0.49361702127659574
bn:03513073n;1274;1278;Cathy;1.0;1.9819092135925806e-05;0.029787234042553193
bn:00113501a;1290;1297;variable;0.0;0.0;0.0
bn:00087620v;1301;1305;durer;0.0;0.0;0.0
bn:00002761n;1307;1309;vie;0.0;0.0;0.0
bn:00077270n;1311;1315;temps;0.0;0.0;0.0
bn:00030738n;1317;1326;production;0.0;0.0;0.0
bn:00045087n;1328;1331;HTML;1.0;0.006740513682555175;0.46808510638297873
bn:00056758n;1341;1343;nom;0.0;0.0;0.0
bn:00083342v;1345;1353;commencer;0.0;0.0;0.0
bn:00114251r;1355;1362;toujours;0.0;0.0;0.0
bn:00027765n;1366;1376;distinction;0.0;0.0;0.0
bn:00098029a;1384;1392;minuscule;0.7835195530726257;0.00011345419069647324;0.07234042553191489
bn:00015499n;1394;1402;majuscule;0.0;0.0;0.0
bn:00041249n;1404;1413;généralité;0.9328214971209213;9.828651814346879e-05;0.07659574468085106
bn:00113501a;1415;1422;variable;0.0;0.0;0.0
bn:00074033n;1426;1436;déclaration;0.0;0.0;0.0
bn:00112990a;1438;1444;inutile;0.0;0.0;0.0
bn:15397205n;1446;1451;condit;0.0;0.0;0.0
bn:00029423n;1457;1462;boucle;0.0;0.0;0.0
bn:00036821n;1466;1473;fonction;0.0;0.0;0.0
bn:00116789r;1475;1478;très;0.0;0.0;0.0
bn:00104094a;1480;1484;utile;0.0;0.0;0.0
bn:00011012n;1486;1492;tableau;0.0;0.0;0.0
bn:00089884v;1509;1517;retourner;0.0;0.0;0.0
bn:13902270n;1519;1522;TRUE;0.9635036496350365;0.00024025593323959038;0.14042553191489363
bn:00036821n;1531;1538;fonction;0.0;0.0;0.0
bn:00086464v;1540;1546;définir;0.0;0.0;0.0
bn:13904698n;1548;1552;FALSE;0.0;0.0;0.0
bn:14352118n;1560;1569;formulaire;0.0;0.0;0.0
bn:00089884v;1586;1594;retourner;0.0;0.0;0.0
bn:13902270n;1596;1599;TRUE;0.9635036496350365;0.00024025593323959038;0.14042553191489363
bn:00103624a;1614;1619;global;0.0;0.0;0.0
bn:13605696a;1621;1623;nul;0.0;0.0;0.0
bn:00116350r;1631;1633;non;0.0;0.0;0.0
bn:00086464v;1635;1641;définir;0.0;0.0;0.0
bn:13904698n;1643;1647;FALSE;0.0;0.0;0.0
bn:03751534n;1655;1661;session;0.8496302382908792;0.0010455582279871062;0.23404255319148937
bn:00024131n;1663;1669;Cookies;0.0;0.0;0.0
bn:00080778n;1671;1673;Web;0.0;0.0;0.0
bn:00101917a;1675;1683;dynamique;0.0;0.0;0.0
bn:00049910n;1687;1693;langage;0.703239842417828;0.014512429098714651;0.6638297872340425
bn:01753580n;1695;1697;Php;1.0;0.008234226075575052;0.49361702127659574
bn:03513073n;1699;1703;Cathy;1.0;1.9819092135925806e-05;0.029787234042553193
bn:00113501a;1715;1722;variable;0.0;0.0;0.0
bn:02806034n;1726;1736;affectation;0.9761177450708136;0.0014217165073016165;0.3148936170212766
bn:00107649a;1742;1750;numérique;0.9434697855750487;9.788204687538867e-05;0.09361702127659574
bn:01940876n;1758;1760;age;0.0;0.0;0.0
bn:00056758n;1776;1778;nom;0.0;0.0;0.0
bn:00090675v;1801;1806;marier;0.0;0.0;0.0
bn:13902270n;1810;1813;TRUE;0.9635036496350365;0.00024025593323959038;0.14042553191489363
bn:00041249n;1815;1824;généralité;0.9328214971209213;9.828651814346879e-05;0.07659574468085106
bn:00113501a;1828;1835;variable;0.0;0.0;0.0
bn:00071671n;1837;1847;comparaison;0.0;0.0;0.0
bn:00029423n;1870;1875;boucle;0.0;0.0;0.0
bn:00011012n;1877;1883;tableau;0.0;0.0;0.0
bn:00087013v;1887;1894;afficher;0.0;0.0;0.0
bn:00083225v;1896;1903;contenir;0.0;0.0;0.0
bn:00113501a;1911;1918;variable;0.0;0.0;0.0
bn:00036821n;1920;1927;fonction;0.0;0.0;0.0
bn:00029621n;1929;1932;echo;0.0;0.0;0.0
bn:00056758n;1934;1936;nom;0.0;0.0;0.0
bn:00029621n;1938;1941;echo;0.0;0.0;0.0
bn:00056758n;1949;1951;nom;0.0;0.0;0.0
bn:00089240v;1958;1962;avoir;0.0;0.0;0.0
bn:14352118n;1975;1984;formulaire;0.0;0.0;0.0
bn:00029621n;1986;1989;echo;0.0;0.0;0.0
bn:00056758n;2000;2002;nom;0.0;0.0;0.0
bn:00089240v;2009;2013;avoir;0.0;0.0;0.0
bn:01940876n;2019;2021;age;0.0;0.0;0.0
bn:00100450a;2030;2034;super;1.0;2.0223563404005924e-07;0.00425531914893617
bn:00103624a;2036;2041;global;0.0;0.0;0.0
bn:00017748n;2045;2053;caractère;0.0;0.0;0.0
bn:03751534n;2075;2081;session;0.8496302382908792;0.0010455582279871062;0.23404255319148937
bn:00029621n;2083;2086;echo;0.0;0.0;0.0
bn:00024131n;2103;2109;Cookies;0.0;0.0;0.0
bn:00080778n;2111;2113;Web;0.0;0.0;0.0
bn:00101917a;2115;2123;dynamique;0.0;0.0;0.0
bn:00049910n;2127;2133;langage;0.703239842417828;0.014512429098714651;0.6638297872340425
bn:01753580n;2135;2137;Php;1.0;0.008234226075575052;0.49361702127659574
bn:03513073n;2139;2143;Cathy;1.0;1.9819092135925806e-05;0.029787234042553193
bn:00113501a;2155;2162;variable;0.0;0.0;0.0
bn:00080720n;2166;2170;façon;0.0;0.0;0.0
bn:00091458v;2172;2177;passer;0.0;0.0;0.0
bn:00029680n;2179;2184;valeur;0.0;0.0;0.0
bn:00060158n;2192;2195;page;0.0;0.0;0.0
bn:00082705v;2208;2215;utiliser;0.0;0.0;0.0
bn:00079080n;2220;2222;URL;1.0;0.005001691701078745;0.4595744680851064
bn:00045088n;2236;2239;http;0.94140625;0.00467892362915081;0.4085106382978723
bn:00056758n;2275;2277;nom;0.0;0.0;0.0
bn:01940876n;2287;2289;age;0.0;0.0;0.0
bn:00021475n;2293;2299;fichier;0.944463719843638;0.0082576854091237;0.5446808510638298
bn:00085750v;2314;2323;récupèrera;0.0;0.0;0.0
bn:00041249n;2325;2334;généralité;0.9328214971209213;9.828651814346879e-05;0.07659574468085106
bn:02578196n;2337;2339;GET;0.9615384615384616;2.0223563404005923e-05;0.0425531914893617
bn:00056758n;2343;2345;nom;0.0;0.0;0.0
bn:00029680n;2349;2354;valeur;0.0;0.0;0.0
bn:00113501a;2356;2363;variable;0.0;0.0;0.0
bn:02578196n;2366;2368;GET;0.9615384615384616;2.0223563404005923e-05;0.0425531914893617
bn:01940876n;2372;2374;age;0.0;0.0;0.0
bn:00029680n;2378;2383;valeur;0.0;0.0;0.0
bn:00029423n;2396;2401;boucle;0.0;0.0;0.0
bn:00011012n;2403;2409;tableau;0.0;0.0;0.0
bn:00029680n;2413;2418;valeur;0.0;0.0;0.0
bn:00091458v;2420;2425;passer;0.0;0.0;0.0
bn:01641329n;2427;2433;méthode;0.8359326263256395;0.0018969702472957557;0.2851063829787234
bn:00045088n;2427;2437;méthode GET;1.0;0.0047472792734563505;0.4127659574468085
bn:02578196n;2435;2437;GET;0.9615384615384616;2.0223563404005923e-05;0.0425531914893617
bn:00036821n;2439;2446;fonction;0.0;0.0;0.0
bn:00091458v;2450;2455;passer;0.0;0.0;0.0
bn:00029680n;2457;2462;valeur;0.0;0.0;0.0
bn:00104681a;2464;2471;sensible;0.0;0.0;0.0
bn:01641329n;2473;2479;méthode;0.8359326263256395;0.0018969702472957557;0.2851063829787234
bn:14352118n;2481;2490;formulaire;0.0;0.0;0.0
bn:00113640a;2505;2511;visible;0.98;1.2429737105986846e-05;0.034653465346534656
bn:00082705v;2543;2550;utiliser;0.0;0.0;0.0
bn:14352118n;2552;2561;formulaire;0.0;0.0;0.0
bn:00021395n;2566;2571;partie;0.0;0.0;0.0
bn:14352118n;2573;2582;formulaire;0.0;0.0;0.0
bn:00024131n;2584;2590;Cookies;0.0;0.0;0.0
bn:00080778n;2592;2594;Web;0.0;0.0;0.0
bn:00101917a;2596;2604;dynamique;0.0;0.0;0.0
bn:00049910n;2608;2614;langage;0.7800976307443567;0.012728811800843141;0.6881188118811881
bn:01753580n;2616;2618;Php;0.9979931642156095;0.008073494752494763;0.5099009900990099
bn:03513073n;2620;2624;Cathy;1.0;4.058689667261011e-06;0.019801980198019802
bn:00022071n;2636;2644;structure;0.0;0.0;0.0
bn:00100214a;2646;2657;conditionnel;1.0;4.058689667261011e-06;0.019801980198019802
bn:00022071n;2661;2669;structure;0.0;0.0;0.0
bn:00008786n;2671;2674;base;0.0;0.0;0.0
bn:00064921n;2685;2693;condition;0.0;0.0;0.0
bn:00059141n;2715;2723;opérateur;0.0;0.0;0.0
bn:00051853n;2715;2731;opérateur logique;0.727391874180865;0.000422357393499349;0.18316831683168316
bn:00106117a;2725;2731;logique;0.0;0.0;0.0
bn:00107939a;2744;2753;facultatif;0.0;0.0;0.0
bn:01648657n;2763;2772;généralité;0.0;0.0;0.0
bn:00113501a;2794;2801;variable;0.0;0.0;0.0
bn:00029423n;2814;2819;boucle;0.0;0.0;0.0
bn:00018661n;2834;2838;choix;0.0;0.0;0.0
bn:00107028a;2840;2847;multiple;1.0;2.536681042038132e-06;0.009900990099009901
bn:00011012n;2849;2855;tableau;0.0;0.0;0.0
bn:01071927n;2857;2862;switch;0.8232445520581114;0.0017249431085859298;0.33663366336633666
bn:00036821n;2873;2880;fonction;0.0;0.0;0.0
bn:14352118n;2893;2902;formulaire;0.0;0.0;0.0
bn:00084733v;2929;2934;penser;0.0;0.0;0.0
bn:00100450a;2942;2946;super;1.0;2.283012937834319e-06;0.01485148514851485
bn:00103624a;2948;2953;global;1.0;7.610043126114396e-07;0.0049504950495049506
bn:00087845v;2969;2974;sortir;0.0;0.0;0.0
bn:00070689n;2992;2998;session;0.0;0.0;0.0
bn:00107939a;3012;3021;facultatif;0.0;0.0;0.0
bn:00020945n;3023;3033;instruction;0.0;0.0;0.0
bn:00024131n;3035;3041;Cookies;0.0;0.0;0.0
bn:00080778n;3045;3047;Web;0.0;0.0;0.0
bn:00101917a;3049;3057;dynamique;0.0;0.0;0.0
bn:00049910n;3061;3067;langage;0.7800976307443567;0.012728811800843141;0.6881188118811881
bn:01753580n;3069;3071;Php;0.9979931642156095;0.008073494752494763;0.5099009900990099
bn:03513073n;3073;3077;Cathy;1.0;4.058689667261011e-06;0.019801980198019802
bn:00022071n;3089;3097;structure;0.0;0.0;0.0
bn:00105498a;3099;3106;itératif;1.0;1.826410350267455e-05;0.0297029702970297
bn:00022071n;3110;3118;structure;0.0;0.0;0.0
bn:00064921n;3138;3146;condition;0.0;0.0;0.0
bn:00020945n;3150;3160;instruction;0.0;0.0;0.0
bn:01648657n;3164;3173;généralité;0.0;0.0;0.0
bn:00113501a;3175;3182;variable;0.0;0.0;0.0
bn:00029423n;3195;3200;boucle;0.0;0.0;0.0
bn:00011012n;3219;3225;tableau;0.0;0.0;0.0
bn:00064921n;3236;3244;condition;0.0;0.0;0.0
bn:00036821n;3253;3260;fonction;0.0;0.0;0.0
bn:00020945n;3262;3272;instruction;0.0;0.0;0.0
bn:14352118n;3274;3283;formulaire;0.0;0.0;0.0
bn:03656095n;3287;3291;super;0.0;0.0;0.0
bn:00103624a;3293;3298;global;1.0;7.610043126114396e-07;0.0049504950495049506
bn:00070689n;3300;3306;session;0.0;0.0;0.0
bn:00024131n;3308;3314;Cookies;0.0;0.0;0.0
bn:00080778n;3316;3318;Web;0.0;0.0;0.0
bn:00101917a;3320;3328;dynamique;0.0;0.0;0.0
bn:00049910n;3332;3338;langage;0.7748768930595559;0.012693551934358812;0.6881188118811881
bn:01753580n;3340;3342;Php;0.9979931642156095;0.008073494752494763;0.5099009900990099
bn:03513073n;3344;3348;Cathy;1.0;4.058689667261011e-06;0.019801980198019802
bn:00011012n;3360;3366;tableau;0.0;0.0;0.0
bn:00011012n;3370;3376;tableau;0.0;0.0;0.0
bn:00100306a;3378;3387;séquentiel;1.0;2.536681042038132e-07;0.0049504950495049506
bn:00103393a;3404;3409;entier;0.0;0.0;0.0
bn:00095949a;3419;3421;1er;0.0;0.0;0.0
bn:00032100n;3437;3443;exemple;0.0;0.0;0.0
bn:00036202n;3447;3452;france;0.991178400987841;0.022601828084559756;0.8168316831683168
bn:00047705n;3456;3461;italie;0.9801806898746486;0.014063359697059402;0.7128712871287128
bn:00036202n;3477;3482;france;0.9891931720496132;0.022476262372978867;0.8168316831683168
bn:00047705n;3488;3493;italie;0.9801806898746486;0.014063359697059402;0.7128712871287128
bn:01648657n;3495;3504;généralité;0.0;0.0;0.0
bn:00000674n;3508;3512;ajout;0.0;0.0;0.0
bn:00029680n;3520;3525;valeur;0.0;0.0;0.0
bn:00105773a;3527;3533;dernier;0.0;0.0;0.0
bn:00011012n;3541;3547;tableau;0.0;0.0;0.0
bn:00113501a;3549;3556;variable;0.0;0.0;0.0
bn:00079476n;3567;3569;val;0.7619047619047619;6.493903467617618e-05;0.07920792079207921
bn:00029423n;3582;3587;boucle;0.0;0.0;0.0
bn:00258803n;3591;3597;tailler;0.0;0.0;0.0
bn:00011012n;3605;3611;tableau;0.0;0.0;0.0
bn:00011012n;3626;3632;tableau;0.0;0.0;0.0
bn:03468087n;3636;3643;parcours;0.7367576243980738;0.0002328673196591005;0.13366336633663367
bn:00011012n;3651;3657;tableau;0.0;0.0;0.0
bn:00036821n;3659;3666;fonction;0.0;0.0;0.0
bn:00030627n;3670;3680;utilisation;0.0;0.0;0.0
bn:14352118n;3698;3707;formulaire;0.0;0.0;0.0
bn:00030627n;3709;3719;utilisation;0.0;0.0;0.0
bn:03463379n;3727;3733;foreach;1.0;0.001322625495318682;0.32673267326732675
bn:00100450a;3735;3739;super;1.0;2.283012937834319e-06;0.01485148514851485
bn:00103624a;3741;3746;global;1.0;7.610043126114396e-07;0.0049504950495049506
bn:03463379n;3748;3754;foreach;1.0;0.001322625495318682;0.32673267326732675
bn:00020945n;3776;3786;instruction;0.0;0.0;0.0
bn:00024131n;3798;3804;Cookies;0.0;0.0;0.0
bn:00087905v;3813;3817;aller;0.0;0.0;0.0
bn:00088762v;3819;3825;prendre;0.0;0.0;0.0
bn:00029680n;3832;3837;valeur;0.0;0.0;0.0
bn:00087823v;3850;3857;exécuter;0.0;0.0;0.0
bn:00020945n;3859;3869;instruction;0.0;0.0;0.0
bn:00080778n;3871;3873;Web;0.0;0.0;0.0
bn:00101917a;3875;3883;dynamique;0.0;0.0;0.0
bn:00049910n;3887;3893;langage;0.7748768930595559;0.012693551934358812;0.6881188118811881
bn:01753580n;3895;3897;Php;0.9979931642156095;0.008073494752494763;0.5099009900990099
bn:03513073n;3899;3903;Cathy;1.0;4.058689667261011e-06;0.019801980198019802
bn:00011012n;3915;3921;tableau;0.0;0.0;0.0
bn:01648657n;3929;3938;généralité;0.0;0.0;0.0
bn:00113501a;3940;3947;variable;0.0;0.0;0.0
bn:00029423n;3960;3965;boucle;0.0;0.0;0.0
bn:00011012n;3967;3973;tableau;0.0;0.0;0.0
bn:00036821n;3975;3982;fonction;0.0;0.0;0.0
bn:14352118n;3984;3993;formulaire;0.0;0.0;0.0
bn:00103624a;4001;4006;global;1.0;7.610043126114396e-07;0.0049504950495049506
bn:00070689n;4008;4014;session;0.0;0.0;0.0
bn:00024131n;4016;4022;Cookies;0.0;0.0;0.0
bn:00045088n;4024;4027;http;0.9862935465448315;0.0026285088957599123;0.32673267326732675
bn:00167255n;4061;4063;ext;1.0;0.0005692312258333568;0.21782178217821782
bn:00023310n;4075;4079;cours;0.0;0.0;0.0
bn:00023310n;4081;4084;cour;0.0;0.0;0.0
bn:00032100n;4088;4094;exemple;0.0;0.0;0.0
bn:01753580n;4098;4100;php;0.9979931642156095;0.008073494752494763;0.5099009900990099
bn:00080778n;4117;4119;Web;0.0;0.0;0.0
bn:00101917a;4121;4129;dynamique;0.0;0.0;0.0
bn:00049910n;4133;4139;langage;0.7748768930595559;0.012693551934358812;0.6881188118811881
bn:01753580n;4141;4143;Php;0.9979931642156095;0.008073494752494763;0.5099009900990099
bn:03513073n;4145;4149;Cathy;1.0;4.058689667261011e-06;0.019801980198019802
bn:00011012n;4161;4167;tableau;0.0;0.0;0.0
bn:00011012n;4171;4177;tableau;0.0;0.0;0.0
bn:03848413n;4171;4188;tableau associatif;0.0;0.0;0.0
bn:00097619a;4179;4188;associatif;1.0;1.0146724168152528e-06;0.009900990099009901
bn:00074685n;4205;4210;chaîne;0.893015873015873;0.004281410262751959;0.4801980198019802
bn:00017748n;4212;4220;caractère;0.0;0.0;0.0
bn:00023269n;4224;4229;couple;0.0;0.0;0.0
bn:00048985n;4231;4233;clé;0.0;0.0;0.0
bn:00029680n;4237;4242;valeur;0.0;0.0;0.0
bn:01648657n;4244;4253;généralité;0.0;0.0;0.0
bn:00048985n;4257;4259;clé;0.0;0.0;0.0
bn:00029680n;4263;4268;valeur;0.0;0.0;0.0
bn:00110682a;4270;4275;unique;0.0;0.0;0.0
bn:00113501a;4277;4284;variable;0.0;0.0;0.0
bn:00032100n;4288;4294;exemple;0.0;0.0;0.0
bn:00036202n;4305;4310;france;0.9891931720496132;0.022476262372978867;0.8168316831683168
bn:00047705n;4321;4326;italie;0.9801806898746486;0.014063359697059402;0.7128712871287128
bn:00029423n;4339;4344;boucle;0.0;0.0;0.0
bn:00036202n;4365;4370;france;0.9891931720496132;0.022476262372978867;0.8168316831683168
bn:00047705n;4381;4386;italie;0.9801806898746486;0.014063359697059402;0.7128712871287128
bn:00011012n;4388;4394;tableau;0.0;0.0;0.0
bn:00091437v;4398;4403;taille;0.0;0.0;0.0
bn:00011012n;4411;4417;tableau;0.0;0.0;0.0
bn:00036821n;4432;4439;fonction;0.0;0.0;0.0
bn:00088968v;4443;4450;parcours;0.0;0.0;0.0
bn:00011012n;4458;4464;tableau;0.0;0.0;0.0
bn:14352118n;4466;4475;formulaire;0.0;0.0;0.0
bn:03463379n;4477;4483;foreach;1.0;0.001322625495318682;0.32673267326732675
bn:04756252n;4496;4498;cle;1.0;0.0003957222425579486;0.19306930693069307
bn:00079476n;4502;4504;val;0.7619047619047619;6.493903467617618e-05;0.07920792079207921
bn:00100450a;4508;4512;super;1.0;2.283012937834319e-06;0.01485148514851485
bn:00103624a;4514;4519;global;1.0;7.610043126114396e-07;0.0049504950495049506
bn:00020945n;4521;4531;instruction;0.0;0.0;0.0
bn:00024131n;4543;4549;Cookies;0.0;0.0;0.0
bn:00108013a;4553;4557;autre;0.7640750670241286;7.229540969808676e-05;0.07425742574257425
bn:00011012n;4559;4565;tableau;0.0;0.0;0.0
bn:03848413n;4559;4576;tableau associatif;0.0;0.0;0.0
bn:00097619a;4567;4576;associatif;1.0;1.0146724168152528e-06;0.009900990099009901
bn:01500184n;4584;4587;POST;0.8619402985074627;0.000761765316924051;0.19306930693069307
bn:00080778n;4593;4595;Web;0.0;0.0;0.0
bn:00101917a;4597;4605;dynamique;0.0;0.0;0.0
bn:00049910n;4609;4615;langage;0.7748768930595559;0.012693551934358812;0.6881188118811881
bn:01753580n;4617;4619;Php;0.9979931642156095;0.008073494752494763;0.5099009900990099
bn:03513073n;4621;4625;Cathy;1.0;4.058689667261011e-06;0.019801980198019802
bn:00011012n;4637;4643;tableau;0.0;0.0;0.0
bn:01648657n;4651;4660;généralité;0.0;0.0;0.0
bn:00113501a;4662;4669;variable;0.0;0.0;0.0
bn:00029423n;4682;4687;boucle;0.0;0.0;0.0
bn:00011012n;4689;4695;tableau;0.0;0.0;0.0
bn:00036821n;4697;4704;fonction;0.0;0.0;0.0
bn:14352118n;4706;4715;formulaire;0.0;0.0;0.0
bn:00103624a;4723;4728;global;1.0;7.610043126114396e-07;0.0049504950495049506
bn:00070689n;4730;4736;session;0.0;0.0;0.0
bn:00024131n;4738;4744;Cookies;0.0;0.0;0.0
bn:00045088n;4746;4749;http;0.9862935465448315;0.0026285088957599123;0.32673267326732675
bn:00167255n;4783;4785;ext;1.0;0.0005692312258333568;0.21782178217821782
bn:00023310n;4797;4801;cours;0.0;0.0;0.0
bn:00023310n;4803;4806;cour;0.0;0.0;0.0
bn:00032100n;4810;4816;exemple;0.0;0.0;0.0
bn:01753580n;4820;4822;php;0.9979931642156095;0.008073494752494763;0.5099009900990099
bn:00080778n;4839;4841;Web;0.0;0.0;0.0
bn:00101917a;4843;4851;dynamique;0.0;0.0;0.0
bn:00049910n;4855;4861;langage;0.7748768930595559;0.012693551934358812;0.6881188118811881
bn:01753580n;4863;4865;Php;0.9979931642156095;0.008073494752494763;0.5099009900990099
bn:03513073n;4867;4871;Cathy;1.0;4.058689667261011e-06;0.019801980198019802
bn:00011012n;4883;4889;tableau;0.0;0.0;0.0
bn:00010421n;4893;4901;affichage;0.8024316109422492;0.0006696837950980668;0.2376237623762376
bn:00046698n;4903;4913;information;0.0;0.0;0.0
bn:00083240v;4915;4924;concernant;0.9077691958200818;0.0005068288721992187;0.18316831683168316
bn:00011012n;4926;4932;tableau;0.0;0.0;0.0
bn:00090224v;4971;4976;mettre;0.0;0.0;0.0
bn:00947370n;4978;4983;balise;0.0;0.0;0.0
bn:00041249n;4995;5004;généralité;0.9854014598540146;0.0004400259321949374;0.13432835820895522
bn:00082705v;5018;5025;utiliser;0.0;0.0;0.0
bn:00046139n;5030;5037;importer;0.9626474442988204;0.0019152536130203348;0.25870646766169153
bn:00113501a;5044;5051;variable;0.0;0.0;0.0
bn:00113501a;5053;5060;variable;0.0;0.0;0.0
bn:00011012n;5074;5080;tableau;0.0;0.0;0.0
bn:00100306a;5082;5091;séquentiel;0.0;0.0;0.0
bn:00029423n;5104;5109;boucle;0.0;0.0;0.0
bn:00087845v;5111;5116;sortir;0.0;0.0;0.0
bn:00089082v;5133;5139;croître;0.0;0.0;0.0
bn:00011012n;5141;5147;tableau;0.0;0.0;0.0
bn:00036821n;5180;5187;fonction;0.0;0.0;0.0
bn:00011012n;5201;5207;tableau;0.0;0.0;0.0
bn:03848413n;5201;5218;tableau associatif;0.7651403249630724;0.0037144707579951897;0.3681592039800995
bn:00097619a;5209;5218;associatif;0.0;0.0;0.0
bn:14352118n;5220;5229;formulaire;0.0;0.0;0.0
bn:00089082v;5252;5258;croître;0.0;0.0;0.0
bn:00048985n;5260;5262;clé;0.0;0.0;0.0
bn:00100450a;5264;5268;super;0.0;0.0;0.0
bn:00103624a;5270;5275;global;0.0;0.0;0.0
bn:00048985n;5309;5311;clé;0.0;0.0;0.0
bn:00070689n;5313;5319;session;0.0;0.0;0.0
bn:00089082v;5342;5348;croître;0.0;0.0;0.0
bn:00029680n;5350;5355;valeur;0.0;0.0;0.0
bn:00024131n;5357;5363;Cookies;0.0;0.0;0.0
bn:00029680n;5397;5402;valeur;0.0;0.0;0.0
bn:00080778n;5404;5406;Web;0.0;0.0;0.0
bn:00101917a;5408;5416;dynamique;0.7410832232496698;0.00018285522071211842;0.0845771144278607
bn:00049910n;5420;5426;langage;0.8304341249432764;0.01252607153648255;0.6268656716417911
bn:01753580n;5428;5430;Php;1.0;0.010169488210727442;0.5174129353233831
bn:03513073n;5432;5436;Cathy;1.0;2.6075610796737027e-06;0.009950248756218905
bn:00011012n;5448;5454;tableau;0.0;0.0;0.0
bn:00041249n;5462;5471;généralité;0.9854014598540146;0.0004400259321949374;0.13432835820895522
bn:00113501a;5473;5480;variable;0.0;0.0;0.0
bn:00029423n;5493;5498;boucle;0.0;0.0;0.0
bn:00011012n;5500;5506;tableau;0.0;0.0;0.0
bn:00036821n;5508;5515;fonction;0.0;0.0;0.0
bn:14352118n;5517;5526;formulaire;0.0;0.0;0.0
bn:00103624a;5534;5539;global;0.0;0.0;0.0
bn:00070689n;5541;5547;session;0.0;0.0;0.0
bn:00024131n;5549;5555;Cookies;0.0;0.0;0.0
bn:00045088n;5557;5560;http;0.9687917222963952;0.0018921115084382307;0.22388059701492538
bn:00167255n;5594;5596;ext;1.0;0.0002711863522860651;0.12935323383084577
bn:00023310n;5608;5612;cours;0.0;0.0;0.0
bn:00023310n;5614;5617;cour;0.0;0.0;0.0
bn:00032100n;5621;5627;exemple;0.0;0.0;0.0
bn:01753580n;5631;5633;php;1.0;0.010169488210727442;0.5174129353233831
bn:00080778n;5650;5652;Web;0.0;0.0;0.0
bn:00101917a;5654;5662;dynamique;0.7410832232496698;0.00018285522071211842;0.0845771144278607
bn:00049910n;5666;5672;langage;0.8304341249432764;0.01252607153648255;0.6268656716417911
bn:01753580n;5674;5676;Php;1.0;0.010169488210727442;0.5174129353233831
bn:03513073n;5678;5682;Cathy;1.0;2.6075610796737027e-06;0.009950248756218905
bn:00036821n;5694;5701;fonction;0.0;0.0;0.0
bn:00007306n;5705;5712;écriture;0.0;0.0;0.0
bn:00036821n;5720;5727;fonction;0.0;0.0;0.0
bn:00020945n;5764;5774;instruction;0.0;0.0;0.0
bn:03828774n;5764;5781;instruction return;1.0;0.0019361141016577244;0.3283582089552239
bn:00107939a;5799;5808;facultatif;0.0;0.0;0.0
bn:00041249n;5812;5821;généralité;0.9854014598540146;0.0004400259321949374;0.13432835820895522
bn:00113501a;5823;5830;variable;0.0;0.0;0.0
bn:00005019n;5834;5838;appel;0.0;0.0;0.0
bn:00036821n;5846;5853;fonction;0.0;0.0;0.0
bn:00089884v;5855;5863;retourner;0.0;0.0;0.0
bn:00029423n;5881;5886;boucle;0.0;0.0;0.0
bn:00011012n;5906;5912;tableau;0.0;0.0;0.0
bn:00036821n;5914;5921;fonction;0.0;0.0;0.0
bn:00005019n;5925;5929;appel;0.0;0.0;0.0
bn:00036821n;5937;5944;fonction;0.0;0.0;0.0
bn:00089884v;5946;5954;retourner;0.0;0.0;0.0
bn:00021961n;5956;5963;résultat;0.0;0.0;0.0
bn:14352118n;5965;5974;formulaire;0.0;0.0;0.0
bn:00100450a;5976;5980;super;0.0;0.0;0.0
bn:00103624a;5982;5987;global;0.0;0.0;0.0
bn:00070689n;6016;6022;session;0.0;0.0;0.0
bn:00024131n;6024;6030;Cookies;0.0;0.0;0.0
bn:00080778n;6032;6034;Web;0.0;0.0;0.0
bn:00101917a;6036;6044;dynamique;0.7410832232496698;0.00018285522071211842;0.0845771144278607
bn:00049910n;6048;6054;langage;0.8304341249432764;0.01252607153648255;0.6268656716417911
bn:01753580n;6056;6058;Php;1.0;0.010169488210727442;0.5174129353233831
bn:03513073n;6060;6064;Cathy;1.0;2.6075610796737027e-06;0.009950248756218905
bn:00036821n;6076;6083;fonction;0.0;0.0;0.0
bn:00041249n;6091;6100;généralité;0.9854014598540146;0.0004400259321949374;0.13432835820895522
bn:00113501a;6102;6109;variable;0.0;0.0;0.0
bn:00029423n;6122;6127;boucle;0.0;0.0;0.0
bn:00011012n;6129;6135;tableau;0.0;0.0;0.0
bn:00036821n;6137;6144;fonction;0.0;0.0;0.0
bn:14352118n;6146;6155;formulaire;0.0;0.0;0.0
bn:00103624a;6163;6168;global;0.0;0.0;0.0
bn:00070689n;6170;6176;session;0.0;0.0;0.0
bn:00024131n;6178;6184;Cookies;0.0;0.0;0.0
bn:00045088n;6186;6189;http;0.9687917222963952;0.0018921115084382307;0.22388059701492538
bn:00167255n;6223;6225;ext;1.0;0.0002711863522860651;0.12935323383084577
bn:00023310n;6237;6241;cours;0.0;0.0;0.0
bn:00023310n;6243;6246;cour;0.0;0.0;0.0
bn:00032100n;6250;6256;exemple;0.0;0.0;0.0
bn:01753580n;6260;6262;php;1.0;0.010169488210727442;0.5174129353233831
bn:00080778n;6279;6281;Web;0.0;0.0;0.0
bn:00101917a;6283;6291;dynamique;0.7410832232496698;0.00018285522071211842;0.0845771144278607
bn:00049910n;6295;6301;langage;0.8304341249432764;0.01252607153648255;0.6268656716417911
bn:01753580n;6303;6305;Php;1.0;0.010169488210727442;0.5174129353233831
bn:03513073n;6307;6311;Cathy;1.0;2.6075610796737027e-06;0.009950248756218905
bn:00036821n;6323;6330;fonction;0.0;0.0;0.0
bn:00113501a;6334;6341;variable;0.0;0.0;0.0
bn:00051746n;6343;6347;local;0.0;0.0;0.0
bn:00113501a;6351;6358;variable;0.0;0.0;0.0
bn:00082691v;6360;6369;apparaître;0.0;0.0;0.0
bn:00032768n;6380;6383;fois;0.0;0.0;0.0
bn:00036821n;6391;6398;fonction;0.0;0.0;0.0
bn:00082272v;6402;6410;connaître;0.0;0.0;0.0
bn:00113452a;6412;6421;utilisable;0.0;0.0;0.0
bn:00114234r;6423;6432;uniquement;0.0;0.0;0.0
bn:00036821n;6434;6441;fonction;0.0;0.0;0.0
bn:00041249n;6443;6452;généralité;0.9854014598540146;0.0004400259321949374;0.13432835820895522
bn:00113501a;6456;6463;variable;0.0;0.0;0.0
bn:00103624a;6465;6470;global;0.0;0.0;0.0
bn:00113501a;6472;6479;variable;0.0;0.0;0.0
bn:00113501a;6483;6490;variable;0.0;0.0;0.0
bn:00089742v;6492;6502;initialiser;1.0;7.33376553658229e-05;0.07462686567164178
bn:00036821n;6514;6521;fonction;0.0;0.0;0.0
bn:00029423n;6534;6539;boucle;0.0;0.0;0.0
bn:00082272v;6543;6551;connaître;0.0;0.0;0.0
bn:00113452a;6553;6562;utilisable;0.0;0.0;0.0
bn:00036821n;6569;6576;fonction;0.0;0.0;0.0
bn:00011012n;6578;6584;tableau;0.0;0.0;0.0
bn:00029680n;6588;6593;valeur;0.0;0.0;0.0
bn:00092832v;6595;6601;stocker;0.8;1.3037805398368513e-06;0.009950248756218905
bn:00011012n;6603;6609;tableau;0.0;0.0;0.0
bn:03848413n;6603;6620;tableau associatif;0.7651403249630724;0.0037144707579951897;0.3681592039800995
bn:00097619a;6611;6620;associatif;0.0;0.0;0.0
bn:00036821n;6630;6637;fonction;0.0;0.0;0.0
bn:00021395n;6642;6647;partie;0.0;0.0;0.0
bn:00113501a;6649;6656;variable;0.0;0.0;0.0
bn:00103624a;6664;6669;global;0.0;0.0;0.0
bn:14352118n;6671;6680;formulaire;0.0;0.0;0.0
bn:00048985n;6684;6686;clé;0.0;0.0;0.0
bn:00056758n;6690;6692;nom;0.0;0.0;0.0
bn:00113501a;6694;6701;variable;0.0;0.0;0.0
bn:00103624a;6703;6708;global;0.0;0.0;0.0
bn:00100450a;6710;6714;super;0.0;0.0;0.0
bn:00103624a;6716;6721;global;0.0;0.0;0.0
bn:00029680n;6725;6730;valeur;0.0;0.0;0.0
bn:00029680n;6734;6739;valeur;0.0;0.0;0.0
bn:00113501a;6741;6748;variable;0.0;0.0;0.0
bn:00103624a;6750;6755;global;0.0;0.0;0.0
bn:00070689n;6757;6763;session;0.0;0.0;0.0
bn:00024131n;6765;6771;Cookies;0.0;0.0;0.0
bn:00080778n;6773;6775;Web;0.0;0.0;0.0
bn:00101917a;6777;6785;dynamique;0.7410832232496698;0.00018285522071211842;0.0845771144278607
bn:00049910n;6789;6795;langage;0.8304341249432764;0.01252607153648255;0.6268656716417911
bn:01753580n;6797;6799;Php;1.0;0.010169488210727442;0.5174129353233831
bn:03513073n;6801;6805;Cathy;1.0;2.6075610796737027e-06;0.009950248756218905
bn:00036821n;6817;6824;fonction;0.0;0.0;0.0
bn:00041249n;6832;6841;généralité;0.9854014598540146;0.0004400259321949374;0.13432835820895522
bn:00113501a;6843;6850;variable;0.0;0.0;0.0
bn:00029423n;6863;6868;boucle;0.0;0.0;0.0
bn:00011012n;6870;6876;tableau;0.0;0.0;0.0
bn:00036821n;6878;6885;fonction;0.0;0.0;0.0
bn:14352118n;6887;6896;formulaire;0.0;0.0;0.0
bn:00103624a;6904;6909;global;0.0;0.0;0.0
bn:00070689n;6911;6917;session;0.0;0.0;0.0
bn:00024131n;6919;6925;Cookies;0.0;0.0;0.0
bn:00045088n;6927;6930;http;0.9687917222963952;0.0018921115084382307;0.22388059701492538
bn:00167255n;6964;6966;ext;1.0;0.0002711863522860651;0.12935323383084577
bn:00023310n;6978;6982;cours;0.0;0.0;0.0
bn:00023310n;6984;6987;cour;0.0;0.0;0.0
bn:00032100n;6991;6997;exemple;0.0;0.0;0.0
bn:01753580n;7001;7003;php;1.0;0.010169488210727442;0.5174129353233831
bn:00080778n;7020;7022;Web;0.0;0.0;0.0
bn:00101917a;7024;7032;dynamique;0.7410832232496698;0.00018285522071211842;0.0845771144278607
bn:00049910n;7036;7042;langage;0.8304341249432764;0.01252607153648255;0.6268656716417911
bn:01753580n;7044;7046;Php;1.0;0.010169488210727442;0.5174129353233831
bn:03513073n;7048;7052;Cathy;1.0;2.6075610796737027e-06;0.009950248756218905
bn:00036821n;7064;7071;fonction;0.0;0.0;0.0
bn:00036821n;7075;7082;fonction;0.0;0.0;0.0
bn:00082537v;7094;7102;permettre;0.0;0.0;0.0
bn:00089662v;7107;7113;inclure;0.0;0.0;0.0
bn:00083225v;7115;7122;contenir;0.0;0.0;0.0
bn:00021475n;7130;7136;fichier;0.9625621748870411;0.008263035116351005;0.5024875621890548
bn:01753580n;7145;7147;php;1.0;0.010169488210727442;0.5174129353233831
bn:00116789r;7151;7154;très;0.0;0.0;0.0
bn:00104094a;7156;7160;utile;0.0;0.0;0.0
bn:14636497n;7164;7176;structuration;0.9375;7.822683239021109e-05;0.07462686567164178
bn:00060158n;7183;7186;page;0.0;0.0;0.0
bn:00047172n;7194;7197;site;0.9448728716499962;0.004033571045120259;0.373134328358209
bn:00041249n;7199;7208;généralité;0.9854014598540146;0.0004400259321949374;0.13432835820895522
bn:00074033n;7212;7222;déclaration;0.0;0.0;0.0
bn:00036821n;7224;7231;fonction;0.0;0.0;0.0
bn:00113501a;7233;7240;variable;0.0;0.0;0.0
bn:00103624a;7242;7247;global;0.0;0.0;0.0
bn:00113501a;7253;7260;variable;0.0;0.0;0.0
bn:00062118n;7264;7270;syntaxe;0.0;0.0;0.0
bn:00029423n;7283;7288;boucle;0.0;0.0;0.0
bn:00011012n;7312;7318;tableau;0.0;0.0;0.0
bn:00036821n;7320;7327;fonction;0.0;0.0;0.0
bn:00056758n;7331;7333;nom;0.0;0.0;0.0
bn:00021475n;7335;7341;fichier;0.9625621748870411;0.008263035116351005;0.5024875621890548
bn:00017748n;7351;7359;caractère;0.0;0.0;0.0
bn:00091360v;7361;7366;devoir;0.0;0.0;0.0
bn:00083187v;7368;7371;être;0.0;0.0;0.0
bn:00047350n;7379;7387;guillemet;0.0;0.0;0.0
bn:14352118n;7389;7398;formulaire;0.0;0.0;0.0
bn:00083225v;7402;7409;contenir;0.0;0.0;0.0
bn:00089770v;7425;7431;insérer;0.8305084745762712;1.597131161300143e-05;0.03482587064676617
bn:00030098n;7433;7437;place;0.0;0.0;0.0
bn:00103624a;7445;7450;global;0.0;0.0;0.0
bn:00020945n;7455;7465;instruction;0.0;0.0;0.0
bn:00070689n;7475;7481;session;0.0;0.0;0.0
bn:00024131n;7483;7489;Cookies;0.0;0.0;0.0
bn:00080778n;7491;7493;Web;0.0;0.0;0.0
bn:00101917a;7495;7503;dynamique;0.0;0.0;0.0
bn:00049910n;7507;7513;langage;0.8335992342054882;0.013546431760613903;0.6303317535545023
bn:01753580n;7515;7517;Php;1.0;0.010235657912134677;0.46445497630331756
bn:03513073n;7519;7523;Cathy;1.0;7.407481482222229e-07;0.004739336492890996
bn:00036821n;7535;7542;fonction;0.0;0.0;0.0
bn:00036821n;7546;7553;fonction;0.0;0.0;0.0
bn:00043309n;7555;7560;header;1.0;0.002296319259488891;0.2938388625592417
bn:00082537v;7564;7572;permettre;0.0;0.0;0.0
bn:00082505v;7574;7582;rediriger;1.0;1.8518703705555573e-05;0.023696682464454975
bn:00101268a;7589;7593;autre;0.0;0.0;0.0
bn:00060158n;7595;7598;page;0.0;0.0;0.0
bn:00082705v;7608;7615;utiliser;0.0;0.0;0.0
bn:00036821n;7630;7637;fonction;0.0;0.0;0.0
bn:00091360v;7639;7644;devoir;0.0;0.0;0.0
bn:00083187v;7646;7649;être;0.0;0.0;0.0
bn:00084386v;7651;7657;appeler;0.0;0.0;0.0
bn:00114403r;7659;7662;tout;0.0;0.0;0.0
bn:00041249n;7670;7679;généralité;0.9844011142061281;0.000654450988954334;0.14691943127962084
bn:00062118n;7683;7689;syntaxe;0.0;0.0;0.0
bn:00113503a;7691;7698;variable;0.7227179135209334;0.0003900039000390004;0.12796208530805686
bn:00043309n;7700;7705;header;1.0;0.002296319259488891;0.2938388625592417
bn:00067131n;7709;7716;location;0.0;0.0;0.0
bn:00029423n;7745;7750;boucle;0.0;0.0;0.0
bn:00011012n;7757;7763;tableau;0.0;0.0;0.0
bn:00084302v;7767;7773;oublier;0.9790794979079498;8.666753334200008e-05;0.061611374407582936
bn:00090224v;7775;7780;mettre;0.0;0.0;0.0
bn:00036821n;7787;7794;fonction;0.0;0.0;0.0
bn:00056758n;7798;7800;nom;0.0;0.0;0.0
bn:00021475n;7802;7808;fichier;0.9522728031795865;0.01056010560105601;0.5118483412322274
bn:02467510n;7824;7832;peut-être;0.0;0.0;0.0
bn:14352118n;7836;7845;formulaire;0.0;0.0;0.0
bn:00080721n;7847;7852;chemin;0.0;0.0;0.0
bn:00100450a;7864;7868;super;0.0;0.0;0.0
bn:00103624a;7870;7875;global;0.0;0.0;0.0
bn:00080721n;7877;7882;chemin;0.0;0.0;0.0
bn:00116658r;7899;7912;éventuellement;1.0;1.4814962964444458e-06;0.009478672985781991
bn:00033666n;7914;7921;passager;1.0;3.7037407411111146e-07;0.004739336492890996
bn:00070689n;7923;7929;session;0.0;0.0;0.0
bn:00060585n;7931;7939;paramètre;0.0;0.0;0.0
bn:00024131n;7941;7947;Cookies;0.0;0.0;0.0
bn:00080778n;7949;7951;Web;0.0;0.0;0.0
bn:00101917a;7953;7961;dynamique;0.0;0.0;0.0
bn:00049910n;7965;7971;langage;0.8335992342054882;0.013546431760613903;0.6303317535545023
bn:01753580n;7973;7975;Php;1.0;0.010235657912134677;0.46445497630331756
bn:03513073n;7977;7981;Cathy;1.0;7.407481482222229e-07;0.004739336492890996
bn:00036821n;7993;8000;fonction;0.0;0.0;0.0
bn:00036821n;8012;8019;fonction;0.0;0.0;0.0
bn:00104094a;8021;8025;utile;0.0;0.0;0.0
bn:00074685n;8027;8032;chaîne;0.8717302555314752;0.006405989985825784;0.43601895734597157
bn:00089884v;8055;8063;retourner;0.0;0.0;0.0
bn:00050662n;8065;8072;longueur;0.0;0.0;0.0
bn:00091458v;8082;8087;passer;0.0;0.0;0.0
bn:00060585n;8089;8097;paramètre;0.0;0.0;0.0
bn:00089884v;8124;8131;retourne;0.0;0.0;0.0
bn:04746651n;8146;8155;occurrence;0.0;0.0;0.0
bn:00041249n;8162;8171;généralité;0.9844011142061281;0.000654450988954334;0.14691943127962084
bn:00092816v;8179;8187;remplacer;0.0;0.0;0.0
bn:00113503a;8189;8196;variable;0.7227179135209334;0.0003900039000390004;0.12796208530805686
bn:00089884v;8236;8243;retourne;0.0;0.0;0.0
bn:00017748n;8258;8266;caractère;0.0;0.0;0.0
bn:00084179v;8285;8291;boucler;0.0;0.0;0.0
bn:00090224v;8293;8298;mettre;0.0;0.0;0.0
bn:00098029a;8300;8308;minuscule;0.0;0.0;0.0
bn:00015499n;8312;8320;majuscule;0.0;0.0;0.0
bn:00011012n;8322;8328;tableau;0.0;0.0;0.0
bn:00087873v;8350;8357;exploser;0.9615384615384616;9.259351852777786e-06;0.023696682464454975
bn:00036821n;8359;8366;fonction;0.0;0.0;0.0
bn:00036821n;8374;8381;fonction;0.0;0.0;0.0
bn:00066146n;8387;8392;ranger;0.0;0.0;0.0
bn:00062297n;8401;8407;morceau;0.0;0.0;0.0
bn:00011012n;8409;8415;tableau;0.0;0.0;0.0
bn:00089884v;8417;8425;retourner;0.0;0.0;0.0
bn:14352118n;8427;8436;formulaire;0.0;0.0;0.0
bn:00103624a;8466;8471;global;0.0;0.0;0.0
bn:00089884v;8473;8481;retourner;0.0;0.0;0.0
bn:00074685n;8483;8488;chaîne;0.8717302555314752;0.006405989985825784;0.43601895734597157
bn:00099475a;8497;8503;certain;0.0;0.0;0.0
bn:00017748n;8505;8513;caractère;0.0;0.0;0.0
bn:00095090v;8521;8531;transformer;0.0;0.0;0.0
bn:00045087n;8533;8536;HTML;1.0;0.007798596504483563;0.44549763033175355
bn:00000145n;8547;8549;amp;0.7514910536779325;0.00014000140001400014;0.06635071090047394
bn:00070689n;8551;8557;session;0.0;0.0;0.0
bn:00114403r;8561;8564;tout;0.0;0.0;0.0
bn:00101268a;8566;8570;autre;0.0;0.0;0.0
bn:00036821n;8572;8579;fonction;0.0;0.0;0.0
bn:00024131n;8600;8606;Cookies;0.0;0.0;0.0
bn:00045088n;8608;8611;http;0.967741935483871;0.004155597111526671;0.3222748815165877
bn:00006919n;8642;8643;fr;0.0;0.0;0.0
bn:00080778n;8661;8663;Web;0.0;0.0;0.0
bn:00101917a;8665;8673;dynamique;0.0;0.0;0.0
bn:00049910n;8677;8683;langage;0.8335992342054882;0.013546431760613903;0.6303317535545023
bn:01753580n;8685;8687;Php;1.0;0.010235657912134677;0.46445497630331756
bn:03513073n;8689;8693;Cathy;1.0;7.407481482222229e-07;0.004739336492890996
bn:00036821n;8705;8712;fonction;0.0;0.0;0.0
bn:00053225n;8716;8727;manipulation;0.7692307692307693;2.222244444666669e-05;0.023696682464454975
bn:00025336n;8729;8732;date;0.0;0.0;0.0
bn:00025336n;8736;8739;date;0.0;0.0;0.0
bn:00089172v;8741;8749;manipuler;0.0;0.0;0.0
bn:00035908n;8756;8760;forme;0.0;0.0;0.0
bn:00058285n;8774;8779;nombre;0.8349563550128665;0.006128950178390673;0.3981042654028436
bn:00087513v;8796;8802;écouler;0.0;0.0;0.0
bn:00115254r;8804;8809;depuis;1.0;1.814832963144446e-05;0.03317535545023697
bn:00036821n;8817;8824;fonction;0.0;0.0;0.0
bn:03389905n;8826;8829;time;0.9402985074626866;0.00016333496668300017;0.0995260663507109
bn:00089884v;8831;8839;retourner;0.0;0.0;0.0
bn:03603649n;8841;8849;timestamp;1.0;0.0009226018186107787;0.22274881516587677
bn:00082477v;8851;8862;correspondre;0.0;0.0;0.0
bn:00025336n;8864;8867;date;0.0;0.0;0.0
bn:00000127n;8871;8875;heure;0.0;0.0;0.0
bn:00041249n;8877;8886;généralité;0.9844011142061281;0.000654450988954334;0.14691943127962084
bn:00083961v;8888;8894;courant;0.0;0.0;0.0
bn:00113503a;8896;8903;variable;0.7227179135209334;0.0003900039000390004;0.12796208530805686
bn:00036821n;8907;8914;fonction;0.0;0.0;0.0
bn:00000127n;8924;8928;heure;0.0;0.0;0.0
bn:00055094n;8930;8932;min;0.9155313351498637;0.0002488913778026669;0.07582938388625593
bn:00089884v;8934;8942;retourner;0.0;0.0;0.0
bn:03603649n;8944;8952;timestamp;1.0;0.0009226018186107787;0.22274881516587677
bn:00082477v;8954;8965;correspondre;0.0;0.0;0.0
bn:00025336n;8967;8970;date;0.0;0.0;0.0
bn:00086464v;8972;8980;spécifier;0.0;0.0;0.0
bn:00029423n;8993;8998;boucle;0.0;0.0;0.0
bn:00060585n;9000;9008;paramètre;0.0;0.0;0.0
bn:00011012n;9010;9016;tableau;0.0;0.0;0.0
bn:00036821n;9020;9027;fonction;0.0;0.0;0.0
bn:00086297v;9029;9033;dater;0.0;0.0;0.0
bn:03603649n;9042;9050;timestamp;1.0;0.0009226018186107787;0.22274881516587677
bn:00036821n;9052;9059;fonction;0.0;0.0;0.0
bn:00089884v;9061;9069;retourner;0.0;0.0;0.0
bn:00074685n;9071;9076;chaîne;0.8717302555314752;0.006405989985825784;0.43601895734597157
bn:00082477v;9078;9089;correspondre;0.0;0.0;0.0
bn:03603649n;9091;9099;timestamp;1.0;0.0009226018186107787;0.22274881516587677
bn:00090224v;9101;9106;mettre;0.0;0.0;0.0
bn:00088421v;9115;9121;suivant;0.0;0.0;0.0
bn:00082705v;9130;9137;utiliser;0.0;0.0;0.0
bn:00101268a;9145;9149;autre;0.0;0.0;0.0
bn:14352118n;9151;9160;formulaire;0.0;0.0;0.0
bn:00105067a;9173;9178;minute;0.0;0.0;0.0
bn:00000127n;9180;9184;heure;0.0;0.0;0.0
bn:00000127n;9186;9190;heure;0.0;0.0;0.0
bn:00100450a;9192;9196;super;0.0;0.0;0.0
bn:00103624a;9198;9203;global;0.0;0.0;0.0
bn:00000086n;9205;9208;jour;0.0;0.0;0.0
bn:00014710n;9210;9213;mois;0.0;0.0;0.0
bn:00006662n;9219;9223;année;0.0;0.0;0.0
bn:00114403r;9235;9238;tout;0.0;0.0;0.0
bn:00101268a;9240;9244;autre;0.0;0.0;0.0
bn:00036821n;9246;9253;fonction;0.0;0.0;0.0
bn:00086297v;9255;9259;dater;0.0;0.0;0.0
bn:00045088n;9272;9275;http;0.967741935483871;0.004155597111526671;0.3222748815165877
bn:00006919n;9306;9307;fr;0.0;0.0;0.0
bn:00024131n;9325;9331;Cookies;0.0;0.0;0.0
bn:00080778n;9333;9335;Web;0.0;0.0;0.0
bn:00101917a;9337;9345;dynamique;0.0;0.0;0.0
bn:00049910n;9349;9355;langage;0.8335992342054882;0.013546431760613903;0.6303317535545023
bn:01753580n;9357;9359;Php;1.0;0.010235657912134677;0.46445497630331756
bn:03513073n;9361;9365;Cathy;1.0;7.407481482222229e-07;0.004739336492890996
bn:00036821n;9377;9384;fonction;0.0;0.0;0.0
bn:00041249n;9392;9401;généralité;0.9844011142061281;0.000654450988954334;0.14691943127962084
bn:00113503a;9403;9410;variable;0.7227179135209334;0.0003900039000390004;0.12796208530805686
bn:00029423n;9423;9428;boucle;0.0;0.0;0.0
bn:00011012n;9430;9436;tableau;0.0;0.0;0.0
bn:00036821n;9438;9445;fonction;0.0;0.0;0.0
bn:14352118n;9447;9456;formulaire;0.0;0.0;0.0
bn:00103624a;9464;9469;global;0.0;0.0;0.0
bn:00070689n;9471;9477;session;0.0;0.0;0.0
bn:00024131n;9479;9485;Cookies;0.0;0.0;0.0
bn:00045088n;9487;9490;http;0.967741935483871;0.004155597111526671;0.3222748815165877
bn:00167255n;9524;9526;ext;1.0;0.00034222564447866703;0.13270142180094788
bn:00023310n;9538;9542;cours;0.0;0.0;0.0
bn:00023310n;9544;9547;cour;0.0;0.0;0.0
bn:00032100n;9551;9557;exemple;0.0;0.0;0.0
bn:01753580n;9561;9563;php;1.0;0.010235657912134677;0.46445497630331756
bn:00080778n;9580;9582;Web;0.0;0.0;0.0
bn:00101917a;9584;9592;dynamique;0.0;0.0;0.0
bn:00049910n;9596;9602;langage;0.8335992342054882;0.013546431760613903;0.6303317535545023
bn:01753580n;9604;9606;Php;1.0;0.010235657912134677;0.46445497630331756
bn:03513073n;9608;9612;Cathy;1.0;7.407481482222229e-07;0.004739336492890996
bn:14352118n;9624;9633;formulaire;0.0;0.0;0.0
bn:03490040n;9635;9640;rappel;0.8955887584489506;0.0018648334631494463;0.25118483412322273
bn:00046698n;9644;9654;information;0.0;0.0;0.0
bn:00085207v;9656;9661;saisir;0.0;0.0;0.0
bn:14352118n;9663;9672;formulaire;0.0;0.0;0.0
bn:00045087n;9674;9677;HTML;1.0;0.007798596504483563;0.44549763033175355
bn:00093485v;9679;9685;envoyer;0.0;0.0;0.0
bn:01431715n;9687;9692;script;0.9175621291955358;0.00819119302304134;0.4597156398104265
bn:01753580n;9694;9696;Php;1.0;0.010235657912134677;0.46445497630331756
bn:00021475n;9698;9704;fichier;0.9522728031795865;0.01056010560105601;0.5118483412322274
bn:00021475n;9712;9718;fichier;0.9522728031795865;0.01056010560105601;0.5118483412322274
bn:01753580n;9726;9728;php;1.0;0.010235657912134677;0.46445497630331756
bn:00083225v;9730;9737;contenir;0.0;0.0;0.0
bn:00116104r;9739;9743;moins;0.9418604651162791;3.000030000300003e-05;0.04265402843601896
bn:00045087n;9750;9753;HTML;1.0;0.007798596504483563;0.44549763033175355
bn:14352118n;9755;9764;formulaire;0.0;0.0;0.0
bn:00041249n;9766;9775;généralité;0.9844011142061281;0.000654450988954334;0.14691943127962084
bn:00021475n;9777;9783;fichier;0.9522728031795865;0.01056010560105601;0.5118483412322274
bn:01753580n;9786;9788;php;1.0;0.010235657912134677;0.46445497630331756
bn:00047235n;9790;9799;traitement;0.0;0.0;0.0
bn:00046698n;9801;9811;information;0.0;0.0;0.0
bn:00010687n;9813;9822;provenance;0.7936507936507936;3.7037407411111146e-05;0.04739336492890995
bn:14352118n;9824;9833;formulaire;0.0;0.0;0.0
bn:00113503a;9835;9842;variable;0.7227179135209334;0.0003900039000390004;0.12796208530805686
bn:00029423n;9857;9862;boucle;0.0;0.0;0.0
bn:00020354n;9864;9867;code;0.7960086970026402;0.0037967046337130037;0.3175355450236967
bn:00045087n;9869;9872;HTML;1.0;0.007798596504483563;0.44549763033175355
bn:00011012n;9874;9880;tableau;0.0;0.0;0.0
bn:00001130n;9905;9910;action;0.0;0.0;0.0
bn:00036821n;9934;9941;fonction;0.0;0.0;0.0
bn:00115641r;9943;9945;ici;0.0;0.0;0.0
bn:00034265n;9947;9951;champ;0.0;0.0;0.0
bn:14352118n;9953;9962;formulaire;0.0;0.0;0.0
bn:14352118n;9968;9977;formulaire;0.0;0.0;0.0
bn:00103624a;9992;9997;global;0.9411764705882353;4.684536024521204e-06;0.017094017094017096
bn:00115917r;10007;10021;obligatoirement;0.0;0.0;0.0
bn:00034265n;10023;10027;champ;0.0;0.0;0.0
bn:00070689n;10049;10055;session;0.0;0.0;0.0
bn:01431715n;10059;10064;script;0.9117280099812851;0.0077022555748174565;0.47435897435897434
bn:00085750v;10079;10088;récupèrera;0.0;0.0;0.0
bn:00088815v;10090;10095;donner;0.0;0.0;0.0
bn:00024131n;10097;10103;Cookies;0.0;0.0;0.0
bn:00011012n;10105;10111;tableau;0.0;0.0;0.0
bn:01500184n;10114;10117;POST;0.9948005093378608;0.0027448453268678927;0.32051282051282054
bn:00080778n;10119;10121;Web;0.0;0.0;0.0
bn:00101917a;10123;10131;dynamique;0.8082901554404145;0.00022837113119540868;0.08547008547008547
bn:00049910n;10135;10141;langage;0.793440555029959;0.011786292637695348;0.5811965811965812
bn:01753580n;10143;10145;Php;1.0;0.01022312152301293;0.4829059829059829
bn:03513073n;10147;10151;Cathy;1.0;5.855670030651505e-07;0.004273504273504274
bn:14352118n;10163;10172;formulaire;0.0;0.0;0.0
bn:00021475n;10174;10180;fichier;0.9539033680232732;0.009312272049745088;0.48717948717948717
bn:00045087n;10182;10185;HTML;1.0;0.009985088536266945;0.49572649572649574
bn:00083225v;10187;10194;contenir;0.0;0.0;0.0
bn:14352118n;10196;10205;formulaire;0.0;0.0;0.0
bn:00041249n;10213;10222;généralité;0.9147727272727273;9.427628749348922e-05;0.05982905982905983
bn:00113501a;10224;10231;variable;0.0;0.0;0.0
bn:00029423n;10244;10249;boucle;0.0;0.0;0.0
bn:00011012n;10251;10257;tableau;0.0;0.0;0.0
bn:00036821n;10259;10266;fonction;0.0;0.0;0.0
bn:14352118n;10268;10277;formulaire;0.0;0.0;0.0
bn:00103624a;10285;10290;global;0.9411764705882353;4.684536024521204e-06;0.017094017094017096
bn:00070689n;10292;10298;session;0.0;0.0;0.0
bn:00024131n;10300;10306;Cookies;0.0;0.0;0.0
bn:00080778n;10308;10310;Web;0.0;0.0;0.0
bn:00101917a;10312;10320;dynamique;0.8082901554404145;0.00022837113119540868;0.08547008547008547
bn:00049910n;10324;10330;langage;0.793440555029959;0.011786292637695348;0.5811965811965812
bn:01753580n;10332;10334;Php;1.0;0.01022312152301293;0.4829059829059829
bn:03513073n;10336;10340;Cathy;1.0;5.855670030651505e-07;0.004273504273504274
bn:14352118n;10352;10361;formulaire;0.0;0.0;0.0
bn:00021475n;10363;10369;fichier;0.9539033680232732;0.009312272049745088;0.48717948717948717
bn:01753580n;10371;10373;PHP;1.0;0.01022312152301293;0.4829059829059829
bn:00087116v;10375;10381;traiter;0.0;0.0;0.0
bn:00088815v;10383;10388;donner;0.0;0.0;0.0
bn:14352118n;10390;10399;formulaire;0.0;0.0;0.0
bn:00041249n;10407;10416;généralité;0.9147727272727273;9.427628749348922e-05;0.05982905982905983
bn:00113501a;10418;10425;variable;0.0;0.0;0.0
bn:00029423n;10438;10443;boucle;0.0;0.0;0.0
bn:00011012n;10445;10451;tableau;0.0;0.0;0.0
bn:00036821n;10453;10460;fonction;0.0;0.0;0.0
bn:14352118n;10462;10471;formulaire;0.0;0.0;0.0
bn:00103624a;10479;10484;global;0.9411764705882353;4.684536024521204e-06;0.017094017094017096
bn:00070689n;10486;10492;session;0.0;0.0;0.0
bn:00024131n;10494;10500;Cookies;0.0;0.0;0.0
bn:00045088n;10502;10505;http;0.9748302037554935;0.007143917437394836;0.42735042735042733
bn:00167255n;10539;10541;ext;1.0;0.0008637113295210969;0.21367521367521367
bn:00023310n;10553;10557;cours;0.0;0.0;0.0
bn:00023310n;10559;10562;cour;0.0;0.0;0.0
bn:00032100n;10566;10572;exemple;0.0;0.0;0.0
bn:01753580n;10576;10578;php;1.0;0.01022312152301293;0.4829059829059829
bn:00080778n;10595;10597;Web;0.0;0.0;0.0
bn:00101917a;10599;10607;dynamique;0.8082901554404145;0.00022837113119540868;0.08547008547008547
bn:00049910n;10611;10617;langage;0.793440555029959;0.011786292637695348;0.5811965811965812
bn:01753580n;10619;10621;Php;1.0;0.01022312152301293;0.4829059829059829
bn:03513073n;10623;10627;Cathy;1.0;5.855670030651505e-07;0.004273504273504274
bn:00113501a;10639;10646;variable;0.0;0.0;0.0
bn:00113501a;10664;10671;variable;0.0;0.0;0.0
bn:00113501a;10689;10696;variable;0.0;0.0;0.0
bn:00086008v;10698;10702;créer;0.0;0.0;0.0
bn:00114825r;10704;10718;automatiquement;0.9411764705882353;4.684536024521204e-06;0.017094017094017096
bn:01753580n;10720;10722;PHP;1.0;0.01022312152301293;0.4829059829059829
bn:00051677n;10730;10739;chargement;0.0;0.0;0.0
bn:00060158n;10747;10750;page;0.0;0.0;0.0
bn:00082272v;10759;10767;connaître;0.0;0.0;0.0
bn:00103574a;10769;10778;accessible;0.0;0.0;0.0
bn:00060158n;10785;10788;page;0.0;0.0;0.0
bn:00047172n;10790;10793;site;0.9896705020920502;0.008864313292400249;0.49572649572649574
bn:00056758n;10797;10799;nom;0.0;0.0;0.0
bn:00083342v;10801;10809;commencer;0.0;0.0;0.0
bn:00114251r;10811;10818;toujours;0.0;0.0;0.0
bn:00041249n;10820;10829;généralité;0.9147727272727273;9.427628749348922e-05;0.05982905982905983
bn:00092123v;10833;10838;écrire;0.0;0.0;0.0
bn:00015499n;10840;10848;majuscule;0.0;0.0;0.0
bn:02578196n;10851;10853;GET;0.9846153846153847;1.8738144098084816e-05;0.03418803418803419
bn:01500184n;10856;10859;POST;0.9948005093378608;0.0027448453268678927;0.32051282051282054
bn:00113501a;10865;10872;variable;0.0;0.0;0.0
bn:00011012n;10876;10882;tableau;0.0;0.0;0.0
bn:03848413n;10876;10893;tableau associatif;0.0;0.0;0.0
bn:00097619a;10884;10893;associatif;1.0;1.7567010091954514e-06;0.008547008547008548
bn:00029423n;10906;10911;boucle;0.0;0.0;0.0
bn:00114306r;10921;10924;tout;0.8521739130434782;0.0002869278315019237;0.11965811965811966
bn:00113501a;10926;10933;variable;0.0;0.0;0.0
bn:00103624a;10935;10940;global;0.9411764705882353;4.684536024521204e-06;0.017094017094017096
bn:00011012n;10942;10948;tableau;0.0;0.0;0.0
bn:02578196n;10951;10953;GET;0.9846153846153847;1.8738144098084816e-05;0.03418803418803419
bn:00091458v;10955;10960;passer;0.0;0.0;0.0
bn:00113501a;10962;10969;variable;0.0;0.0;0.0
bn:00036821n;10978;10985;fonction;0.0;0.0;0.0
bn:01500184n;10988;10991;POST;0.9948005093378608;0.0027448453268678927;0.32051282051282054
bn:00091458v;10993;10998;passer;0.0;0.0;0.0
bn:00079582n;11000;11007;variable;0.0;0.0;0.0
bn:00091458v;11014;11019;passer;0.0;0.0;0.0
bn:14352118n;11028;11037;formulaire;0.0;0.0;0.0
bn:00085750v;11047;11055;récupérer;0.0;0.0;0.0
bn:00046698n;11057;11067;information;0.0;0.0;0.0
bn:00080344n;11069;11075;serveur;0.0;0.0;0.0
bn:01199166n;11078;11080;ENV;1.0;0.0002377402032444511;0.11965811965811966
bn:00114306r;11082;11085;tout;0.8521739130434782;0.0002869278315019237;0.11965811965811966
bn:00113501a;11087;11094;variable;0.0;0.0;0.0
bn:00031074n;11099;11111;environnement;0.0;0.0;0.0
bn:00100450a;11113;11117;super;0.0;0.0;0.0
bn:00103624a;11119;11124;global;0.9411764705882353;4.684536024521204e-06;0.017094017094017096
bn:00065682n;11127;11131;FILES;0.0;0.0;0.0
bn:00093485v;11133;11139;envoyer;0.0;0.0;0.0
bn:00021475n;11141;11147;fichier;0.9539033680232732;0.009312272049745088;0.48717948717948717
bn:00080344n;11149;11155;serveur;0.0;0.0;0.0
bn:00070689n;11157;11163;session;0.0;0.0;0.0
bn:00070689n;11166;11172;SESSION;0.0;0.0;0.0
bn:00091448v;11174;11181;partager;0.0;0.0;0.0
bn:00113501a;11183;11190;variable;0.0;0.0;0.0
bn:00047172n;11197;11200;site;0.989799921537858;0.008864313292400249;0.49572649572649574
bn:00024131n;11202;11208;Cookies;0.0;0.0;0.0
bn:00024131n;11211;11216;COOKIE;0.0;0.0;0.0
bn:00089368v;11218;11224;stocker;0.0;0.0;0.0
bn:00024131n;11226;11232;cookies;0.0;0.0;0.0
bn:00087679v;11234;11244;enregistrer;0.0;0.0;0.0
bn:00080778n;11246;11248;Web;0.0;0.0;0.0
bn:00101917a;11250;11258;dynamique;0.8082901554404145;0.00022837113119540868;0.08547008547008547
bn:00049910n;11262;11268;langage;0.793440555029959;0.011786292637695348;0.5811965811965812
bn:01753580n;11270;11272;Php;1.0;0.01022312152301293;0.4829059829059829
bn:03513073n;11274;11278;Cathy;1.0;5.855670030651505e-07;0.004273504273504274
bn:00113501a;11290;11297;variable;0.0;0.0;0.0
bn:00041249n;11319;11328;généralité;0.9147727272727273;9.427628749348922e-05;0.05982905982905983
bn:00113501a;11330;11337;variable;0.0;0.0;0.0
bn:00029423n;11350;11355;boucle;0.0;0.0;0.0
bn:00011012n;11357;11363;tableau;0.0;0.0;0.0
bn:00036821n;11365;11372;fonction;0.0;0.0;0.0
bn:14352118n;11374;11383;formulaire;0.0;0.0;0.0
bn:00103624a;11391;11396;global;0.9411764705882353;4.684536024521204e-06;0.017094017094017096
bn:00070689n;11398;11404;session;0.0;0.0;0.0
bn:00024131n;11406;11412;Cookies;0.0;0.0;0.0
bn:00045088n;11414;11417;http;0.9748302037554935;0.007143917437394836;0.42735042735042733
bn:00167255n;11451;11453;ext;1.0;0.0008637113295210969;0.21367521367521367
bn:00023310n;11465;11469;cours;0.0;0.0;0.0
bn:00023310n;11471;11474;cour;0.0;0.0;0.0
bn:00032100n;11478;11484;exemple;0.0;0.0;0.0
bn:01753580n;11488;11490;php;1.0;0.01022312152301293;0.4829059829059829
bn:00080778n;11507;11509;Web;0.0;0.0;0.0
bn:00101917a;11511;11519;dynamique;0.8082901554404145;0.00022837113119540868;0.08547008547008547
bn:00049910n;11523;11529;langage;0.793440555029959;0.011786292637695348;0.5811965811965812
bn:01753580n;11531;11533;Php;1.0;0.01022312152301293;0.4829059829059829
bn:03513073n;11535;11539;Cathy;1.0;5.855670030651505e-07;0.004273504273504274
bn:00113501a;11551;11558;variable;0.0;0.0;0.0
bn:00041249n;11580;11589;généralité;0.9147727272727273;9.427628749348922e-05;0.05982905982905983
bn:00113501a;11591;11598;variable;0.0;0.0;0.0
bn:00029423n;11611;11616;boucle;0.0;0.0;0.0
bn:00011012n;11618;11624;tableau;0.0;0.0;0.0
bn:00036821n;11626;11633;fonction;0.0;0.0;0.0
bn:14352118n;11635;11644;formulaire;0.0;0.0;0.0
bn:00103624a;11652;11657;global;0.9411764705882353;4.684536024521204e-06;0.017094017094017096
bn:00070689n;11659;11665;session;0.0;0.0;0.0
bn:00024131n;11667;11673;Cookies;0.0;0.0;0.0
bn:00045088n;11675;11678;http;0.9748302037554935;0.007143917437394836;0.42735042735042733
bn:00167255n;11712;11714;ext;1.0;0.0008637113295210969;0.21367521367521367
bn:00023310n;11726;11730;cours;0.0;0.0;0.0
bn:00023310n;11732;11735;cour;0.0;0.0;0.0
bn:00032100n;11739;11745;exemple;0.0;0.0;0.0
bn:01753580n;11749;11751;php;1.0;0.01022312152301293;0.4829059829059829
bn:00080778n;11768;11770;Web;0.0;0.0;0.0
bn:00101917a;11772;11780;dynamique;0.8082901554404145;0.00022837113119540868;0.08547008547008547
bn:00049910n;11784;11790;langage;0.793440555029959;0.011786292637695348;0.5811965811965812
bn:01753580n;11792;11794;Php;1.0;0.01022312152301293;0.4829059829059829
bn:03513073n;11796;11800;Cathy;1.0;5.855670030651505e-07;0.004273504273504274
bn:00113501a;11812;11819;variable;0.0;0.0;0.0
bn:00070689n;11821;11827;session;0.0;0.0;0.0
bn:00030721n;11831;11838;objectif;0.0;0.0;0.0
bn:00087107v;11840;11844;faire;0.0;0.0;0.0
bn:00087256v;11840;11851;faire passer;0.0;0.0;0.0
bn:00091458v;11846;11851;passer;0.0;0.0;0.0
bn:00113501a;11853;11860;variable;0.0;0.0;0.0
bn:00060158n;11876;11879;page;0.0;0.0;0.0
bn:00047172n;11887;11890;site;0.9896705020920502;0.008864313292400249;0.49572649572649574
bn:00113501a;11894;11901;variable;0.0;0.0;0.0
bn:00103624a;11903;11908;global;0.9411764705882353;4.684536024521204e-06;0.017094017094017096
bn:00036838n;11912;11925;fonctionnement;0.0;0.0;0.0
bn:00041249n;11927;11936;généralité;0.9147727272727273;9.427628749348922e-05;0.05982905982905983
bn:00021901n;11940;11948;connexion;0.0;0.0;0.0
bn:00019764n;11950;11955;client;0.9640027690177678;0.0036694556247077654;0.3547008547008547
bn:00023652n;11957;11964;création;0.0;0.0;0.0
bn:00070689n;11972;11978;session;0.0;0.0;0.0
bn:00113501a;11980;11987;variable;0.0;0.0;0.0
bn:00063814n;11991;12001;attribution;0.7293666026871402;0.00011125773058237859;0.0811965811965812
bn:00089574v;12009;12018;identifier;0.0;0.0;0.0
bn:00070689n;12020;12026;session;0.0;0.0;0.0
bn:00029423n;12041;12046;boucle;0.0;0.0;0.0
bn:00023652n;12048;12055;création;0.0;0.0;0.0
bn:00011012n;12057;12063;tableau;0.0;0.0;0.0
bn:03848413n;12057;12074;tableau associatif;0.0;0.0;0.0
bn:00097619a;12065;12074;associatif;1.0;1.7567010091954514e-06;0.008547008547008548
bn:00070689n;12077;12083;SESSION;0.0;0.0;0.0
bn:00011012n;12085;12091;tableau;0.0;0.0;0.0
bn:00101347a;12095;12103;différent;0.8993576017130621;0.0002459381412873632;0.08974358974358974
bn:00060158n;12105;12108;page;0.0;0.0;0.0
bn:00084450v;12110;12116;pouvoir;0.8;1.171134006130301e-06;0.008547008547008548
bn:00089368v;12118;12124;stocker;0.0;0.0;0.0
bn:00082209v;12126;12132;accéder;0.0;0.0;0.0
bn:00023269n;12134;12139;couple;0.0;0.0;0.0
bn:00048985n;12141;12143;clé;0.0;0.0;0.0
bn:00079508n;12145;12150;valeur;0.807920792079208;0.0010751010176276163;0.21794871794871795
bn:00070689n;12153;12159;SESSION;0.0;0.0;0.0
bn:00036821n;12161;12168;fonction;0.0;0.0;0.0
bn:00097258a;12170;12171;ex;1.0;2.9278350153257525e-07;0.004273504273504274
bn:00070689n;12174;12180;SESSION;0.0;0.0;0.0
bn:03513073n;12199;12203;Cathy;1.0;5.855670030651505e-07;0.004273504273504274
bn:14352118n;12205;12214;formulaire;0.0;0.0;0.0
bn:00100450a;12216;12220;super;0.0;0.0;0.0
bn:00103624a;12222;12227;global;0.9411764705882353;4.684536024521204e-06;0.017094017094017096
bn:00019764n;12243;12248;client;0.9640027690177678;0.0036694556247077654;0.3547008547008547
bn:16858148n;12250;12258;fermeture;0.9143730886850153;0.00140067627133184;0.2222222222222222
bn:00070689n;12260;12266;session;0.0;0.0;0.0
bn:00070689n;12271;12277;SESSION;0.0;0.0;0.0
bn:00084204v;12279;12286;détruire;0.9620991253644315;9.661855550574983e-05;0.0641025641025641
bn:00070689n;12288;12294;session;0.0;0.0;0.0
bn:00024131n;12296;12302;Cookies;0.0;0.0;0.0
bn:00080778n;12304;12306;Web;0.0;0.0;0.0
bn:00101917a;12308;12316;dynamique;0.8082901554404145;0.00022837113119540868;0.08547008547008547
bn:00049910n;12320;12326;langage;0.793440555029959;0.011786292637695348;0.5811965811965812
bn:01753580n;12328;12330;Php;1.0;0.01022312152301293;0.4829059829059829
bn:03513073n;12332;12336;Cathy;1.0;5.855670030651505e-07;0.004273504273504274
bn:00113501a;12348;12355;variable;0.0;0.0;0.0
bn:00070689n;12357;12363;session;0.0;0.0;0.0
bn:00023652n;12367;12374;création;0.0;0.0;0.0
bn:00070689n;12382;12388;session;0.0;0.0;0.0
bn:00086679v;12406;12412;indique;0.0;0.0;0.0
bn:00011012n;12414;12420;tableau;0.0;0.0;0.0
bn:00070689n;12429;12435;SESSION;0.0;0.0;0.0
bn:00084450v;12437;12443;pouvoir;0.8;1.171134006130301e-06;0.008547008547008548
bn:00083187v;12445;12448;être;0.0;0.0;0.0
bn:00082705v;12450;12457;utiliser;0.0;0.0;0.0
bn:00090224v;12468;12473;mettre;0.0;0.0;0.0
bn:00009633n;12480;12484;début;0.0;0.0;0.0
bn:00090142v;12486;12491;savoir;0.0;0.0;0.0
bn:01431715n;12493;12498;script;0.9001362132710644;0.006800698858621089;0.41735537190082644
bn:00020352n;12511;12514;code;0.0;0.0;0.0
bn:00045087n;12516;12519;HTML;1.0;0.008439935147989958;0.4297520661157025
bn:00041249n;12521;12530;généralité;0.7445255474452555;0.00011996563337443921;0.07024793388429752
bn:16858148n;12534;12542;fermeture;0.8530366249420491;0.0010820429676910203;0.19008264462809918
bn:03751534n;12544;12550;session;0.8346194784459819;0.0018444716131320027;0.21074380165289255
bn:00113501a;12568;12575;variable;0.0;0.0;0.0
bn:00026163n;12579;12589;destruction;0.0;0.0;0.0
bn:03751534n;12592;12598;SESSION;0.8346194784459819;0.0018444716131320027;0.21074380165289255
bn:00029423n;12611;12616;boucle;0.0;0.0;0.0
bn:00011012n;12618;12624;tableau;0.0;0.0;0.0
bn:00090161v;12642;12648;manquer;0.9605911330049262;5.733651595101874e-05;0.05371900826446281
bn:00026163n;12650;12660;destruction;0.0;0.0;0.0
bn:00097823a;12662;12672;automatique;0.0;0.0;0.0
bn:03751534n;12675;12681;SESSION;0.8346194784459819;0.0018444716131320027;0.21074380165289255
bn:00099475a;12689;12695;certain;0.0;0.0;0.0
bn:00077270n;12697;12701;temps;0.76877866334209;0.005076780945693793;0.40082644628099173
bn:00036821n;12703;12710;fonction;0.0;0.0;0.0
bn:00046222n;12715;12724;inactivité;0.7370689655172413;0.00010055942797563286;0.0743801652892562
bn:16858148n;12726;12734;fermeture;0.8530366249420491;0.0010820429676910203;0.19008264462809918
bn:00013447n;12736;12745;navigateur;1.0;0.01034615377829998;0.45867768595041325
bn:14352118n;12747;12756;formulaire;0.0;0.0;0.0
bn:00103624a;12764;12769;global;1.0;2.6463007362008646e-06;0.012396694214876033
bn:03751534n;12771;12777;session;0.8346194784459819;0.0018444716131320027;0.21074380165289255
bn:00024131n;12779;12785;Cookies;0.0;0.0;0.0
bn:00080778n;12787;12789;Web;0.0;0.0;0.0
bn:00101917a;12791;12799;dynamique;0.0;0.0;0.0
bn:00049910n;12803;12809;langage;0.7472522072433619;0.013413510364971917;0.5495867768595041
bn:01753580n;12811;12813;Php;1.0;0.009055347085864226;0.4256198347107438
bn:03513073n;12815;12819;Cathy;1.0;2.1170405889606917e-05;0.024793388429752067
bn:00113501a;12831;12838;variable;0.0;0.0;0.0
bn:03751534n;12840;12846;session;0.8346194784459819;0.0018444716131320027;0.21074380165289255
bn:00021475n;12848;12854;fichier;0.9483713217728563;0.009921863560262442;0.47107438016528924
bn:00041249n;12866;12875;généralité;0.7445255474452555;0.00011996563337443921;0.07024793388429752
bn:00113501a;12877;12884;variable;0.0;0.0;0.0
bn:00029423n;12897;12902;boucle;0.0;0.0;0.0
bn:00011012n;12904;12910;tableau;0.0;0.0;0.0
bn:00036821n;12912;12919;fonction;0.0;0.0;0.0
bn:14352118n;12921;12930;formulaire;0.0;0.0;0.0
bn:00103624a;12938;12943;global;1.0;2.6463007362008646e-06;0.012396694214876033
bn:03751534n;12945;12951;session;0.8332890541976621;0.0018444716131320027;0.21074380165289255
bn:00024131n;12953;12959;Cookies;0.0;0.0;0.0
bn:00045088n;12961;12964;http;0.979050042408821;0.006788055421770352;0.40082644628099173
bn:00167255n;12998;13000;ext;1.0;0.0009350262601243056;0.2190082644628099
bn:00023310n;13012;13016;cours;0.0;0.0;0.0
bn:00023310n;13018;13021;cour;0.0;0.0;0.0
bn:00032100n;13025;13031;exemple;0.0;0.0;0.0
bn:01753580n;13035;13037;php;1.0;0.009055347085864226;0.4256198347107438
bn:00080778n;13054;13056;Web;0.0;0.0;0.0
bn:00101917a;13058;13066;dynamique;0.0;0.0;0.0
bn:00049910n;13070;13076;langage;0.7459166939980322;0.01337440392075917;0.5495867768595041
bn:01753580n;13078;13080;Php;1.0;0.009055347085864226;0.4256198347107438
bn:03513073n;13082;13086;Cathy;1.0;2.1170405889606917e-05;0.024793388429752067
bn:00113501a;13098;13105;variable;0.0;0.0;0.0
bn:03751534n;13107;13113;session;0.8332890541976621;0.0018444716131320027;0.21074380165289255
bn:00021475n;13115;13121;fichier;0.9483713217728563;0.009921863560262442;0.47107438016528924
bn:00041249n;13133;13142;généralité;0.7445255474452555;0.00011996563337443921;0.07024793388429752
bn:00113501a;13144;13151;variable;0.0;0.0;0.0
bn:00029423n;13164;13169;boucle;0.0;0.0;0.0
bn:00011012n;13171;13177;tableau;0.0;0.0;0.0
bn:00036821n;13179;13186;fonction;0.0;0.0;0.0
bn:14352118n;13188;13197;formulaire;0.0;0.0;0.0
bn:00103624a;13205;13210;global;1.0;2.6463007362008646e-06;0.012396694214876033
bn:03751534n;13212;13218;session;0.8332890541976621;0.0018444716131320027;0.21074380165289255
bn:00024131n;13220;13226;Cookies;0.0;0.0;0.0
bn:00045088n;13228;13231;http;0.979050042408821;0.006788055421770352;0.40082644628099173
bn:00167255n;13265;13267;ext;1.0;0.0009350262601243056;0.2190082644628099
bn:00023310n;13279;13283;cours;0.0;0.0;0.0
bn:00023310n;13285;13288;cour;0.0;0.0;0.0
bn:00032100n;13292;13298;exemple;0.0;0.0;0.0
bn:01753580n;13302;13304;php;1.0;0.009055347085864226;0.4256198347107438
bn:00080778n;13321;13323;Web;0.0;0.0;0.0
bn:00101917a;13325;13333;dynamique;0.0;0.0;0.0
bn:00049910n;13337;13343;langage;0.7459166939980322;0.01337440392075917;0.5495867768595041
bn:01753580n;13345;13347;Php;1.0;0.009055347085864226;0.4256198347107438
bn:03513073n;13349;13353;Cathy;1.0;2.1170405889606917e-05;0.024793388429752067
bn:00024131n;13365;13371;Cookies;0.0;0.0;0.0
bn:00024131n;13375;13380;Cookie;0.0;0.0;0.0
bn:00021475n;13382;13388;fichier;0.9483713217728563;0.009921863560262442;0.47107438016528924
bn:00028018n;13382;13394;fichier texte;1.0;0.007355833946393004;0.384297520661157
bn:00076732n;13390;13394;texte;0.8444055944055944;0.004544580464302285;0.34710743801652894
bn:00090271v;13396;13402;laisser;0.0;0.0;0.0
bn:00080344n;13404;13410;serveur;0.0;0.0;0.0
bn:00103937a;13420;13422;dur;0.0;0.0;0.0
bn:00019764n;13430;13435;client;0.966914059790525;0.004098825806960006;0.3512396694214876
bn:00087679v;13444;13454;enregistrer;0.0;0.0;0.0
bn:00046698n;13456;13466;information;0.0;0.0;0.0
bn:00093433v;13468;13474;visiter;0.0;0.0;0.0
bn:00047172n;13476;13479;site;0.9921877608252929;0.008738379064350389;0.4669421487603306
bn:00041249n;13481;13490;généralité;0.7445255474452555;0.00011996563337443921;0.07024793388429752
bn:00036838n;13494;13507;fonctionnement;0.0;0.0;0.0
bn:00113501a;13511;13518;variable;0.0;0.0;0.0
bn:00022191n;13520;13524;durée;0.0;0.0;0.0
bn:00086468v;13530;13536;limiter;0.0;0.0;0.0
bn:00022191n;13548;13552;durée;0.0;0.0;0.0
bn:00029680n;13558;13563;valeur;0.0;0.0;0.0
bn:00085719v;13565;13570;rester;0.0;0.0;0.0
bn:00029423n;13589;13594;boucle;0.0;0.0;0.0
bn:00080111n;13596;13601;visite;0.0;0.0;0.0
bn:00047172n;13603;13606;site;0.9921877608252929;0.008738379064350389;0.4669421487603306
bn:00114842r;13608;13620;contrairement;1.0;2.9403341513342944e-07;0.004132231404958678
bn:03751534n;13622;13628;session;0.8332890541976621;0.0018444716131320027;0.21074380165289255
bn:00011012n;13630;13636;tableau;0.0;0.0;0.0
bn:00036821n;13640;13647;fonction;0.0;0.0;0.0
bn:00090224v;13649;13654;mettre;0.0;0.0;0.0
bn:00092416v;13656;13661;œuvrer;1.0;2.6463007362008646e-06;0.012396694214876033
bn:00056758n;13673;13675;nom;0.0;0.0;0.0
bn:00083914v;13681;13686;mourir;0.0;0.0;0.0
bn:00056758n;13688;13690;nom;0.0;0.0;0.0
bn:00079476n;13692;13694;val;1.0;4.2340811779213834e-05;0.049586776859504134
bn:00056758n;13696;13698;nom;0.0;0.0;0.0
bn:00029680n;13700;13705;valeur;0.0;0.0;0.0
bn:14352118n;13714;13723;formulaire;0.0;0.0;0.0
bn:00083914v;13725;13730;mourir;0.0;0.0;0.0
bn:00058285n;13732;13737;nombre;0.8347886610984561;0.0038791828458553342;0.32644628099173556
bn:00026345n;13754;13763;expiration;0.8734177215189873;0.00010144152822103315;0.06198347107438017
bn:00100450a;13765;13769;super;0.0;0.0;0.0
bn:00103624a;13771;13776;global;1.0;2.6463007362008646e-06;0.012396694214876033
bn:00023652n;13780;13787;création;0.0;0.0;0.0
bn:00031044n;13795;13800;entrée;0.0;0.0;0.0
bn:00056758n;13802;13804;nom;0.0;0.0;0.0
bn:00079476n;13806;13808;val;1.0;4.2340811779213834e-05;0.049586776859504134
bn:00011012n;13810;13816;tableau;0.0;0.0;0.0
bn:03751534n;13818;13824;session;0.8332890541976621;0.0018444716131320027;0.21074380165289255
bn:00097619a;13826;13835;associatif;1.0;2.9403341513342944e-07;0.004132231404958678
bn:00024131n;13838;13843;COOKIE;0.0;0.0;0.0
bn:00024131n;13845;13851;Cookies;0.0;0.0;0.0
bn:00090224v;13855;13860;mettre;0.0;0.0;0.0
bn:00020352n;13873;13876;code;0.0;0.0;0.0
bn:00045087n;13878;13881;HTML;1.0;0.008439935147989958;0.4297520661157025
bn:03751534n;13889;13895;session;0.8332890541976621;0.0018444716131320027;0.21074380165289255
bn:00080778n;13897;13899;Web;0.0;0.0;0.0
bn:00101917a;13901;13909;dynamique;0.0;0.0;0.0
bn:00049910n;13913;13919;langage;0.7459166939980322;0.01337440392075917;0.5495867768595041
bn:01753580n;13921;13923;Php;1.0;0.009055347085864226;0.4256198347107438
bn:03513073n;13925;13929;Cathy;1.0;2.1170405889606917e-05;0.024793388429752067
bn:00024131n;13941;13947;Cookies;0.0;0.0;0.0
bn:00082209v;13951;13957;accéder;0.9415204678362573;0.00014201813950944642;0.08677685950413223
bn:00024131n;13959;13964;cookie;0.0;0.0;0.0
bn:00082209v;13966;13972;accéder;0.9415204678362573;0.00014201813950944642;0.08677685950413223
bn:00011012n;13974;13980;tableau;0.0;0.0;0.0
bn:00024131n;13983;13988;COOKIE;0.0;0.0;0.0
bn:00082705v;13990;13997;utiliser;0.0;0.0;0.0
bn:00056758n;13999;14001;nom;0.0;0.0;0.0
bn:00024131n;14009;14014;cookie;0.0;0.0;0.0
bn:00048985n;14022;14024;clé;0.0;0.0;0.0
bn:00032100n;14028;14034;exemple;0.0;0.0;0.0
bn:00041249n;14036;14045;généralité;0.7445255474452555;0.00011996563337443921;0.07024793388429752
bn:00023652n;14049;14056;création;0.0;0.0;0.0
bn:00024131n;14058;14063;cookie;0.0;0.0;0.0
bn:00113501a;14068;14075;variable;0.0;0.0;0.0
bn:03885719n;14091;14092;id;0.9906687402799378;0.002809489281599918;0.26859504132231404
bn:00029423n;14120;14125;boucle;0.0;0.0;0.0
bn:00056758n;14127;14129;nom;0.0;0.0;0.0
bn:00011012n;14136;14142;tableau;0.0;0.0;0.0
bn:00029680n;14144;14149;valeur;0.0;0.0;0.0
bn:00087620v;14153;14157;durer;0.0;0.0;0.0
bn:00002761n;14159;14161;vie;0.0;0.0;0.0
bn:00095974a;14167;14172;second;0.0;0.0;0.0
bn:00036821n;14180;14187;fonction;0.0;0.0;0.0
bn:00000663n;14191;14195;accès;0.0;0.0;0.0
bn:00024131n;14215;14220;COOKIE;0.0;0.0;0.0
bn:14352118n;14229;14238;formulaire;0.0;0.0;0.0
bn:00100450a;14242;14246;super;0.0;0.0;0.0
bn:00103624a;14248;14253;global;1.0;2.6463007362008646e-06;0.012396694214876033
bn:00007020n;14255;14263;attention;0.0;0.0;0.0
bn:00024131n;14265;14271;cookies;0.0;0.0;0.0
bn:00085750v;14273;14281;récupérer;0.0;0.0;0.0
bn:15364261n;14283;14285;màj;1.0;7.056801963202306e-05;0.06198347107438017
bn:00024131n;14288;14293;COOKIE;0.0;0.0;0.0
bn:00051677n;14302;14311;chargement;0.0;0.0;0.0
bn:03751534n;14329;14335;session;0.8332890541976621;0.0018444716131320027;0.21074380165289255
bn:00055305n;14337;14344;décalage;0.0;0.0;0.0
bn:00007306n;14355;14362;écriture;0.0;0.0;0.0
bn:00024131n;14370;14375;cookie;0.0;0.0;0.0
bn:00030627n;14377;14387;utilisation;0.0;0.0;0.0
bn:00024131n;14389;14395;Cookies;0.0;0.0;0.0
bn:00080778n;14397;14399;Web;0.0;0.0;0.0
bn:00101917a;14401;14409;dynamique;0.0;0.0;0.0
bn:00049910n;14413;14419;langage;0.7459166939980322;0.01337440392075917;0.5495867768595041
bn:01753580n;14421;14423;Php;1.0;0.009055347085864226;0.4256198347107438
bn:03513073n;14425;14429;Cathy;1.0;2.1170405889606917e-05;0.024793388429752067
bn:00024131n;14441;14447;Cookies;0.0;0.0;0.0
bn:00041249n;14455;14464;généralité;0.7445255474452555;0.00011996563337443921;0.07024793388429752
bn:00113501a;14466;14473;variable;0.0;0.0;0.0
bn:00029423n;14486;14491;boucle;0.0;0.0;0.0
bn:00011012n;14493;14499;tableau;0.0;0.0;0.0
bn:00036821n;14501;14508;fonction;0.0;0.0;0.0
bn:14352118n;14510;14519;formulaire;0.0;0.0;0.0
bn:00103624a;14527;14532;global;1.0;2.6463007362008646e-06;0.012396694214876033
bn:03751534n;14534;14540;session;0.8332890541976621;0.0018444716131320027;0.21074380165289255
bn:00024131n;14542;14548;Cookies;0.0;0.0;0.0
bn:00045088n;14550;14553;http;0.979050042408821;0.006788055421770352;0.40082644628099173
bn:00167255n;14587;14589;ext;1.0;0.0009350262601243056;0.2190082644628099
bn:00023310n;14601;14605;cours;0.0;0.0;0.0
bn:00023310n;14607;14610;cour;0.0;0.0;0.0
bn:00032100n;14614;14620;exemple;0.0;0.0;0.0
bn:01753580n;14624;14626;php;1.0;0.009055347085864226;0.4256198347107438
bn:00080778n;14643;14645;Web;0.0;0.0;0.0
bn:00101917a;14647;14655;dynamique;0.0;0.0;0.0
bn:00049910n;14659;14665;langage;0.7459166939980322;0.01337440392075917;0.5495867768595041
bn:01753580n;14667;14669;Php;1.0;0.009055347085864226;0.4256198347107438
bn:03513073n;14671;14675;Cathy;1.0;2.1170405889606917e-05;0.024793388429752067
bn:00028015n;14687;14694;document;0.0;0.0;0.0
bn:04007469n;14710;14714;diapo;1.0;2.9403341513342944e-07;0.004132231404958678
bn:04007469n;14716;14720;diapo;1.0;2.9403341513342944e-07;0.004132231404958678
bn:04007469n;14722;14726;diapo;1.0;2.9403341513342944e-07;0.004132231404958678
bn:04007469n;14728;14732;diapo;1.0;2.9403341513342944e-07;0.004132231404958678
bn:04007469n;14734;14738;diapo;1.0;2.9403341513342944e-07;0.004132231404958678
bn:04007469n;14740;14744;diapo;1.0;2.9403341513342944e-07;0.004132231404958678
bn:04007469n;14746;14750;diapo;1.0;2.9403341513342944e-07;0.004132231404958678
bn:04007469n;14752;14756;diapo;1.0;2.9403341513342944e-07;0.004132231404958678
bn:04007469n;14758;14762;diapo;1.0;2.9403341513342944e-07;0.004132231404958678
bn:04007469n;14764;14768;diapo;1.0;2.9403341513342944e-07;0.004132231404958678
bn:04007469n;14770;14774;diapo;1.0;2.9403341513342944e-07;0.004132231404958678
bn:04007469n;14776;14780;diapo;1.0;2.9403341513342944e-07;0.004132231404958678
bn:04007469n;14782;14786;diapo;1.0;2.9403341513342944e-07;0.004132231404958678
bn:04007469n;14788;14792;diapo;1.0;2.9403341513342944e-07;0.004132231404958678
bn:04007469n;14794;14798;diapo;1.0;2.9403341513342944e-07;0.004132231404958678
bn:04007469n;14800;14804;diapo;1.0;2.9403341513342944e-07;0.004132231404958678
bn:04007469n;14806;14810;diapo;1.0;2.9403341513342944e-07;0.004132231404958678
bn:04007469n;14812;14816;diapo;1.0;2.9403341513342944e-07;0.004132231404958678
bn:04007469n;14818;14822;diapo;1.0;2.9403341513342944e-07;0.004132231404958678
bn:04007469n;14824;14828;diapo;1.0;2.9403341513342944e-07;0.004132231404958678
bn:04007469n;14830;14834;diapo;1.0;2.9403341513342944e-07;0.004132231404958678
bn:04007469n;14836;14840;diapo;1.0;2.9403341513342944e-07;0.004132231404958678
bn:04007469n;14842;14846;diapo;1.0;2.9403341513342944e-07;0.004132231404958678
bn:04007469n;14848;14852;diapo;1.0;2.9403341513342944e-07;0.004132231404958678
bn:04007469n;14854;14858;diapo;1.0;2.9403341513342944e-07;0.004132231404958678
bn:04007469n;14860;14864;diapo;1.0;2.9403341513342944e-07;0.004132231404958678
bn:04007469n;14866;14870;diapo;1.0;2.9403341513342944e-07;0.004132231404958678
bn:04007469n;14872;14876;diapo;1.0;2.9403341513342944e-07;0.004132231404958678
bn:04007469n;14878;14882;diapo;1.0;2.9403341513342944e-07;0.004132231404958678
bn:04007469n;14884;14888;diapo;1.0;2.9403341513342944e-07;0.004132231404958678
bn:04007469n;14890;14894;diapo;1.0;2.9403341513342944e-07;0.004132231404958678
bn:04007469n;14896;14900;diapo;1.0;2.9403341513342944e-07;0.004132231404958678
bn:04007469n;14902;14906;diapo;1.0;2.9403341513342944e-07;0.004132231404958678
bn:04007469n;14908;14912;diapo;1.0;2.9403341513342944e-07;0.004132231404958678
bn:04007469n;14914;14918;diapo;1.0;2.9403341513342944e-07;0.004132231404958678
bn:04007469n;14920;14924;diapo;1.0;2.9403341513342944e-07;0.004132231404958678
