bn:01753580n;0;2;PHP;1.0;0.004957299388530166;0.42735042735042733
bn:01225760n;9;13;MYSQL;1.0;0.003169366742400286;0.3789173789173789
bn:00050344n;17;28;introduction;0.0;0.0;0.0
bn:00060158n;39;42;page;0.0;0.0;0.0
bn:00086681v;44;51;destiner;0.0;0.0;0.0
bn:00083187v;55;58;être;0.0;0.0;0.0
bn:00084099v;60;66;publier;0.0;0.0;0.0
bn:00024712n;72;79;Internet;0.9821388702835454;0.0137729431643016;0.7094017094017094
bn:00076732n;81;85;texte;0.9030321592649311;0.0025642283363407617;0.3333333333333333
bn:00087013v;89;96;afficher;0.8130081300813008;3.478806588442222e-05;0.05698005698005698
bn:00020945n;100;110;instruction;0.0;0.0;0.0
bn:01681906n;115;126;mise en page;1.0;0.0016280814833909598;0.2962962962962963
bn:00060158n;123;126;page;0.0;0.0;0.0
bn:00020945n;138;148;instruction;0.0;0.0;0.0
bn:00014694n;153;158;calcul;0.0;0.0;0.0
bn:00047235n;166;175;traitement;0.0;0.0;0.0
bn:00100214a;177;188;conditionnel;0.9529411764705882;2.8178333366381995e-05;0.05128205128205128
bn:00047172n;197;200;site;0.9858519043494238;0.006532850892435649;0.5071225071225072
bn:00115880r;205;208;plus;0.0;0.0;0.0
bn:00115880r;213;216;plus;0.0;0.0;0.0
bn:00109833a;218;222;riche;0.0;0.0;0.0
bn:00046698n;227;237;information;0.0;0.0;0.0
bn:00023751n;250;258;croissant;0.0;0.0;0.0
bn:00082573v;264;272;améliorer;0.0;0.0;0.0
bn:00022154n;277;283;contenu;0.0;0.0;0.0
bn:00047172n;288;291;site;0.9858519043494238;0.006532850892435649;0.5071225071225072
bn:00090224v;295;300;mettre;0.0;0.0;0.0
bn:00079238n;295;307;mettre à jour;0.0;0.0;0.0
bn:00000086n;304;307;jour;0.0;0.0;0.0
bn:00106403a;309;314;manuel;0.0;0.0;0.0
bn:00115274r;316;319;trop;0.8836633663366337;3.1048348801846826e-05;0.04843304843304843
bn:00100148a;321;328;complexe;0.8015267175572519;6.392307106262583e-05;0.05982905982905983
bn:00032100n;338;344;exemple;0.0;0.0;0.0
bn:00090884v;348;355;modifier;0.0;0.0;0.0
bn:00060158n;385;388;page;0.0;0.0;0.0
bn:00057164n;392;397;besoin;0.0;0.0;0.0
bn:00004451n;402;408;réponse;0.0;0.0;0.0
bn:00111001a;410;419;spécifique;0.0;0.0;0.0
bn:00085623v;421;424;lier;0.0;0.0;0.0
bn:00007708n;431;432;BD;0.0;0.0;0.0
bn:00032100n;438;444;exemple;0.0;0.0;0.0
bn:00060872n;446;452;passage;0.0;0.0;0.0
bn:00047172n;457;460;site;0.9856449284870752;0.006532850892435649;0.5071225071225072
bn:00102102a;462;469;statique;0.0;0.0;0.0
bn:00047172n;476;479;site;0.9856449284870752;0.006532850892435649;0.5071225071225072
bn:00029296n;481;489;dynamique;0.0;0.0;0.0
bn:00080778n;491;493;Web;0.0;0.0;0.0
bn:00101917a;495;503;dynamique;0.0;0.0;0.0
bn:00019764n;513;518;client;0.8751893195714365;0.0027138170196437774;0.33048433048433046
bn:00087116v;522;528;traiter;0.0;0.0;0.0
bn:00013447n;537;546;navigateur;0.9961696342196774;0.0066272135211471435;0.5156695156695157
bn:00021961n;552;559;résultat;0.0;0.0;0.0
bn:00113501a;561;568;variable;0.0;0.0;0.0
bn:00036821n;573;580;fonction;0.0;0.0;0.0
bn:00013447n;585;594;navigateur;0.9961696342196774;0.0066272135211471435;0.5156695156695157
bn:00054378n;612;615;test;0.0;0.0;0.0
bn:00104680a;617;625;important;0.0;0.0;0.0
bn:00104928a;629;639;indépendant;0.0;0.0;0.0
bn:00080344n;652;658;serveur;0.0;0.0;0.0
bn:00591140n;663;674;rechargement;0.0;0.0;0.0
bn:00060158n;682;685;page;0.0;0.0;0.0
bn:00083187v;694;697;être;0.0;0.0;0.0
bn:00087107v;699;703;faire;0.0;0.0;0.0
bn:00106108a;708;712;local;0.0;0.0;0.0
bn:00006565n;714;722;confiance;0.0;0.0;0.0
bn:00040284n;728;733;source;0.0;0.0;0.0
bn:00023295n;738;746;programme;0.0;0.0;0.0
bn:00097846a;748;757;disponible;0.0;0.0;0.0
bn:00093485v;768;774;envoyer;0.0;0.0;0.0
bn:00080344n;779;785;serveur;0.0;0.0;0.0
bn:00101187a;791;796;fiable;0.0;0.0;0.0
bn:00008786n;800;803;base;0.0;0.0;0.0
bn:00025333n;800;813;base de donnée;1.0;0.00746899774538545;0.5413105413105413
bn:00089368v;815;821;stocker;0.0;0.0;0.0
bn:00019764n;831;836;client;0.8751893195714365;0.0027138170196437774;0.33048433048433046
bn:00080778n;840;842;Web;0.0;0.0;0.0
bn:00101917a;844;852;dynamique;0.0;0.0;0.0
bn:00080344n;862;868;serveur;0.0;0.0;0.0
bn:00047199n;875;888;interprétation;0.0;0.0;0.0
bn:00083187v;890;893;être;0.0;0.0;0.0
bn:00082225v;895;902;réaliser;0.0;0.0;0.0
bn:00080344n;911;917;serveur;0.0;0.0;0.0
bn:00036335n;923;933;indépendant;0.9176788124156545;0.00011827942400703553;0.09686609686609686
bn:00054050n;941;947;machine;0.7538754419363611;0.00048216259315809193;0.18803418803418803
bn:00013447n;955;964;navigateur;0.9961696342196774;0.0066272135211471435;0.5156695156695157
bn:00100128a;972;981;compatible;0.9178470254957507;2.8178333366381995e-05;0.05128205128205128
bn:00013447n;1000;1009;navigateur;0.9961696342196774;0.0066272135211471435;0.5156695156695157
bn:00032125n;1023;1029;échange;0.0;0.0;0.0
bn:00083240v;1034;1042;concerner;0.8203947368421053;0.00021690359078937254;0.1225071225071225
bn:00802141n;1061;1064;Json;1.0;0.0021114616588550064;0.3475783475783476
bn:03870834n;1069;1073;autre;1.0;5.566090541507555e-06;0.022792022792022793
bn:00040284n;1077;1082;source;0.0;0.0;0.0
bn:00083187v;1084;1087;être;0.0;0.0;0.0
bn:00080344n;1096;1102;serveur;0.0;0.0;0.0
bn:00115635r;1104;1107;donc;0.0;0.0;0.0
bn:00105385a;1109;1117;invisible;1.0;6.105305562716099e-05;0.07407407407407407
bn:00057164n;1119;1124;besoin;0.0;0.0;0.0
bn:00032125n;1129;1135;échange;0.0;0.0;0.0
bn:00013447n;1146;1155;navigateur;0.9961696342196774;0.0066272135211471435;0.5156695156695157
bn:00080344n;1163;1169;serveur;0.0;0.0;0.0
bn:00591140n;1173;1184;rechargement;0.0;0.0;0.0
bn:00850961n;1191;1194;ajax;0.9978551205422256;0.00303456298709815;0.3475783475783476
bn:00060158n;1206;1209;page;0.0;0.0;0.0
bn:00001410n;1220;1231;modification;0.0;0.0;0.0
bn:00080778n;1233;1235;Web;0.0;0.0;0.0
bn:00101917a;1237;1245;dynamique;0.0;0.0;0.0
bn:00019764n;1249;1254;client;0.8751893195714365;0.0027138170196437774;0.33048433048433046
bn:00080344n;1259;1265;serveur;0.0;0.0;0.0
bn:00032604n;1299;1302;côté;0.0;0.0;0.0
bn:03163702n;1299;1309;côté client;1.0;0.0020343191227563;0.32193732193732194
bn:00019764n;1304;1309;client;0.8751893195714365;0.0027138170196437774;0.33048433048433046
bn:00055423n;1313;1322;Javascript;1.0;0.004950515715682704;0.452991452991453
bn:00014694n;1328;1333;calcul;0.0;0.0;0.0
bn:00047235n;1338;1347;traitement;0.0;0.0;0.0
bn:00110649a;1349;1354;simple;0.0;0.0;0.0
bn:00090224v;1358;1363;mettre;0.0;0.0;0.0
bn:00079238n;1358;1370;mettre à jour;0.0;0.0;0.0
bn:00000086n;1367;1370;jour;0.0;0.0;0.0
bn:00060158n;1378;1381;page;0.0;0.0;0.0
bn:00080778n;1378;1385;page web;1.0;0.005001828112862226;0.45014245014245013
bn:00080778n;1383;1385;web;0.0;0.0;0.0
bn:00591140n;1392;1403;rechargement;0.0;0.0;0.0
bn:00850961n;1407;1410;ajax;0.9978551205422256;0.00303456298709815;0.3475783475783476
bn:01431715n;1418;1423;script;0.9316040621558791;0.003973145004659861;0.4017094017094017
bn:00032604n;1425;1428;côté;0.0;0.0;0.0
bn:03816678n;1425;1436;côté serveur;1.0;0.001913343623643222;0.31339031339031337
bn:00080344n;1430;1436;serveur;0.0;0.0;0.0
bn:01753580n;1440;1442;Php;1.0;0.004957299388530166;0.42735042735042733
bn:00101268a;1447;1451;autre;0.0;0.0;0.0
bn:00014694n;1457;1462;calcul;0.0;0.0;0.0
bn:00047235n;1466;1475;traitement;0.0;0.0;0.0
bn:03684159n;1482;1491;conséquent;1.0;5.566090541507555e-06;0.022792022792022793
bn:00006362n;1495;1501;requête;0.0;0.0;0.0
bn:00008786n;1511;1514;base;0.0;0.0;0.0
bn:00025333n;1511;1524;base de donnée;1.0;0.00746899774538545;0.5413105413105413
bn:00025314n;1519;1524;donnée;0.8389346540658008;0.005774818936814088;0.5698005698005698
bn:00059127n;1528;1536;opération;0.0;0.0;0.0
bn:00083169v;1538;1546;sécuriser;1.0;2.1742541177763887e-06;0.014245014245014245
bn:00049910n;1553;1559;langage;0.7915606950900184;0.005494775006444489;0.5128205128205128
bn:01753580n;1561;1563;Php;1.0;0.004957299388530166;0.42735042735042733
bn:00044268n;1567;1574;histoire;0.8613702576189073;0.0022885329142067153;0.33618233618233617
bn:01753580n;1582;1584;PHP;1.0;0.004957299388530166;0.42735042735042733
bn:01753580n;1582;1609;PHP : Hypertext PreProcessor;1.0;0.004957299388530166;0.42735042735042733
bn:04725264n;1588;1596;Hypertext;1.0;1.7394032942211109e-06;0.011396011396011397
bn:00103006a;1614;1620;premier;0.7368421052631579;6.818460913346754e-05;0.07977207977207977
bn:01753580n;1633;1635;PHP;1.0;0.004957299388530166;0.42735042735042733
bn:00087845v;1660;1665;sortir;0.0;0.0;0.0
bn:00108977a;1681;1686;actuel;0.0;0.0;0.0
bn:00083187v;1688;1691;être;0.0;0.0;0.0
bn:00087845v;1693;1698;sortir;0.0;0.0;0.0
bn:00083187v;1723;1726;être;0.0;0.0;0.0
bn:00115880r;1728;1731;plus;0.0;0.0;0.0
bn:00089384v;1733;1741;maintenir;0.0;0.0;0.0
bn:00007140n;1750;1753;août;0.7901234567901234;1.113218108301511e-05;0.022792022792022793
bn:00114074r;1757;1763;environ;0.8601190476190477;2.513437760149505e-05;0.04843304843304843
bn:00047172n;1770;1773;site;0.9858519043494238;0.006532850892435649;0.5071225071225072
bn:00047172n;1770;1777;site web;1.0;0.006600687620910271;0.50997150997151
bn:02246184n;1770;1787;site web dynamique;0.0;0.0;0.0
bn:00080778n;1775;1777;web;0.0;0.0;0.0
bn:00101917a;1779;1787;dynamique;0.0;0.0;0.0
bn:00082705v;1789;1796;utiliser;0.7613793103448275;9.601506184100532e-05;0.06837606837606838
bn:01753580n;1798;1800;php;1.0;0.004957299388530166;0.42735042735042733
bn:00049910n;1807;1813;langage;0.7915606950900184;0.005494775006444489;0.5128205128205128
bn:01753580n;1815;1817;Php;1.0;0.004957299388530166;0.42735042735042733
bn:00049910n;1823;1829;langage;0.7915606950900184;0.005494775006444489;0.5128205128205128
bn:00023652n;1839;1846;création;0.0;0.0;0.0
bn:00005092n;1852;1862;application;0.0;0.0;0.0
bn:02246184n;1852;1866;application Web;1.0;0.0038008571083672604;0.3903133903133903
bn:00080778n;1864;1866;Web;0.0;0.0;0.0
bn:00019966n;1868;1876;exécution;0.0;0.0;0.0
bn:00080344n;1884;1890;serveur;0.0;0.0;0.0
bn:00036335n;1894;1904;indépendant;0.9176788124156545;0.00011827942400703553;0.09686609686609686
bn:00062900n;1912;1922;plate-forme;0.9888726936613459;0.002419162101602721;0.3475783475783476
bn:00082705v;1924;1931;utiliser;0.7613793103448275;9.601506184100532e-05;0.06837606837606838
bn:00101973a;1935;1940;facile;0.0;0.0;0.0
bn:00085317v;1944;1951;combiner;0.0;0.0;0.0
bn:00080344n;1961;1967;serveur;0.0;0.0;0.0
bn:02705179n;1961;1971;serveur Web;0.75093399750934;0.0031465805592459897;0.38461538461538464
bn:00080778n;1969;1971;Web;0.0;0.0;0.0
bn:00021497n;1984;1991;logiciel;0.0;0.0;0.0
bn:00114203r;1999;2002;tout;0.8414634146341463;5.400847228556549e-05;0.06552706552706553
bn:03978910n;2012;2021;WampServer;1.0;0.0011682702225636092;0.28774928774928776
bn:14837849n;2025;2031;EasyPhp;1.0;0.0011594862359277924;0.28774928774928776
bn:00098097a;2043;2049;gratuit;0.0;0.0;0.0
bn:16739384n;2053;2057;coder;1.0;1.0436419765326665e-06;0.008547008547008548
bn:00040284n;2059;2064;source;0.0;0.0;0.0
bn:00097846a;2066;2075;disponible;0.0;0.0;0.0
bn:00081714n;2077;2084;Ecriture;0.9848975188781014;0.0014292676868614869;0.23646723646723647
bn:01431715n;2089;2094;script;0.9316040621558791;0.003973145004659861;0.4017094017094017
bn:00110649a;2096;2101;simple;0.0;0.0;0.0
bn:00017049n;2103;2111;inclusion;0.0;0.0;0.0
bn:00101411a;2113;2118;direct;0.0;0.0;0.0
bn:01753580n;2123;2125;Php;1.0;0.004957299388530166;0.42735042735042733
bn:00049910n;2143;2149;langage;0.7915606950900184;0.005494775006444489;0.5128205128205128
bn:01753580n;2151;2153;Php;1.0;0.004957299388530166;0.42735042735042733
bn:00023295n;2157;2165;programme;0.0;0.0;0.0
bn:00087823v;2170;2177;exécuter;0.0;0.0;0.0
bn:00032604n;2179;2182;côté;0.0;0.0;0.0
bn:03816678n;2179;2190;côté serveur;1.0;0.001913343623643222;0.31339031339031337
bn:00080344n;2184;2190;serveur;0.0;0.0;0.0
bn:02705179n;2184;2194;serveur Web;0.75093399750934;0.0031465805592459897;0.38461538461538464
bn:00080778n;2192;2194;Web;0.0;0.0;0.0
bn:00032412n;2198;2206;extension;0.0;0.0;0.0
bn:01753580n;2209;2211;php;1.0;0.004957299388530166;0.42735042735042733
bn:00060158n;2221;2224;page;0.0;0.0;0.0
bn:01753580n;2226;2228;PHP;1.0;0.004957299388530166;0.42735042735042733
bn:00021475n;2232;2238;fichier;0.8586523911854838;0.005872834312443447;0.5213675213675214
bn:13601970v;2240;2246;pouvoir;0.0;0.0;0.0
bn:00114246r;2248;2252;aussi;0.0;0.0;0.0
bn:00083225v;2254;2261;contenir;0.0;0.0;0.0
bn:00021475n;2276;2282;fichier;0.8586523911854838;0.005872834312443447;0.5213675213675214
bn:01753580n;2285;2287;php;1.0;0.004957299388530166;0.42735042735042733
bn:00083187v;2289;2292;être;0.0;0.0;0.0
bn:00089368v;2294;2300;stocker;0.0;0.0;0.0
bn:00080344n;2309;2315;serveur;0.0;0.0;0.0
bn:00086585v;2319;2326;désigner;0.0;0.0;0.0
bn:00051677n;2387;2396;chargement;0.0;0.0;0.0
bn:00082408v;2408;2416;provoquer;0.0;0.0;0.0
bn:00019966n;2421;2429;exécution;0.0;0.0;0.0
bn:00110607a;2431;2434;côté;0.0;0.0;0.0
bn:03816678n;2431;2442;côté serveur;1.0;0.001913343623643222;0.31339031339031337
bn:00080344n;2436;2442;serveur;0.0;0.0;0.0
bn:01431715n;2449;2454;script;0.9316040621558791;0.003973145004659861;0.4017094017094017
bn:01753580n;2456;2458;Php;1.0;0.004957299388530166;0.42735042735042733
bn:00087905v;2460;2464;aller;0.0;0.0;0.0
bn:00114778r;2466;2477;généralement;0.9502643754130866;0.0005001654172532804;0.2022792022792023
bn:00086008v;2479;2483;créer;0.0;0.0;0.0
bn:00032100n;2493;2499;exemple;0.0;0.0;0.0
bn:00095629v;2506;2512;vouloir;0.8195077484047402;0.00015637235615047787;0.08262108262108261
bn:00086008v;2514;2518;créer;0.0;0.0;0.0
bn:00060158n;2523;2526;page;0.0;0.0;0.0
bn:00080778n;2523;2530;page web;1.0;0.005001828112862226;0.45014245014245013
bn:00080778n;2528;2530;web;0.0;0.0;0.0
bn:00058285n;2553;2558;nombre;0.7812694784957407;0.0013081182474189864;0.2535612535612536
bn:00097433a;2560;2569;quelconque;1.0;3.1309259295979996e-06;0.017094017094017096
bn:00029680n;2574;2579;valeur;0.0;0.0;0.0
bn:00085322v;2583;2587;venir;0.0;0.0;0.0
bn:14352118n;2595;2604;formulaire;0.0;0.0;0.0
bn:00032100n;2610;2616;exemple;0.0;0.0;0.0
bn:00011776n;2633;2636;body;0.0;0.0;0.0
bn:00011776n;2677;2680;body;0.0;0.0;0.0
bn:00055423n;2703;2712;Javascript;1.0;0.004950515715682704;0.452991452991453
bn:02234787n;2716;2724;insertion;0.9943181818181818;0.00024351646119095553;0.14245014245014245
bn:00055423n;2729;2738;javascript;1.0;0.004950515715682704;0.452991452991453
bn:00947370n;2748;2753;balise;0.0;0.0;0.0
bn:00084179v;2766;2772;boucler;1.0;5.218209882663332e-07;0.005698005698005698
bn:00099753a;2778;2786;classique;0.0;0.0;0.0
bn:00010421n;2790;2798;affichage;0.9050131926121372;0.00026847689846302845;0.1396011396011396
bn:00022154n;2803;2809;contenu;0.0;0.0;0.0
bn:03489514n;2830;2842;concaténation;0.9999289621368189;0.0012241920384728178;0.2905982905982906
bn:00074685n;2847;2852;chaîne;0.9573082489146165;0.00230123055825453;0.358974358974359
bn:00053450n;2862;2866;signe;0.0;0.0;0.0
bn:00087823v;2874;2881;exécuter;0.0;0.0;0.0
bn:00013447n;2890;2899;navigateur;0.9961696342196774;0.0066272135211471435;0.5156695156695157
bn:00011776n;2912;2915;body;0.0;0.0;0.0
bn:01431715n;2921;2926;script;0.9316040621558791;0.003973145004659861;0.4017094017094017
bn:00016413n;2928;2931;type;0.74000660720185;0.002337758027433173;0.3646723646723647
bn:14981519n;2939;2942;text;1.0;0.0009017066677242238;0.27350427350427353
bn:00055423n;2946;2955;javascript;1.0;0.004950515715682704;0.452991452991453
bn:00011776n;3068;3071;body;0.0;0.0;0.0
bn:01753580n;3094;3096;Php;1.0;0.004957299388530166;0.42735042735042733
bn:02234787n;3100;3108;insertion;0.9943181818181818;0.00024351646119095553;0.14245014245014245
bn:01753580n;3113;3115;Php;1.0;0.004957299388530166;0.42735042735042733
bn:00947370n;3125;3130;balise;0.0;0.0;0.0
bn:00029423n;3140;3145;boucle;0.0;0.0;0.0
bn:03237322n;3140;3149;boucle for;1.0;0.0008977930103122264;0.26495726495726496
bn:00099753a;3151;3159;classique;0.0;0.0;0.0
bn:00010421n;3163;3171;affichage;0.9050131926121372;0.00026847689846302845;0.1396011396011396
bn:00022154n;3176;3182;contenu;0.0;0.0;0.0
bn:00029621n;3188;3191;echo;0.0;0.0;0.0
bn:03489514n;3195;3207;concaténation;0.9999289621368189;0.0012241920384728178;0.2905982905982906
bn:00074685n;3212;3217;chaîne;0.9573082489146165;0.00230123055825453;0.358974358974359
bn:00053450n;3227;3231;signe;0.0;0.0;0.0
bn:00087823v;3237;3244;exécuter;0.0;0.0;0.0
bn:00080344n;3253;3259;serveur;0.0;0.0;0.0
bn:00114281r;3261;3264;puis;0.0;0.0;0.0
bn:00093485v;3266;3272;envoyer;0.0;0.0;0.0
bn:00013447n;3277;3286;navigateur;0.9961696342196774;0.0066272135211471435;0.5156695156695157
bn:00011776n;3299;3302;body;0.0;0.0;0.0
bn:00029621n;3346;3349;echo;0.0;0.0;0.0
bn:00011776n;3412;3415;body;0.0;0.0;0.0
bn:00027022n;3430;3439;différence;0.0;0.0;0.0
bn:00055423n;3447;3456;Javascript;1.0;0.004950515715682704;0.452991452991453
bn:01753580n;3461;3463;Php;1.0;0.004957299388530166;0.42735042735042733
bn:00055423n;3467;3476;Javascript;1.0;0.004950515715682704;0.452991452991453
bn:00013447n;3483;3492;navigateur;0.9961696342196774;0.0066272135211471435;0.5156695156695157
bn:00082817v;3494;3501;demander;0.0;0.0;0.0
bn:00021475n;3506;3512;fichier;0.8586523911854838;0.005872834312443447;0.5213675213675214
bn:00021475n;3524;3530;fichier;0.8586523911854838;0.005872834312443447;0.5213675213675214
bn:00083225v;3539;3546;contenir;0.0;0.0;0.0
bn:00055423n;3551;3560;javascript;1.0;0.004950515715682704;0.452991452991453
bn:00083187v;3564;3567;être;0.0;0.0;0.0
bn:00093485v;3569;3575;envoyer;0.0;0.0;0.0
bn:00013447n;3582;3591;navigateur;0.9961696342196774;0.0066272135211471435;0.5156695156695157
bn:00087823v;3593;3600;exécuter;0.0;0.0;0.0
bn:00010421n;3621;3629;affichage;0.9050131926121372;0.00026847689846302845;0.1396011396011396
bn:00083187v;3631;3634;être;0.0;0.0;0.0
bn:00087107v;3636;3640;faire;0.0;0.0;0.0
bn:00089363v;3636;3643;faire de;1.0;3.478806588442222e-07;0.005698005698005698
bn:00053238n;3645;3651;manière;0.0;0.0;0.0
bn:00101917a;3653;3661;dynamique;0.0;0.0;0.0
bn:01753580n;3667;3669;Php;1.0;0.004957299388530166;0.42735042735042733
bn:00013447n;3676;3685;navigateur;0.9961696342196774;0.0066272135211471435;0.5156695156695157
bn:00082817v;3687;3694;demander;0.0;0.0;0.0
bn:00021475n;3699;3705;fichier;0.8586523911854838;0.005872834312443447;0.5213675213675214
bn:00080344n;3716;3722;serveur;0.0;0.0;0.0
bn:00087823v;3724;3731;exécuter;0.0;0.0;0.0
bn:01753580n;3741;3743;php;1.0;0.004957299388530166;0.42735042735042733
bn:00093485v;3748;3754;envoyer;0.0;0.0;0.0
bn:00021961n;3759;3766;résultat;0.0;0.0;0.0
bn:00093485v;3778;3784;envoyer;0.0;0.0;0.0
bn:00013447n;3789;3798;navigateur;0.9961696342196774;0.0066272135211471435;0.5156695156695157
bn:00083187v;3800;3803;être;0.0;0.0;0.0
bn:00087013v;3805;3812;afficher;0.8130081300813008;3.478806588442222e-05;0.05698005698005698
bn:16739384n;3816;3820;coder;1.0;1.0436419765326665e-06;0.008547008547008548
bn:01753580n;3822;3824;Php;1.0;0.004957299388530166;0.42735042735042733
bn:00101268a;3828;3832;autre;0.0;0.0;0.0
bn:00096872a;3844;3847;seul;0.0;0.0;0.0
bn:00021395n;3852;3857;partie;0.0;0.0;0.0
bn:00116774r;3859;3866;purement;0.0;0.0;0.0
bn:00101917a;3868;3876;dynamique;0.0;0.0;0.0
bn:00083187v;3878;3881;être;0.0;0.0;0.0
bn:00087107v;3883;3887;faire;0.0;0.0;0.0
bn:01753580n;3892;3894;Php;1.0;0.004957299388530166;0.42735042735042733
bn:00085719v;3904;3908;reste;0.0;0.0;0.0
bn:00083187v;3910;3913;être;0.0;0.0;0.0
bn:00008786n;3926;3929;base;0.0;0.0;0.0
bn:00115917r;3937;3945;forcément;0.0;0.0;0.0
bn:00116789r;3947;3950;très;0.0;0.0;0.0
bn:00105857a;3952;3958;lisible;0.0;0.0;0.0
bn:00011776n;3973;3976;body;0.0;0.0;0.0
bn:00029621n;4034;4037;echo;0.0;0.0;0.0
bn:00029621n;4057;4060;echo;0.0;0.0;0.0
bn:00011776n;4105;4108;body;0.0;0.0;0.0
bn:02806034n;8233;8243;affectation;0.9978794304756134;0.001338040803339009;0.3319672131147541
bn:00021394n;8251;8257;élément;0.0;0.0;0.0
bn:00011012n;8261;8267;tableau;0.0;0.0;0.0
bn:00046423n;8271;8276;indice;0.0;0.0;0.0
bn:00029680n;8282;8287;valeur;0.0;0.0;0.0
bn:00019621n;8295;8306;récupération;0.0;0.0;0.0
bn:00021394n;8314;8320;élément;0.0;0.0;0.0
bn:00079582n;8324;8331;variable;0.0;0.0;0.0
bn:00011012n;8337;8343;tableau;0.0;0.0;0.0
bn:00046423n;8347;8352;indice;0.0;0.0;0.0
bn:03468087n;8362;8369;parcours;0.8109965635738832;0.00035150312947460706;0.18032786885245902
bn:00011012n;8409;8415;tableau;0.0;0.0;0.0
bn:00029621n;8429;8432;echo;0.0;0.0;0.0
bn:00011012n;8452;8458;tableau;0.0;0.0;0.0
bn:03468087n;8493;8500;parcours;0.8109965635738832;0.00035150312947460706;0.18032786885245902
bn:03463379n;8510;8516;foreach;1.0;0.00045549172864120887;0.23770491803278687
bn:00011012n;8522;8528;tableau;0.0;0.0;0.0
bn:00089240v;8530;8534;avoir;0.0;0.0;0.0
bn:00029680n;8538;8543;valeur;0.0;0.0;0.0
bn:00029621n;8547;8550;echo;0.0;0.0;0.0
bn:00029680n;8554;8559;valeur;0.0;0.0;0.0
bn:00011012n;8582;8588;tableau;0.0;0.0;0.0
bn:03848413n;8582;8599;tableau associatif;0.8793755912961211;0.0020136958942782576;0.36065573770491804
bn:00097619a;8590;8599;associatif;1.0;1.3540182183151273e-07;0.004098360655737705
bn:00006539n;8603;8613;association;0.0;0.0;0.0
bn:00048985n;8615;8617;clé;0.0;0.0;0.0
bn:00035811n;8622;8626;index;0.0;0.0;0.0
bn:00029680n;8630;8635;valeur;0.0;0.0;0.0
bn:00023652n;8641;8648;création;0.0;0.0;0.0
bn:00011012n;8653;8659;tableau;0.0;0.0;0.0
bn:00011012n;8663;8669;tableau;0.0;0.0;0.0
bn:02806034n;8741;8751;affectation;0.9978794304756134;0.001338040803339009;0.3319672131147541
bn:00021394n;8759;8765;élément;0.0;0.0;0.0
bn:00011012n;8769;8775;tableau;0.0;0.0;0.0
bn:04756252n;8783;8785;cle;1.0;0.00046794869624970805;0.22131147540983606
bn:00029680n;8795;8800;valeur;0.0;0.0;0.0
bn:00019621n;8808;8819;récupération;0.0;0.0;0.0
bn:00021394n;8827;8833;élément;0.0;0.0;0.0
bn:00079582n;8837;8844;variable;0.0;0.0;0.0
bn:00011012n;8850;8856;tableau;0.0;0.0;0.0
bn:04756252n;8864;8866;cle;1.0;0.00046794869624970805;0.22131147540983606
bn:03468087n;8880;8887;parcours;0.8109965635738832;0.00035150312947460706;0.18032786885245902
bn:03463379n;8897;8903;foreach;1.0;0.00045549172864120887;0.23770491803278687
bn:00011012n;8909;8915;tableau;0.0;0.0;0.0
bn:00089240v;8917;8921;avoir;0.0;0.0;0.0
bn:04756252n;8925;8927;cle;1.0;0.00046794869624970805;0.22131147540983606
bn:00029680n;8935;8940;valeur;0.0;0.0;0.0
bn:00029621n;8944;8947;echo;0.0;0.0;0.0
bn:04756252n;8951;8953;cle;1.0;0.00046794869624970805;0.22131147540983606
bn:00029680n;8969;8974;valeur;0.0;0.0;0.0
bn:03468087n;8997;9004;parcours;0.8109965635738832;0.00035150312947460706;0.18032786885245902
bn:00011012n;9024;9030;tableau;0.0;0.0;0.0
bn:04720346n;9044;9047;list;1.0;0.00040959051104032604;0.22540983606557377
bn:04756252n;9053;9055;cle;1.0;0.00046794869624970805;0.22131147540983606
bn:00029680n;9061;9066;valeur;0.0;0.0;0.0
bn:00011012n;9081;9087;tableau;0.0;0.0;0.0
bn:00029621n;9093;9096;echo;0.0;0.0;0.0
bn:04756252n;9100;9102;cle;1.0;0.00046794869624970805;0.22131147540983606
bn:00029680n;9118;9123;valeur;0.0;0.0;0.0
bn:00011012n;9142;9148;tableau;0.0;0.0;0.0
bn:01641329n;9177;9183;méthode;0.8901458767490324;0.0024291086836573388;0.3770491803278688
bn:00023652n;9188;9195;création;0.0;0.0;0.0
bn:00011012n;9223;9229;tableau;0.0;0.0;0.0
bn:00023652n;9237;9244;création;0.0;0.0;0.0
bn:00011012n;9252;9258;tableau;0.0;0.0;0.0
bn:00027152n;9267;9275;dimension;0.0;0.0;0.0
bn:00011012n;9371;9377;tableau;0.0;0.0;0.0
bn:02806034n;9413;9423;affectation;0.9978794304756134;0.001338040803339009;0.3319672131147541
bn:00021394n;9431;9437;élément;0.0;0.0;0.0
bn:00011012n;9441;9447;tableau;0.0;0.0;0.0
bn:00046423n;9451;9456;indice;0.0;0.0;0.0
bn:00046423n;9462;9467;indice;0.0;0.0;0.0
bn:00113501a;9475;9482;variable;0.0;0.0;0.0
bn:00019621n;9490;9501;récupération;0.0;0.0;0.0
bn:00021394n;9509;9515;élément;0.0;0.0;0.0
bn:00079582n;9519;9526;variable;0.0;0.0;0.0
bn:00011012n;9532;9538;tableau;0.0;0.0;0.0
bn:00046423n;9542;9547;indice;0.0;0.0;0.0
bn:00046423n;9553;9558;indice;0.0;0.0;0.0
bn:03468087n;9568;9575;parcours;0.8109965635738832;0.00035150312947460706;0.18032786885245902
bn:00011012n;9607;9613;tableau;0.0;0.0;0.0
bn:00011012n;9657;9663;tableau;0.0;0.0;0.0
bn:00029621n;9685;9688;echo;0.0;0.0;0.0
bn:00011012n;9724;9730;tableau;0.0;0.0;0.0
bn:00036821n;9769;9776;fonction;0.0;0.0;0.0
bn:00011012n;9785;9791;tableau;0.0;0.0;0.0
bn:00080339n;9795;9800;taille;0.0;0.0;0.0
bn:00011012n;9808;9814;tableau;0.0;0.0;0.0
bn:00085859v;9822;9828;compter;0.0;0.0;0.0
bn:00058285n;9833;9838;nombre;0.8808989581690944;0.009834369721444603;0.6188524590163934
bn:04746651n;9843;9852;occurrence;0.0;0.0;0.0
bn:00029680n;9857;9862;valeur;0.0;0.0;0.0
bn:00011012n;9870;9876;tableau;0.0;0.0;0.0
bn:00036821n;9911;9918;fonction;0.0;0.0;0.0
bn:00198350n;9928;9930;tab;1.0;1.2186163964836148e-06;0.012295081967213115
bn:00259585n;9936;9943;filtrage;1.0;0.0007516155129867273;0.25
bn:00036821n;9952;9959;fonction;0.0;0.0;0.0
bn:00087533v;9963;9971;supprimer;0.9228711547035221;0.0002802817711912314;0.18442622950819673
bn:00021394n;9976;9982;élément;0.0;0.0;0.0
bn:00085746v;9987;9994;vérifier;0.7810810810810811;3.913112650930718e-05;0.06967213114754098
bn:00023853n;10003;10009;critère;0.7189542483660131;0.0004766144128469249;0.22540983606557377
bn:03141550n;10019;10022;sort;0.0;0.0;0.0
bn:00198350n;10028;10030;tab;1.0;1.2186163964836148e-06;0.012295081967213115
bn:00029680n;10049;10054;valeur;0.0;0.0;0.0
bn:00198350n;10066;10068;tab;1.0;1.2186163964836148e-06;0.012295081967213115
bn:00019683n;10087;10090;clef;0.0;0.0;0.0
bn:00036821n;10107;10114;fonction;0.0;0.0;0.0
bn:00084595v;10118;10126;appliquer;0.0;0.0;0.0
bn:00036821n;10131;10138;fonction;0.0;0.0;0.0
bn:00021394n;10150;10156;élément;0.0;0.0;0.0
bn:00198350n;10198;10200;tab;1.0;1.2186163964836148e-06;0.012295081967213115
bn:00198350n;10252;10254;tab;1.0;1.2186163964836148e-06;0.012295081967213115
bn:00036821n;10262;10269;fonction;0.0;0.0;0.0
bn:00019683n;10292;10295;clef;0.0;0.0;0.0
bn:00029680n;10300;10305;valeur;0.0;0.0;0.0
bn:00198350n;10335;10337;tab;1.0;1.2186163964836148e-06;0.012295081967213115
bn:00036821n;10343;10350;fonction;0.0;0.0;0.0
bn:00036821n;10352;10359;fonction;0.0;0.0;0.0
bn:00005600n;10377;10384;argument;0.0;0.0;0.0
bn:00029680n;10388;10393;valeur;0.0;0.0;0.0
bn:03828774n;10388;10403;valeur de retour;1.0;0.0013431860725686064;0.32786885245901637
bn:00046318n;10398;10403;retour;0.0;0.0;0.0
bn:00063741n;10421;10428;possible;0.7042682926829268;6.25556416861589e-05;0.0860655737704918
bn:00025928n;10442;10451;définition;1.0;0.0031288652988825964;0.44672131147540983
bn:00036821n;10459;10466;fonction;0.0;0.0;0.0
bn:00047734n;10507;10508;if;1.0;0.0019619723983386197;0.36885245901639346
bn:00005019n;10575;10579;appel;0.0;0.0;0.0
bn:00036821n;10587;10594;fonction;0.0;0.0;0.0
bn:00003935n;10587;10597;fonction et;0.995575221238938;3.0465409912090366e-05;0.06147540983606557
bn:00021961n;10613;10620;résultat;0.0;0.0;0.0
bn:00029621n;10622;10625;echo;0.0;0.0;0.0
bn:00036821n;10647;10654;fonction;0.0;0.0;0.0
bn:00029680n;10658;10663;valeur;0.0;0.0;0.0
bn:03854990n;10658;10674;valeur par défaut;0.9557796741660202;0.0010008902669785423;0.27049180327868855
bn:00011197n;10669;10674;défaut;0.0;0.0;0.0
bn:00108829a;10676;10683;possible;0.7640449438202247;2.7621971653628598e-05;0.04918032786885246
bn:00005600n;10693;10700;argument;0.0;0.0;0.0
bn:00005600n;10718;10725;argument;0.0;0.0;0.0
bn:00084451v;10727;10733;pouvoir;0.8235294117647058;5.686876516923535e-06;0.02459016393442623
bn:00089240v;10735;10739;avoir;0.0;0.0;0.0
bn:00029680n;10744;10749;valeur;0.0;0.0;0.0
bn:03854990n;10744;10760;valeur par défaut;0.9557796741660202;0.0010008902669785423;0.27049180327868855
bn:00011197n;10755;10760;défaut;0.0;0.0;0.0
bn:00068246n;10771;10776;racine;0.0;0.0;0.0
bn:00068246n;10788;10793;racine;0.0;0.0;0.0
bn:00005019n;10803;10807;appel;0.0;0.0;0.0
bn:00068246n;10811;10816;racine;0.0;0.0;0.0
bn:00089240v;10822;10826;avoir;0.0;0.0;0.0
bn:00068246n;10839;10844;racine;0.0;0.0;0.0
bn:00089240v;10850;10854;avoir;0.0;0.0;0.0
bn:00029680n;10858;10863;valeur;0.0;0.0;0.0
bn:03854990n;10858;10874;valeur par défaut;0.9557796741660202;0.0010008902669785423;0.27049180327868855
bn:00011197n;10869;10874;défaut;0.0;0.0;0.0
bn:00114234r;10876;10885;uniquement;0.0;0.0;0.0
bn:00105773a;10895;10901;dernier;0.0;0.0;0.0
bn:00005600n;10903;10910;argument;0.0;0.0;0.0
bn:00068246n;10914;10919;racine;0.0;0.0;0.0
bn:00005380n;10933;10937;degre;0.8576495244236659;0.0007203376921436478;0.28688524590163933
bn:00104687a;10941;10950;impossible;0.8823529411764706;8.124109309890765e-06;0.020491803278688523
bn:00005600n;10967;10974;argument;0.0;0.0;0.0
bn:00005380n;10984;10988;degre;0.8576495244236659;0.0007203376921436478;0.28688524590163933
bn:13601354v;10990;10995;valoir;0.0;0.0;0.0
bn:00011197n;11001;11006;défaut;0.0;0.0;0.0
bn:00068246n;11017;11022;racine;0.0;0.0;0.0
bn:00005380n;11034;11038;degre;0.8576495244236659;0.0007203376921436478;0.28688524590163933
bn:00063925n;11053;11055;pow;0.0;0.0;0.0
bn:00005380n;11069;11073;degre;0.8576495244236659;0.0007203376921436478;0.28688524590163933
bn:00068246n;11081;11086;racine;0.0;0.0;0.0
bn:00089884v;11100;11108;retourner;0.0;0.0;0.0
bn:00068246n;11113;11118;racine;0.0;0.0;0.0
bn:00024262n;11113;11126;racine cubique;0.0;0.0;0.0
bn:00100752a;11120;11126;cubique;1.0;2.708036436630255e-06;0.01639344262295082
bn:00068246n;11131;11136;racine;0.0;0.0;0.0
bn:00089884v;11148;11156;retourner;0.0;0.0;0.0
bn:00068246n;11161;11166;racine;0.0;0.0;0.0
bn:00036821n;11178;11185;fonction;0.0;0.0;0.0
bn:00058285n;11189;11194;nombre;0.8761135756506183;0.009813924046348043;0.6188524590163934
bn:00005600n;11200;11207;argument;0.0;0.0;0.0
bn:00112923a;11209;11215;inconnu;0.0;0.0;0.0
bn:00058285n;11241;11246;nombre;0.8761135756506183;0.009813924046348043;0.6188524590163934
bn:00005600n;11252;11259;argument;0.0;0.0;0.0
bn:00005600n;11286;11293;argument;0.0;0.0;0.0
bn:00088939v;11313;11318;partir;0.0;0.0;0.0
bn:00036821n;11327;11334;fonction;0.0;0.0;0.0
bn:00084373v;11336;11343;calculer;0.0;0.0;0.0
bn:00054416n;11348;11354;produit;0.0;0.0;0.0
bn:00005600n;11367;11374;argument;0.0;0.0;0.0
bn:00086013v;11385;11392;produire;0.0;0.0;0.0
bn:00029621n;11511;11514;echo;0.0;0.0;0.0
bn:00086013v;11516;11523;produire;0.0;0.0;0.0
bn:00036821n;11541;11548;fonction;0.0;0.0;0.0
bn:00060872n;11552;11558;passage;0.0;0.0;0.0
bn:00060585n;11563;11571;paramètre;0.0;0.0;0.0
bn:00029680n;11577;11582;valeur;0.0;0.0;0.0
bn:00082705v;11590;11597;utiliser;0.0;0.0;0.0
bn:00022526n;11602;11606;copie;0.0;0.0;0.0
bn:00060585n;11611;11619;paramètre;0.0;0.0;0.0
bn:00005019n;11624;11628;appel;0.0;0.0;0.0
bn:00060872n;11632;11638;passage;0.0;0.0;0.0
bn:00060585n;11643;11651;paramètre;0.0;0.0;0.0
bn:00063236n;11657;11665;référence;0.0;0.0;0.0
bn:00082705v;11673;11680;utiliser;0.0;0.0;0.0
bn:00115031r;11682;11692;directement;0.0;0.0;0.0
bn:00060585n;11697;11705;paramètre;0.0;0.0;0.0
bn:00005019n;11710;11714;appel;0.0;0.0;0.0
bn:00115635r;11718;11721;donc;0.0;0.0;0.0
bn:00106840a;11723;11732;modifiable;1.0;3.3850455457878187e-06;0.020491803278688523
bn:00060872n;11738;11744;passage;0.0;0.0;0.0
bn:00060585n;11749;11757;paramètre;0.0;0.0;0.0
bn:00028341n;11775;11780;double;0.0;0.0;0.0
bn:00079476n;11786;11788;val;1.0;3.2225633595900034e-05;0.05737704918032787
bn:00079476n;11796;11798;val;1.0;3.2225633595900034e-05;0.05737704918032787
bn:00079476n;11815;11817;val;1.0;3.2225633595900034e-05;0.05737704918032787
bn:00028341n;11837;11842;double;0.0;0.0;0.0
bn:00028341n;11872;11877;double;0.0;0.0;0.0
bn:00079582n;11903;11910;variable;0.0;0.0;0.0
bn:00103624a;11912;11917;global;0.9;1.2186163964836148e-06;0.012295081967213115
bn:00111112a;11922;11929;statique;0.9142857142857143;3.466286638886726e-05;0.06557377049180328
bn:16860016n;11933;11938;Static;1.0;7.799144937495135e-05;0.09836065573770492
bn:00082537v;11940;11948;permettre;0.0;0.0;0.0
bn:00091983v;11953;11961;conserver;0.0;0.0;0.0
bn:00079582n;11966;11973;variable;0.0;0.0;0.0
bn:00036821n;11983;11990;fonction;0.0;0.0;0.0
bn:00054378n;12009;12012;test;0.0;0.0;0.0
bn:00113501a;12037;12044;variable;0.0;0.0;0.0
bn:00103624a;12046;12051;global;0.9;1.2186163964836148e-06;0.012295081967213115
bn:00113501a;12072;12079;variable;0.0;0.0;0.0
bn:00111112a;12081;12088;statique;0.9142857142857143;3.466286638886726e-05;0.06557377049180328
bn:00029621n;12103;12106;echo;0.0;0.0;0.0
bn:00054378n;12135;12138;test;0.0;0.0;0.0
bn:15173511n;12150;12156;affiche;0.8172114743162108;0.0001658672317436031;0.10245901639344263
bn:00054378n;12158;12161;test;0.0;0.0;0.0
bn:00087013v;12173;12179;affiche;0.0;0.0;0.0
bn:00005019n;12181;12185;appel;0.0;0.0;0.0
bn:00101917a;12187;12195;dynamique;0.0;0.0;0.0
bn:00096782a;12199;12207;similaire;0.0;0.0;0.0
bn:00113501a;12212;12219;variable;0.0;0.0;0.0
bn:00101917a;12221;12229;dynamique;0.0;0.0;0.0
bn:14901109n;12240;12246;bonjour;0.7857142857142857;1.6383620441613043e-05;0.045081967213114756
bn:00029621n;12254;12257;echo;0.0;0.0;0.0
bn:14901109n;12263;12269;bonjour;0.852112676056338;1.6383620441613043e-05;0.045081967213114756
bn:00029621n;12311;12314;echo;0.0;0.0;0.0
bn:00019966n;20554;20562;exécution;0.0;0.0;0.0
bn:00006362n;20570;20576;requête;0.0;0.0;0.0
bn:02266432n;20578;20580;SQL;1.0;0.0063999518636099146;0.3380281690140845
bn:00053116n;20582;20588;gestion;0.0;0.0;0.0
bn:00021961n;20593;20600;résultat;0.0;0.0;0.0
bn:00087905v;20605;20609;aller;0.0;0.0;0.0
bn:00093430v;20611;20614;voir;0.0;0.0;0.0
bn:00036838n;20619;20632;fonctionnement;0.0;0.0;0.0
bn:01753580n;20646;20648;PHP;1.0;0.01346041157981034;0.4788732394366197
bn:00086297v;20650;20654;dater;0.9333333333333333;1.9145155147551026e-05;0.018779342723004695
bn:00104928a;20672;20682;indépendant;0.0;0.0;0.0
bn:00116535r;20686;20698;partiellement;1.0;6.837555409839652e-07;0.004694835680751174
bn:00025335n;20705;20708;SGBD;0.0;0.0;0.0
bn:00082705v;20710;20717;utiliser;0.0;0.0;0.0
bn:01753580n;20730;20732;Php;1.0;0.01346041157981034;0.4788732394366197
bn:00021901n;20736;20744;connexion;0.0;0.0;0.0
bn:00021901n;20748;20756;connexion;0.0;0.0;0.0
bn:00023652n;20760;20767;création;0.0;0.0;0.0
bn:00058442n;20775;20779;objet;0.0;0.0;0.0
bn:00074600n;20795;20801;adresse;0.0;0.0;0.0
bn:00008786n;20809;20812;base;0.0;0.0;0.0
bn:00056758n;20817;20819;nom;0.0;0.0;0.0
bn:00075813n;20827;20831;table;0.0;0.0;0.0
bn:00056758n;20833;20835;nom;0.0;0.0;0.0
bn:00079373n;20840;20850;utilisateur;0.8925895087427144;0.004397915639608865;0.3145539906103286
bn:00091458v;20859;20863;passe;0.0;0.0;0.0
bn:00027504n;20865;20875;déconnexion;0.999713055954089;0.002382204304788135;0.24413145539906103
bn:00026163n;20879;20889;destruction;0.0;0.0;0.0
bn:00058442n;20897;20901;objet;0.0;0.0;0.0
bn:00032579n;20913;20921;ouverture;0.0;0.0;0.0
bn:00021901n;20929;20937;connexion;0.0;0.0;0.0
bn:01225760n;20959;20963;mysql;1.0;0.005872092585970294;0.3568075117370892
bn:01846442n;20967;20970;host;1.0;0.00022153679527880474;0.08450704225352113
bn:00042918n;20991;20994;port;0.0;0.0;0.0
bn:00054378n;21009;21012;test;0.0;0.0;0.0
bn:00168023n;21020;21023;root;1.0;0.0005360643441314288;0.13145539906103287
bn:16858148n;21045;21053;fermeture;0.7687135813536531;0.0011726407527875005;0.1643192488262911
bn:00021901n;21061;21069;connexion;0.0;0.0;0.0
bn:15898583n;21079;21082;null;0.7840543439399357;0.0014994759013778358;0.20187793427230047
bn:00032118n;21096;21104;exception;0.7272727272727273;8.205066491807583e-05;0.028169014084507043
bn:00031485n;21122;21127;erreur;0.0;0.0;0.0
bn:01753580n;21172;21174;Php;1.0;0.01346041157981034;0.4788732394366197
bn:00006362n;21178;21184;requête;0.0;0.0;0.0
bn:00054625n;21198;21204;méthode;0.0;0.0;0.0
bn:00093455v;21220;21228;recherche;0.0;0.0;0.0
bn:00054625n;21235;21241;méthode;0.0;0.0;0.0
bn:15669055n;21243;21246;exec;1.0;0.00019760535134436596;0.07981220657276995
bn:00001410n;21256;21267;modification;0.0;0.0;0.0
bn:00050944n;21273;21282;libération;0.9812206572769953;0.00028580981613129746;0.0892018779342723
bn:00067352n;21287;21295;ressource;0.0;0.0;0.0
bn:01225760n;21339;21343;mysql;1.0;0.005872092585970294;0.3568075117370892
bn:01846442n;21347;21350;host;1.0;0.00022153679527880474;0.08450704225352113
bn:00054378n;21380;21383;test;0.0;0.0;0.0
bn:00168023n;21391;21394;root;1.0;0.0005360643441314288;0.13145539906103287
bn:00054378n;21455;21458;test;0.0;0.0;0.0
bn:15669055n;21491;21494;exec;1.0;0.00019760535134436596;0.07981220657276995
bn:00368253n;21500;21505;UPDATE;1.0;0.0013046055721974057;0.16901408450704225
bn:00054378n;21509;21512;test;0.0;0.0;0.0
bn:01753580n;21595;21597;Php;1.0;0.01346041157981034;0.4788732394366197
bn:00047235n;21601;21610;traitement;0.0;0.0;0.0
bn:00058285n;21614;21619;nombre;0.8427783902976846;0.01045325471056286;0.4272300469483568
bn:00004451n;21624;21630;réponse;0.0;0.0;0.0
bn:00047235n;21651;21660;traitement;0.0;0.0;0.0
bn:00004451n;21665;21671;réponse;0.0;0.0;0.0
bn:00089884v;21687;21695;retourner;0.0;0.0;0.0
bn:00021961n;21700;21707;résultat;0.0;0.0;0.0
bn:00089884v;21736;21744;retourner;0.0;0.0;0.0
bn:00011012n;21749;21755;tableau;0.0;0.0;0.0
bn:00021961n;21770;21777;résultat;0.0;0.0;0.0
bn:00029621n;21865;21868;echo;0.0;0.0;0.0
bn:00012593n;21937;21938;br;1.0;2.735022163935861e-06;0.009389671361502348
bn:00029621n;21959;21962;echo;0.0;0.0;0.0
bn:00021961n;21974;21981;résultat;0.0;0.0;0.0
bn:00012593n;21985;21986;br;1.0;2.735022163935861e-06;0.009389671361502348
bn:01753580n;22009;22011;Php;1.0;0.01346041157981034;0.4788732394366197
bn:00032100n;22018;22024;exemple;0.0;0.0;0.0
bn:00011776n;22037;22040;body;0.7567567567567568;1.9145155147551026e-05;0.018779342723004695
bn:15206318n;22046;22047;ul;0.0;0.0;0.0
bn:01225760n;22085;22089;mysql;1.0;0.005872092585970294;0.3568075117370892
bn:01846442n;22093;22096;host;1.0;0.00022153679527880474;0.08450704225352113
bn:00054378n;22126;22129;test;0.0;0.0;0.0
bn:00168023n;22137;22140;root;1.0;0.0005360643441314288;0.13145539906103287
bn:01500184n;22164;22167;POST;0.997624703087886;0.0005743546544265308;0.13145539906103287
bn:00054378n;22229;22232;test;0.0;0.0;0.0
bn:00047734n;22265;22266;if;1.0;0.002895020960526109;0.27230046948356806
bn:00029621n;22349;22352;echo;0.0;0.0;0.0
bn:00029621n;22462;22465;echo;0.0;0.0;0.0
bn:00021961n;22484;22491;résultat;0.0;0.0;0.0
bn:15898583n;22549;22552;null;0.7840543439399357;0.0014994759013778358;0.20187793427230047
bn:00032118n;22566;22574;exception;0.7272727272727273;8.205066491807583e-05;0.028169014084507043
bn:00031485n;22592;22597;erreur;0.0;0.0;0.0
bn:15206318n;22641;22642;ul;0.0;0.0;0.0
bn:00011776n;22650;22653;body;0.7567567567567568;1.9145155147551026e-05;0.018779342723004695
bn:00068799n;22668;22675;sécurité;0.0;0.0;0.0
bn:00008875n;22754;22757;drop;0.0;0.0;0.0
bn:00075813n;22759;22763;table;0.0;0.0;0.0
bn:00054378n;22767;22770;test;0.0;0.0;0.0
bn:01500184n;22790;22793;POST;0.997624703087886;0.0005743546544265308;0.13145539906103287
bn:00054378n;22855;22858;test;0.0;0.0;0.0
bn:00054378n;22907;22910;test;0.0;0.0;0.0
bn:00054378n;22946;22949;test;0.0;0.0;0.0
bn:00006911n;22969;22970;or;0.7974683544303798;0.00025845959449193886;0.08450704225352113
bn:00054378n;22988;22991;test;0.0;0.0;0.0
bn:00008875n;23013;23016;drop;0.0;0.0;0.0
bn:00075813n;23018;23022;table;0.0;0.0;0.0
bn:00054378n;23026;23029;test;0.0;0.0;0.0
bn:00082400v;23044;23050;avancer;0.7883211678832117;0.00022153679527880474;0.08450704225352113
bn:00064167n;23054;23064;préparation;0.0;0.0;0.0
bn:00006362n;23069;23075;requête;0.0;0.0;0.0
bn:00103518a;23077;23085;générique;0.9411764705882353;0.00014222115252466477;0.06103286384976526
bn:00005600n;23128;23135;argument;0.0;0.0;0.0
bn:00115880r;23139;23142;plus;0.0;0.0;0.0
bn:00083169v;23144;23152;sécuriser;0.0;0.0;0.0
bn:00107791a;23169;23177;précédent;0.0;0.0;0.0
bn:00090224v;23181;23186;mettre;0.0;0.0;0.0
bn:00014484n;23191;23195;cache;0.9968051118210862;0.0049066297621009345;0.323943661971831
bn:00115880r;23199;23202;plus;0.0;0.0;0.0
bn:00108815a;23204;23211;portable;0.0;0.0;0.0
bn:00809244n;23220;23224;clair;0.8915094339622641;0.0003876893917379083;0.09859154929577464
bn:00082705v;23228;23235;utiliser;0.0;0.0;0.0
bn:04726979n;23239;23241;req;1.0;8.205066491807583e-06;0.014084507042253521
bn:00054378n;23299;23302;test;0.0;0.0;0.0
bn:04726979n;23349;23351;req;1.0;8.205066491807583e-06;0.014084507042253521
bn:00020977n;23390;23397;remarque;0.0;0.0;0.0
bn:01755798n;23399;23403;final;1.0;0.0008369167821643735;0.1596244131455399
bn:00086468v;23409;23415;limiter;0.0;0.0;0.0
bn:00048655n;23431;23435;droit;0.8141106222501572;0.010627612373513772;0.4647887323943662
bn:00079373n;23443;23453;utilisateur;0.8925895087427144;0.004397915639608865;0.3145539906103286
bn:00088769v;23467;23477;transmettre;0.0;0.0;0.0
bn:00019764n;23486;23491;client;0.8309066843150231;0.0034338203268214733;0.2535211267605634
bn:00083187v;23496;23499;être;0.0;0.0;0.0
bn:00101187a;23505;23510;fiable;0.0;0.0;0.0
bn:02266432n;23516;23518;SQL;1.0;0.0063999518636099146;0.3380281690140845
bn:03211312n;23520;23528;injection;0.882494004796163;0.0005032440781641984;0.107981220657277
bn:00055423n;23532;23541;Javascript;1.0;0.009813259524201869;0.431924882629108
bn:03211312n;23543;23551;injection;0.882494004796163;0.0005032440781641984;0.107981220657277
bn:00094868v;23555;23560;tenter;0.0;0.0;0.0
bn:00090224v;23569;23574;mettre;0.0;0.0;0.0
bn:00055423n;23576;23585;javascript;1.0;0.009813259524201869;0.431924882629108
bn:00114251r;23631;23638;toujours;0.0;0.0;0.0
bn:00094890v;23640;23645;tester;0.0;0.0;0.0
bn:00009676n;23650;23658;existence;0.9608133869942809;0.0031015151339032665;0.2535211267605634
bn:01651507n;23665;23672;validité;0.0;0.0;0.0
bn:00021475n;23680;23686;fichier;0.9433389032356069;0.016984487638041695;0.539906103286385
bn:00020354n;23690;23693;code;0.8925619834710744;0.0036922799213134124;0.28169014084507044
bn:00089662v;23697;23703;inclure;0.0;0.0;0.0
bn:00084662v;23707;23714;regarder;0.0;0.0;0.0
bn:00116424r;23716;23728;régulièrement;0.968;8.273442045905979e-05;0.051643192488262914
bn:01225760n;23740;23744;MYSQL;1.0;0.005872092585970294;0.3568075117370892
bn:00016413n;23754;23757;type;0.8767338393090814;0.00687174318688885;0.352112676056338
bn:00016413n;23754;23767;type de donnée;1.0;0.00687174318688885;0.352112676056338
bn:00035278n;23781;23785;FLOAT;1.0;0.0016683635200008752;0.18779342723004694
bn:14981519n;23787;23790;TEXT;1.0;0.000393843191606764;0.11267605633802817
bn:03603649n;23803;23811;TIMESTAMP;1.0;0.0007897376498364799;0.15492957746478872
bn:02324948n;23817;23820;ENUM;1.0;5.5384198819701185e-05;0.04225352112676056
bn:00070697n;23862;23869;Ensemble;0.0;0.0;0.0
bn:00088052v;23871;23875;fixer;0.0;0.0;0.0
bn:00029680n;23880;23885;valeur;0.0;0.0;0.0
bn:00025336n;23931;23934;date;0.0;0.0;0.0
bn:00000127n;23939;23943;heure;0.0;0.0;0.0
bn:00069568n;23947;23953;horaire;0.7203023758099352;0.00045606494583630484;0.107981220657277
bn:00079165n;23955;23958;Unix;1.0;0.019442588807879052;0.568075117370892
bn:03870834n;23997;24001;autre;1.0;1.7093888524599132e-05;0.023474178403755867
bn:00059127n;24011;24019;opération;0.0;0.0;0.0
bn:00023652n;24023;24030;création;0.0;0.0;0.0
bn:00008786n;24035;24038;base;0.0;0.0;0.0
bn:00025333n;24035;24048;base de donnée;1.0;0.0226685474502414;0.6056338028169014
bn:00025314n;24043;24048;donnée;0.8554913294797688;0.017911660151615955;0.5539906103286385
bn:00024147n;24061;24071;suppression;0.0;0.0;0.0
bn:00008786n;24076;24079;base;0.0;0.0;0.0
bn:00025333n;24076;24089;base de donnée;1.0;0.0226685474502414;0.6056338028169014
bn:00025314n;24084;24089;donnée;0.8554913294797688;0.017911660151615955;0.5539906103286385
bn:00025333n;24105;24112;DATABASE;1.0;0.0226685474502414;0.6056338028169014
bn:00025333n;24121;24128;DATABASE;1.0;0.0226685474502414;0.6056338028169014
bn:00082954v;24158;24163;éviter;0.0;0.0;0.0
bn:00031485n;24168;24173;erreur;0.0;0.0;0.0
bn:00008786n;24181;24184;base;0.0;0.0;0.0
bn:00083184v;24189;24195;exister;1.0;8.205066491807583e-06;0.014084507042253521
bn:00030627n;24203;24213;utilisation;0.0;0.0;0.0
bn:00008786n;24222;24225;base;0.0;0.0;0.0
bn:00025333n;24222;24235;base de donnée;1.0;0.0226685474502414;0.6056338028169014
bn:00025314n;24230;24235;donnée;0.8554913294797688;0.017911660151615955;0.5539906103286385
bn:00095687v;24239;24242;user;0.0;0.0;0.0
bn:00008786n;24256;24259;base;0.0;0.0;0.0
bn:00086464v;24261;24269;spécifier;0.0;0.0;0.0
bn:00083187v;24271;24274;être;0.0;0.0;0.0
bn:00082705v;24276;24283;utiliser;0.0;0.0;0.0
bn:00011197n;24289;24294;défaut;0.0;0.0;0.0
bn:00059127n;24306;24314;opération;0.0;0.0;0.0
bn:00075813n;24325;24329;table;0.0;0.0;0.0
bn:00082537v;24333;24341;permettre;0.0;0.0;0.0
bn:00086008v;24346;24350;créer;0.0;0.0;0.0
bn:00107267a;24355;24361;nouveau;0.0;0.0;0.0
bn:00075813n;24363;24367;table;0.0;0.0;0.0
bn:00008786n;24377;24380;base;0.0;0.0;0.0
bn:00025333n;24377;24390;base de donnée;1.0;0.0226685474502414;0.6056338028169014
bn:00025314n;24385;24390;donnée;0.8554913294797688;0.017911660151615955;0.5539906103286385
bn:00103325a;24392;24398;courant;0.0;0.0;0.0
bn:00022154n;24468;24474;contenu;0.0;0.0;0.0
bn:00083187v;24476;24479;être;0.0;0.0;0.0
bn:13719294v;24481;24491;incrémenter;0.0;0.0;0.0
bn:00114450r;24493;24507;automatiquement;0.0;0.0;0.0
bn:02234787n;24522;24530;insertion;1.0;5.5384198819701185e-05;0.04225352112676056
bn:00048985n;24548;24550;clé;0.0;0.0;0.0
bn:00035811n;24556;24560;index;0.0;0.0;0.0
bn:00109012a;24562;24569;primaire;0.0;0.0;0.0
bn:00110682a;24571;24576;unique;0.0;0.0;0.0
bn:00054378n;24594;24597;test;0.0;0.0;0.0
bn:00124400n;24619;24621;NOT;1.0;8.205066491807583e-06;0.014084507042253521
bn:15898583n;24623;24626;NULL;0.7840543439399357;0.0014994759013778358;0.20187793427230047
bn:03738940n;24643;24649;PRIMARY;1.0;6.837555409839652e-07;0.004694835680751174
bn:00124400n;24674;24676;NOT;1.0;1.5165784776281926e-06;0.004901960784313725
bn:15898583n;24678;24681;NULL;0.7951070336391437;0.0007886208083666601;0.09803921568627451
bn:00059127n;24693;24701;opération;0.0;0.0;0.0
bn:00024147n;24705;24715;suppression;0.0;0.0;0.0
bn:00075813n;24724;24728;table;0.0;0.0;0.0
bn:00075813n;24739;24743;table;0.0;0.0;0.0
bn:00090884v;24775;24782;modifier;0.0;0.0;0.0
bn:00022071n;24787;24795;structure;0.0;0.0;0.0
bn:00075813n;24804;24808;table;0.0;0.0;0.0
bn:00102613a;24810;24817;existant;0.9411764705882353;2.4265255642051082e-05;0.0196078431372549
bn:03856057n;24821;24825;ALTER;1.0;1.5165784776281926e-06;0.004901960784313725
bn:00059127n;24883;24891;opération;0.0;0.0;0.0
bn:00087681v;24895;24901;insérer;0.0;0.0;0.0
bn:00107267a;24906;24912;nouveau;0.0;0.0;0.0
bn:00017991n;24914;24927;enregistrement;0.0;0.0;0.0
bn:03795444n;24929;24934;insert;0.9992429977289932;0.002001883590469214;0.14705882352941177
bn:03407659n;24936;24939;INTO;1.0;4.549735432884578e-05;0.024509803921568627
bn:13601354v;24970;24975;valoir;0.0;0.0;0.0
bn:00054378n;24987;24990;test;0.0;0.0;0.0
bn:00087802v;25000;25008;remplacer;0.9263157894736842;0.0002669178120625619;0.05392156862745098
bn:00017991n;25013;25026;enregistrement;0.0;0.0;0.0
bn:03407659n;25037;25040;INTO;1.0;4.549735432884578e-05;0.024509803921568627
bn:13601354v;25071;25076;valoir;0.0;0.0;0.0
bn:00054378n;25088;25091;test;0.0;0.0;0.0
bn:00059127n;25107;25115;opération;0.0;0.0;0.0
bn:00001410n;25119;25130;modification;0.0;0.0;0.0
bn:00029680n;25135;25140;valeur;0.0;0.0;0.0
bn:00368253n;25142;25147;UPDATE;1.0;0.002001883590469214;0.14705882352941177
bn:00024147n;25220;25230;suppression;0.0;0.0;0.0
bn:00017991n;25236;25249;enregistrement;0.0;0.0;0.0
bn:00941697n;25251;25256;DELETE;1.0;0.002001883590469214;0.14705882352941177
bn:00059127n;25303;25311;opération;0.0;0.0;0.0
bn:00057001n;25315;25323;sélection;0.0;0.0;0.0
bn:00017991n;25329;25342;enregistrement;0.0;0.0;0.0
bn:00101602a;25353;25360;distinct;0.0;0.0;0.0
bn:04021608n;25364;25366;ALL;1.0;1.5165784776281926e-06;0.004901960784313725
bn:00075813n;25399;25403;table;0.0;0.0;0.0
bn:02240223n;25486;25490;ORDER;1.0;9.706102256820433e-05;0.0392156862745098
bn:14916395n;25497;25499;ASC;0.0;0.0;0.0
bn:00032100n;25514;25520;exemple;0.0;0.0;0.0
bn:00179783n;25581;25583;AVG;1.0;0.0001835059957930113;0.05392156862745098
bn:00032100n;25632;25638;exemple;0.0;0.0;0.0
bn:00100162a;25644;25650;complet;0.0;0.0;0.0
bn:00110649a;25656;25661;simple;0.0;0.0;0.0
bn:15839327n;25667;25673;DOCTYPE;1.0;0.001637904755838448;0.14705882352941177
bn:00109211a;25680;25685;public;0.819935691318328;0.0003867275117951891;0.07352941176470588
bn:02673666n;25697;25699;W3C;1.0;0.008039382509907048;0.27941176470588236
bn:15232677n;25705;25707;DTD;1.0;0.0015150618991505644;0.1323529411764706
bn:01163644n;25709;25713;XHTML;1.0;0.004953145307933677;0.22549019607843138
bn:00102489a;25715;25720;strict;0.0;0.0;0.0
bn:15232677n;25778;25780;DTD;1.0;0.0015150618991505644;0.1323529411764706
bn:02338897n;25815;25818;head;0.7658227848101266;0.0001835059957930113;0.05392156862745098
bn:00047172n;25832;25835;site;0.966222604211431;0.01704937524549614;0.37745098039215685
bn:00068915n;25840;25844;vente;0.0;0.0;0.0
bn:00029344n;25840;25853;vente en ligne;1.0;0.0051381678822043165;0.21568627450980393
bn:00014457n;25849;25853;ligne;0.0;0.0;0.0
bn:02338897n;25871;25874;head;0.7658227848101266;0.0001835059957930113;0.05392156862745098
bn:00011776n;25880;25883;body;0.8759124087591241;0.0005459682519461494;0.07352941176470588
bn:01199383n;25889;25891;div;1.0;1.5165784776281926e-06;0.004901960784313725
bn:01199383n;25920;25922;div;1.0;1.5165784776281926e-06;0.004901960784313725
bn:00043309n;25933;25938;header;1.0;0.001055538620429222;0.11764705882352941
bn:15206318n;25948;25949;ul;0.0;0.0;0.0
bn:00089240v;25984;25988;avoir;0.0;0.0;0.0
bn:00045513n;25990;25993;href;1.0;0.005071438429188676;0.21568627450980393
bn:00035811n;26021;26025;index;0.0;0.0;0.0
bn:00089240v;26031;26035;avoir;0.0;0.0;0.0
bn:00089240v;26057;26061;avoir;0.0;0.0;0.0
bn:00045513n;26063;26066;href;1.0;0.005071438429188676;0.21568627450980393
bn:00093455v;26094;26103;rechercher;0.0;0.0;0.0
bn:00089240v;26109;26113;avoir;0.0;0.0;0.0
bn:00089240v;26135;26139;avoir;0.0;0.0;0.0
bn:00045513n;26141;26144;href;1.0;0.005071438429188676;0.21568627450980393
bn:02047722n;26172;26180;commander;1.0;2.4265255642051082e-05;0.0196078431372549
bn:00089240v;26186;26190;avoir;0.0;0.0;0.0
bn:15206318n;26207;26208;ul;0.0;0.0;0.0
bn:01199383n;26216;26218;div;1.0;1.5165784776281926e-06;0.004901960784313725
bn:00043309n;26231;26236;header;1.0;0.001055538620429222;0.11764705882352941
bn:01199383n;26245;26247;div;1.0;1.5165784776281926e-06;0.004901960784313725
bn:00042759n;26258;26261;main;0.0;0.0;0.0
bn:00027675n;26275;26283;affichage;0.0;0.0;0.0
bn:15731443n;26288;26296;catalogue;0.0;0.0;0.0
bn:00085321v;26298;26302;venir;0.7318087318087318;0.0005338356241251238;0.0784313725490196
bn:00008786n;26310;26313;base;0.0;0.0;0.0
bn:00025333n;26310;26323;base de donnée;1.0;0.03295980005429351;0.5049019607843137
bn:00025314n;26318;26323;donnée;0.8475019618100967;0.019654857070061375;0.39705882352941174
bn:01199383n;26334;26336;div;1.0;1.5165784776281926e-06;0.004901960784313725
bn:00042759n;26349;26352;main;0.0;0.0;0.0
bn:01199383n;26361;26363;div;1.0;1.5165784776281926e-06;0.004901960784313725
bn:03261868n;26393;26401;copyright;0.0;0.0;0.0
bn:14086525n;26405;26408;copy;1.0;1.3649206298653734e-05;0.014705882352941176
bn:00067807n;26425;26429;droit;0.0;0.0;0.0
bn:00083774v;26431;26438;réserver;0.0;0.0;0.0
bn:01199383n;26452;26454;div;1.0;1.5165784776281926e-06;0.004901960784313725
bn:01199383n;26483;26485;div;1.0;1.5165784776281926e-06;0.004901960784313725
bn:00011776n;26517;26520;body;0.8759124087591241;0.0005459682519461494;0.07352941176470588
bn:01753580n;26553;26555;php;1.0;0.016465492531609286;0.37745098039215685
bn:00168023n;26590;26593;root;1.0;0.0004913714267515344;0.08823529411764706
bn:01846442n;26621;26624;host;0.8711340206185567;0.00025630176271916453;0.06372549019607843
bn:00054378n;26665;26668;test;0.0;0.0;0.0
bn:15725790n;26676;26678;try;0.8;6.0663139105127706e-06;0.00980392156862745
bn:01225760n;26702;26706;mysql;1.0;0.006387828547769947;0.2647058823529412
bn:01846442n;26710;26713;host;0.8711340206185567;0.00025630176271916453;0.06372549019607843
bn:01846442n;26723;26726;host;0.8711340206185567;0.00025630176271916453;0.06372549019607843
bn:00037180n;26776;26780;catch;0.9690048939641109;0.0036033904628445857;0.17647058823529413
bn:00032118n;26784;26792;exception;0.0;0.0;0.0
bn:00031485n;26810;26815;erreur;0.0;0.0;0.0
bn:00021485n;26853;26856;menu;0.8391608391608392;0.0010919365038922987;0.11764705882352941
bn:00035811n;26898;26902;index;0.0;0.0;0.0
bn:00093455v;26940;26949;rechercher;0.0;0.0;0.0
bn:02047722n;26987;26995;commander;1.0;2.4265255642051082e-05;0.0196078431372549
bn:01753580n;27026;27028;php;1.0;0.016465492531609286;0.37745098039215685
bn:15839327n;27075;27081;DOCTYPE;1.0;0.001637904755838448;0.14705882352941177
bn:00109211a;27088;27093;public;0.819935691318328;0.0003867275117951891;0.07352941176470588
bn:02673666n;27105;27107;W3C;1.0;0.008039382509907048;0.27941176470588236
bn:15232677n;27113;27115;DTD;1.0;0.0015150618991505644;0.1323529411764706
bn:01163644n;27117;27121;XHTML;1.0;0.004953145307933677;0.22549019607843138
bn:00102489a;27123;27128;strict;0.0;0.0;0.0
bn:15232677n;27186;27188;DTD;1.0;0.0015150618991505644;0.1323529411764706
bn:02338897n;27223;27226;head;0.7658227848101266;0.0001835059957930113;0.05392156862745098
bn:00047172n;27240;27243;site;0.966222604211431;0.01704937524549614;0.37745098039215685
bn:00068915n;27248;27252;vente;0.0;0.0;0.0
bn:00029344n;27248;27261;vente en ligne;1.0;0.0051381678822043165;0.21568627450980393
bn:00014457n;27257;27261;ligne;0.0;0.0;0.0
bn:02338897n;27279;27282;head;0.7658227848101266;0.0001835059957930113;0.05392156862745098
bn:00011776n;27288;27291;body;0.8759124087591241;0.0005459682519461494;0.07352941176470588
bn:01199383n;27297;27299;div;1.0;1.5165784776281926e-06;0.004901960784313725
bn:01199383n;27328;27330;div;1.0;1.5165784776281926e-06;0.004901960784313725
bn:00043309n;27341;27346;header;1.0;0.001055538620429222;0.11764705882352941
bn:15206318n;27356;27357;ul;0.0;0.0;0.0
bn:03463379n;27391;27397;foreach;1.0;0.0007673887096798655;0.10784313725490197
bn:00021485n;27403;27406;menu;0.8391608391608392;0.0010919365038922987;0.11764705882352941
bn:00089240v;27408;27412;avoir;0.0;0.0;0.0
bn:00029621n;27444;27447;echo;0.0;0.0;0.0
bn:00089240v;27462;27466;avoir;0.0;0.0;0.0
bn:00045513n;27468;27471;href;1.0;0.005071438429188676;0.21568627450980393
bn:00089240v;27516;27520;avoir;0.0;0.0;0.0
bn:15206318n;27550;27551;ul;0.0;0.0;0.0
bn:01199383n;27559;27561;div;1.0;1.5165784776281926e-06;0.004901960784313725
bn:00043309n;27574;27579;header;1.0;0.001055538620429222;0.11764705882352941
bn:01199383n;27588;27590;div;1.0;1.5165784776281926e-06;0.004901960784313725
bn:00042759n;27601;27604;main;0.0;0.0;0.0
bn:01199383n;27630;27632;div;1.0;1.5165784776281926e-06;0.004901960784313725
bn:00042759n;27645;27648;main;0.0;0.0;0.0
bn:01199383n;27657;27659;div;1.0;1.5165784776281926e-06;0.004901960784313725
bn:00008141n;27712;27715;club;0.0;0.0;0.0
bn:00067807n;27724;27728;droit;0.0;0.0;0.0
bn:00083774v;27730;27737;réserver;0.0;0.0;0.0
bn:01199383n;27751;27753;div;1.0;1.5165784776281926e-06;0.004901960784313725
bn:01199383n;27782;27784;div;1.0;1.5165784776281926e-06;0.004901960784313725
bn:00011776n;27816;27819;body;0.8759124087591241;0.0005459682519461494;0.07352941176470588
bn:00101268a;27842;27846;autre;0.0;0.0;0.0
bn:00060158n;27848;27851;page;0.0;0.0;0.0
bn:00023652n;27853;27860;création;0.0;0.0;0.0
bn:00116285r;27865;27870;autant;0.0;0.0;0.0
bn:00060158n;27875;27878;page;0.0;0.0;0.0
bn:00107182a;27884;27893;nécessaire;0.9727891156462585;0.00021687072230083153;0.05392156862745098
bn:00001410n;27905;27916;modification;0.0;0.0;0.0
bn:00035680n;27941;27944;pied;0.0;0.0;0.0
bn:00060158n;27949;27952;page;0.0;0.0;0.0
bn:00021475n;27961;27967;fichier;0.9093870299082025;0.023287062523980898;0.4068627450980392
bn:00001410n;27997;28008;modification;0.0;0.0;0.0
bn:03885719n;28013;28024;identifiants;0.0;0.0;0.0
bn:00021901n;28029;28037;connexion;0.0;0.0;0.0
bn:00021475n;28046;28052;fichier;0.9093870299082025;0.023287062523980898;0.4068627450980392
bn:00085719v;28071;28076;rester;0.0;0.0;0.0
bn:00090884v;28080;28087;modifier;0.0;0.0;0.0
bn:00021475n;28092;28098;fichier;0.9093870299082025;0.023287062523980898;0.4068627450980392
bn:00043309n;28100;28105;header;1.0;0.001055538620429222;0.11764705882352941
bn:00087107v;28119;28123;faire;0.0;0.0;0.0
bn:00056944n;28128;28130;css;1.0;6.824603149326867e-05;0.024509803921568627
bn:01753580n;28140;28142;php;1.0;0.016465492531609286;0.37745098039215685
bn:00027675n;28186;28194;affichage;0.0;0.0;0.0
bn:15731443n;28199;28207;catalogue;0.0;0.0;0.0
bn:00085321v;28209;28213;venir;0.7318087318087318;0.0005338356241251238;0.0784313725490196
bn:00008786n;28221;28224;base;0.0;0.0;0.0
bn:00025333n;28221;28234;base de donnée;1.0;0.03295980005429351;0.5049019607843137
bn:00025314n;28229;28234;donnée;0.8475019618100967;0.019654857070061375;0.39705882352941174
bn:00054378n;28296;28299;test;0.0;0.0;0.0
bn:00039869n;28309;28310;if;0.0;0.0;0.0
bn:00029621n;28393;28396;echo;0.0;0.0;0.0
bn:00029621n;28413;28416;echo;0.0;0.0;0.0
bn:00021961n;28435;28442;résultat;0.0;0.0;0.0
bn:01753580n;28469;28471;php;1.0;0.016465492531609286;0.37745098039215685
bn:00087905v;28514;28518;aller;0.0;0.0;0.0
bn:00115880r;28520;28523;plus;0.0;0.0;0.0
bn:00115329r;28520;28528;plus loin;0.0;0.0;0.0
bn:00102778a;28525;28528;loin;0.0;0.0;0.0
bn:00116086r;28543;28549;ensuite;0.0;0.0;0.0
bn:00082281v;28551;28559;apprendre;0.0;0.0;0.0
bn:00036821n;28573;28580;fonction;0.0;0.0;0.0
bn:03294262n;28573;28588;fonction de base;1.0;1.3649206298653734e-05;0.014705882352941176
bn:00008786n;28585;28588;base;0.0;0.0;0.0
bn:00111488a;28590;28603;supplémentaire;0.7777777777777778;8.492839474717879e-05;0.03431372549019608
bn:00116326r;28612;28617;jamais;0.0;0.0;0.0
bn:00087107v;28619;28623;faire;0.0;0.0;0.0
bn:00083371v;28619;28633;faire confiance;0.7272727272727273;4.8530511284102165e-05;0.0196078431372549
bn:00006565n;28625;28633;confiance;0.0;0.0;0.0
bn:00019763n;28638;28643;client;0.0;0.0;0.0
bn:00053116n;28650;28656;gestion;0.0;0.0;0.0
bn:00058442n;28661;28665;objet;0.0;0.0;0.0
bn:01753580n;28670;28672;Php;1.0;0.016465492531609286;0.37745098039215685
bn:00054625n;28679;28685;méthode;0.0;0.0;0.0
bn:00021493n;28690;28702;programmation;0.8013129551748898;0.01184751106723144;0.3088235294117647
bn:00085715v;28704;28710;avancer;0.0;0.0;0.0
bn:00053116n;28720;28726;gestion;0.0;0.0;0.0
bn:02473997n;28737;28744;template;0.0;0.0;0.0
